,BHD
2010-01-04,3097.08
2010-01-05,3066.76
2010-01-06,3035.36
2010-01-07,3019.02
2010-01-08,3005.92
2010-01-11,3005.04
2010-01-12,2970.21
2010-01-13,2982.04
2010-01-14,2987.8
2010-01-15,2976.39
2010-01-18,2979.31
2010-01-19,2989.05
2010-01-20,2982.23
2010-01-21,3003.53
2010-01-22,3019.89
2010-01-25,3050.66
2010-01-26,3048.01
2010-01-27,3053.66
2010-01-28,3075.33
2010-01-29,3067.72
2010-02-01,3071.27
2010-02-02,3097.53
2010-02-03,3077.11
2010-02-04,3056.15
2010-02-05,3059.15
2010-02-08,3106.1
2010-02-09,3110.26
2010-02-10,3094.35
2010-02-11,3071.19
2010-02-12,3069.23
2010-02-16,3063.23
2010-02-17,3058.09
2010-02-18,3031.11
2010-02-19,3043.93
2010-02-22,3071.09
2010-02-23,3048.54
2010-02-24,3046.5
2010-02-25,3066.66
2010-02-26,3072.76
2010-03-02,3077.54
2010-03-03,3057.56
2010-03-04,3041.46
2010-03-05,3033.95
2010-03-08,3028.91
2010-03-09,3007.08
2010-03-10,3009.36
2010-03-11,3004.59
2010-03-12,3000.08
2010-03-15,3000.27
2010-03-16,3007.69
2010-03-17,3006.92
2010-03-18,2995.78
2010-03-19,3000.88
2010-03-22,3005.04
2010-03-23,3014.35
2010-03-24,3008.59
2010-03-25,3011.7
2010-03-26,3027.14
2010-03-29,3028.3
2010-03-30,3020.0
2010-03-31,2999.31
2010-04-01,3003.74
2010-04-02,2992.6
2010-04-05,2982.23
2010-04-06,2984.19
2010-04-07,2979.12
2010-04-08,2975.52
2010-04-09,2979.15
2010-04-12,2967.64
2010-04-13,2952.25
2010-04-14,2971.01
2010-04-15,2959.34
2010-04-16,2940.77
2010-04-19,2952.79
2010-04-20,2962.94
2010-04-21,2960.07
2010-04-22,2944.64
2010-04-23,2945.62
2010-04-26,2944.3
2010-04-27,2928.38
2010-04-28,2935.81
2010-04-29,2967.9
2010-04-30,2958.89
2010-05-03,2940.32
2010-05-04,2959.68
2010-05-06,2956.42
2010-05-07,3016.18
2010-05-10,3073.47
2010-05-11,3007.43
2010-05-12,2997.53
2010-05-13,3018.83
2010-05-14,3000.08
2010-05-17,3005.57
2010-05-18,3050.05
2010-05-19,3050.85
2010-05-20,3090.45
2010-05-24,3126.26
2010-05-25,3214.85
2010-05-26,3329.27
2010-05-27,3323.34
2010-05-28,3273.74
2010-05-31,3183.64
2010-06-01,3187.27
2010-06-03,3206.72
2010-06-04,3195.58
2010-06-07,3186.03
2010-06-08,3275.42
2010-06-09,3271.88
2010-06-10,3294.96
2010-06-11,3345.98
2010-06-14,3291.51
2010-06-15,3249.34
2010-06-16,3246.33
2010-06-17,3212.2
2010-06-18,3225.2
2010-06-21,3198.67
2010-06-22,3121.14
2010-06-23,3136.79
2010-06-24,3151.72
2010-06-25,3143.77
2010-06-28,3195.58
2010-06-29,3183.83
2010-06-30,3210.09
2010-07-01,3262.78
2010-07-02,3265.78
2010-07-05,3239.26
2010-07-06,3245.62
2010-07-07,3258.89
2010-07-08,3240.85
2010-07-09,3212.73
2010-07-12,3179.84
2010-07-13,3176.31
2010-07-14,3195.14
2010-07-15,3180.9
2010-07-16,3195.49
2010-07-19,3185.77
2010-07-20,3225.2
2010-07-21,3214.15
2010-07-22,3192.57
2010-07-23,3201.33
2010-07-26,3175.68
2010-07-27,3168.09
2010-07-28,3139.52
2010-07-29,3147.21
2010-07-30,3149.07
2010-08-02,3143.24
2010-08-03,3112.47
2010-08-04,3100.0
2010-08-05,3102.12
2010-08-06,3098.67
2010-08-09,3092.04
2010-08-10,3074.54
2010-08-11,3096.02
2010-08-12,3122.81
2010-08-13,3166.05
2010-08-16,3147.66
2010-08-17,3164.99
2010-08-18,3126.94
2010-08-19,3113.79
2010-08-20,3112.2
2010-08-23,3129.71
2010-08-24,3134.75
2010-08-25,3153.85
2010-08-26,3170.82
2010-08-27,3168.17
2010-08-30,3170.46
2010-08-31,3154.11
2010-09-01,3174.54
2010-09-02,3158.09
2010-09-03,3132.46
2010-09-06,3124.06
2010-09-07,3106.22
2010-09-08,3120.26
2010-09-09,3119.73
2010-09-10,3101.47
2010-09-13,3093.9
2010-09-14,3081.05
2010-09-15,3080.64
2010-09-16,3078.88
2010-09-17,3085.33
2010-09-20,3085.06
2010-09-24,3082.33
2010-09-27,3067.29
2010-09-28,3047.05
2010-09-29,3046.42
2010-09-30,3029.18
2010-10-01,3027.24
2010-10-04,3009.02
2010-10-05,2982.09
2010-10-06,2999.05
2010-10-07,2971.09
2010-10-08,2963.85
2010-10-11,2970.18
2010-10-12,2958.54
2010-10-13,2989.31
2010-10-14,2969.34
2010-10-15,2951.57
2010-10-18,2956.76
2010-10-19,2963.24
2010-10-20,2980.13
2010-10-21,3000.8
2010-10-22,2987.19
2010-10-25,2996.1
2010-10-26,2963.32
2010-10-27,2964.64
2010-10-28,2986.74
2010-10-29,2988.33
2010-11-01,2981.96
2010-11-02,2964.0
2010-11-03,2957.69
2010-11-04,2945.17
2010-11-05,2936.34
2010-11-08,2934.11
2010-11-09,2952.21
2010-11-10,2959.45
2010-11-11,2955.7
2010-11-12,2937.59
2010-11-15,2969.57
2010-11-16,2995.23
2010-11-17,2995.23
2010-11-18,3019.89
2010-11-19,3020.95
2010-11-22,3001.86
2010-11-23,2987.83
2010-11-24,3008.17
2010-11-25,3047.48
2010-11-26,3036.35
2010-11-29,3044.11
2010-11-30,3069.52
2010-12-01,3062.01
2010-12-02,3061.21
2010-12-03,3048.38
2010-12-06,3033.08
2010-12-07,3006.66
2010-12-08,3008.41
2010-12-09,3025.73
2010-12-10,3019.63
2010-12-13,3028.12
2010-12-14,3033.16
2010-12-15,3027.59
2010-12-16,3053.5
2010-12-17,3067.56
2010-12-20,3052.44
2010-12-21,3089.84
2010-12-22,3058.99
2010-12-23,3064.91
2010-12-24,3054.21
2010-12-27,3055.7
2010-12-28,3051.67
2010-12-29,3043.69
2010-12-30,3039.81
2010-12-31,3020.79
2011-01-03,3020.71
2011-01-04,2990.56
2011-01-05,2976.84
2011-01-06,2984.08
2011-01-07,2978.97
2011-01-10,2976.39
2011-01-11,2972.49
2011-01-12,2987.11
2011-01-13,2970.9
2011-01-14,2950.21
2011-01-17,2956.76
2011-01-18,2956.84
2011-01-19,2962.41
2011-01-20,2951.01
2011-01-21,2966.13
2011-01-24,2976.05
2011-01-25,2971.54
2011-01-26,2964.53
2011-01-27,2966.13
2011-01-28,2955.31
2011-01-31,2955.7
2011-02-01,2977.91
2011-02-07,2962.07
2011-02-08,2936.34
2011-02-09,2929.44
2011-02-10,2930.5
2011-02-11,2951.99
2011-02-14,2972.68
2011-02-15,2981.01
2011-02-16,2977.45
2011-02-17,2972.68
2011-02-18,2960.11
2011-02-21,2952.1
2011-02-22,2961.27
2011-02-23,2986.31
2011-02-24,2985.81
2011-02-25,2988.89
2011-02-28,2991.54
2011-03-02,2993.85
2011-03-03,2992.71
2011-03-04,2977.32
2011-03-07,2960.51
2011-03-08,2964.86
2011-03-09,2963.53
2011-03-10,2958.01
2011-03-11,2966.34
2011-03-14,2982.76
2011-03-15,2996.74
2011-03-16,3000.72
2011-03-17,3004.69
2011-03-18,3016.87
2011-03-21,2992.68
2011-03-22,2986.31
2011-03-23,2975.17
2011-03-24,2980.48
2011-03-25,2978.09
2011-03-28,2956.23
2011-03-29,2955.28
2011-03-30,2956.34
2011-03-31,2936.87
2011-04-01,2917.65
2011-04-04,2903.22
2011-04-05,2882.79
2011-04-06,2890.53
2011-04-07,2879.39
2011-04-08,2886.02
2011-04-11,2879.05
2011-04-12,2876.47
2011-04-13,2895.83
2011-04-14,2897.95
2011-04-15,2889.43
2011-04-18,2885.75
2011-04-19,2890.75
2011-04-20,2898.44
2011-04-21,2874.69
2011-04-22,2864.76
2011-04-25,2869.88
2011-04-26,2868.47
2011-04-27,2879.31
2011-04-28,2864.53
2011-04-29,2844.37
2011-05-02,2846.95
2011-05-03,2829.78
2011-05-04,2838.5
2011-05-06,2850.4
2011-05-09,2877.98
2011-05-11,2864.76
2011-05-12,2851.5
2011-05-13,2871.96
2011-05-16,2888.33
2011-05-17,2899.06
2011-05-18,2895.11
2011-05-19,2882.72
2011-05-20,2877.42
2011-05-23,2871.81
2011-05-24,2895.91
2011-05-25,2904.06
2011-05-26,2908.03
2011-05-27,2892.96
2011-05-30,2870.71
2011-05-31,2866.24
2011-06-01,2856.65
2011-06-02,2855.32
2011-06-03,2865.93
2011-06-07,2858.17
2011-06-08,2866.31
2011-06-09,2868.78
2011-06-10,2873.02
2011-06-13,2867.98
2011-06-14,2880.37
2011-06-15,2874.01
2011-06-16,2871.43
2011-06-17,2888.33
2011-06-20,2883.9
2011-06-21,2873.29
2011-06-22,2869.31
2011-06-23,2851.38
2011-06-24,2855.97
2011-06-27,2859.15
2011-06-28,2882.49
2011-06-29,2869.5
2011-06-30,2859.68
2011-07-01,2838.46
2011-07-04,2828.57
2011-07-05,2821.75
2011-07-06,2826.6
2011-07-07,2824.74
2011-07-08,2823.15
2011-07-11,2807.43
2011-07-12,2810.88
2011-07-13,2828.12
2011-07-14,2820.01
2011-07-15,2802.84
2011-07-18,2804.51
2011-07-19,2814.78
2011-07-20,2810.95
2011-07-21,2799.28
2011-07-22,2799.28
2011-07-25,2788.4
2011-07-26,2796.93
2011-07-27,2793.13
2011-07-28,2785.97
2011-07-29,2792.04
2011-08-01,2793.37
2011-08-02,2783.82
2011-08-03,2788.59
2011-08-04,2808.26
2011-08-05,2807.99
2011-08-08,2836.91
2011-08-09,2847.78
2011-08-10,2897.39
2011-08-11,2866.09
2011-08-12,2880.15
2011-08-16,2861.43
2011-08-17,2838.35
2011-08-18,2845.51
2011-08-19,2844.3
2011-08-22,2872.49
2011-08-23,2873.82
2011-08-24,2867.37
2011-08-25,2861.99
2011-08-26,2878.78
2011-08-29,2876.66
2011-08-30,2854.04
2011-08-31,2842.63
2011-09-01,2839.18
2011-09-02,2819.55
2011-09-05,2818.83
2011-09-06,2833.69
2011-09-07,2842.9
2011-09-08,2842.63
2011-09-09,2845.55
2011-09-14,2853.88
2011-09-15,2918.83
2011-09-16,2939.26
2011-09-19,2936.07
2011-09-20,2976.84
2011-09-21,3051.99
2011-09-22,3042.89
2011-09-23,3123.26
2011-09-26,3145.81
2011-09-28,3129.09
2011-09-29,3110.53
2011-09-30,3128.56
2011-10-04,3124.85
2011-10-05,3181.61
2011-10-06,3162.78
2011-10-07,3147.4
2011-10-10,3129.63
2011-10-11,3111.32
2011-10-12,3087.98
2011-10-13,3109.73
2011-10-14,3071.54
2011-10-17,3077.64
2011-10-18,3038.91
2011-10-19,3042.62
2011-10-20,3017.69
2011-10-21,3022.47
2011-10-24,3048.99
2011-10-25,3017.61
2011-10-26,2991.62
2011-10-27,2998.25
2011-10-28,2982.6
2011-10-31,2929.55
2011-11-01,2931.41
2011-11-02,2954.49
2011-11-03,2987.27
2011-11-04,3000.93
2011-11-07,2951.19
2011-11-08,2957.17
2011-11-09,2960.93
2011-11-10,2959.34
2011-11-11,3008.67
2011-11-14,2990.19
2011-11-15,2972.18
2011-11-16,2987.27
2011-11-17,3009.28
2011-11-18,3017.51
2011-11-21,3014.32
2011-11-22,3022.57
2011-11-23,3041.3
2011-11-24,3048.84
2011-11-25,3069.15
2011-11-28,3076.66
2011-11-29,3063.96
2011-11-30,3051.11
2011-12-01,3025.38
2011-12-02,2989.84
2011-12-05,2991.17
2011-12-06,2998.14
2011-12-07,3000.29
2011-12-08,2988.7
2011-12-09,2999.73
2011-12-12,3029.97
2011-12-13,3037.05
2011-12-14,3064.72
2011-12-15,3072.94
2011-12-16,3080.55
2011-12-19,3067.64
2011-12-20,3102.12
2011-12-21,3095.67
2011-12-22,3052.7
2011-12-23,3066.76
2011-12-26,3048.81
2011-12-27,3050.4
2011-12-28,3067.21
2011-12-29,3069.86
2011-12-30,3058.99
2012-01-02,3058.99
2012-01-03,3064.91
2012-01-04,3052.7
2012-01-05,3043.42
2012-01-06,3051.11
2012-01-09,3072.68
2012-01-10,3088.17
2012-01-11,3066.6
2012-01-12,3075.17
2012-01-13,3073.58
2012-01-16,3051.75
2012-01-17,3060.93
2012-01-18,3042.28
2012-01-19,3032.02
2012-01-20,3014.32
2012-01-25,3009.65
2012-01-26,2987.45
2012-01-27,2974.91
2012-01-30,2980.66
2012-01-31,2983.93
2012-02-01,2986.13
2012-02-02,2987.64
2012-02-03,2966.69
2012-02-06,2968.3
2012-02-07,2970.56
2012-02-08,2974.88
2012-02-09,2962.15
2012-02-10,2965.7
2012-02-13,2974.01
2012-02-14,2979.15
2012-02-15,2980.37
2012-02-16,2979.05
2012-02-17,2991.35
2012-02-20,2982.41
2012-02-21,2977.98
2012-02-22,2982.23
2012-02-23,2987.37
2012-02-24,2992.84
2012-02-27,2983.29
2012-02-28,2993.1
2012-02-29,2988.06
2012-03-02,2971.09
2012-03-05,2956.23
2012-03-06,2966.58
2012-03-07,2971.62
2012-03-08,2987.8
2012-03-09,2970.29
2012-03-12,2960.48
2012-03-13,2976.31
2012-03-14,2974.8
2012-03-15,2980.82
2012-03-16,2994.96
2012-03-19,2982.26
2012-03-20,2978.7
2012-03-21,2978.97
2012-03-22,2990.37
2012-03-23,2997.98
2012-03-26,3007.43
2012-03-27,3018.75
2012-03-28,3015.3
2012-03-29,3016.37
2012-03-30,3017.96
2012-04-02,3008.41
2012-04-03,2992.23
2012-04-04,2979.76
2012-04-05,2991.43
2012-04-06,2995.94
2012-04-09,2999.12
2012-04-10,3017.43
2012-04-12,3018.22
2012-04-13,3029.89
2012-04-16,3008.14
2012-04-17,3017.69
2012-04-18,3020.79
2012-04-19,3014.77
2012-04-20,3025.12
2012-04-23,3024.32
2012-04-24,3020.95
2012-04-25,3027.06
2012-04-26,3022.28
2012-04-27,3018.04
2012-04-30,3008.41
2012-05-02,3001.51
2012-05-03,2989.05
2012-05-04,2997.27
2012-05-07,3001.25
2012-05-08,3020.87
2012-05-09,3012.55
2012-05-10,3023.95
2012-05-11,3030.42
2012-05-14,3037.59
2012-05-15,3046.87
2012-05-16,3061.19
2012-05-17,3081.88
2012-05-18,3085.33
2012-05-21,3111.75
2012-05-22,3094.61
2012-05-23,3087.35
2012-05-24,3108.04
2012-05-25,3122.46
2012-05-29,3131.12
2012-05-30,3126.18
2012-05-31,3124.06
2012-06-01,3134.13
2012-06-04,3130.69
2012-06-05,3134.83
2012-06-07,3134.83
2012-06-08,3105.22
2012-06-11,3111.32
2012-06-12,3095.41
2012-06-13,3104.69
2012-06-14,3097.53
2012-06-15,3094.88
2012-06-18,3087.45
2012-06-19,3072.6
2012-06-20,3072.07
2012-06-21,3057.48
2012-06-22,3050.58
2012-06-25,3069.41
2012-06-26,3078.96
2012-06-27,3076.58
2012-06-28,3069.15
2012-06-29,3060.4
2012-07-02,3055.36
2012-07-03,3033.61
2012-07-04,3028.04
2012-07-05,3011.33
2012-07-06,3014.51
2012-07-09,3019.55
2012-07-10,3030.16
2012-07-11,3032.02
2012-07-12,3034.67
2012-07-13,3039.18
2012-07-16,3054.11
2012-07-17,3044.03
2012-07-18,3033.08
2012-07-19,3024.32
2012-07-20,3020.08
2012-07-23,3025.73
2012-07-24,3042.09
2012-07-25,3045.28
2012-07-26,3052.7
2012-07-27,3042.89
2012-07-30,3023.53
2012-07-31,3013.71
2012-08-01,3005.76
2012-08-02,2990.9
2012-08-03,2998.33
2012-08-06,3012.12
2012-08-07,2987.98
2012-08-08,2990.11
2012-08-09,2991.96
2012-08-10,2987.19
2012-08-13,2992.23
2012-08-14,3000.45
2012-08-16,2995.41
2012-08-17,3005.49
2012-08-20,3006.02
2012-08-21,3011.86
2012-08-22,3003.9
2012-08-23,3006.55
2012-08-24,2999.39
2012-08-27,3007.08
2012-08-28,3012.12
2012-08-29,3016.37
2012-08-30,3007.88
2012-08-31,3009.47
2012-09-03,3008.94
2012-09-04,3002.04
2012-09-05,3002.04
2012-09-06,3010.61
2012-09-07,3009.55
2012-09-10,2998.67
2012-09-11,2993.63
2012-09-12,2995.41
2012-09-13,2987.27
2012-09-14,2991.51
2012-09-17,2971.8
2012-09-18,2957.56
2012-09-19,2964.64
2012-09-20,2963.05
2012-09-21,2965.97
2012-09-24,2969.15
2012-09-25,2970.29
2012-09-26,2967.03
2012-09-27,2972.68
2012-09-28,2967.11
2012-10-02,2951.99
2012-10-04,2951.38
2012-10-05,2953.05
2012-10-08,2945.89
2012-10-09,2947.75
2012-10-10,2945.89
2012-10-11,2955.7
2012-10-12,2958.62
2012-10-15,2947.21
2012-10-16,2949.87
2012-10-17,2936.45
2012-10-18,2930.88
2012-10-19,2930.5
2012-10-22,2931.75
2012-10-23,2931.3
2012-10-24,2923.87
2012-10-25,2927.59
2012-10-26,2921.49
2012-10-29,2908.49
2012-10-30,2906.74
2012-10-31,2902.12
2012-11-01,2892.84
2012-11-02,2893.48
2012-11-05,2894.43
2012-11-06,2895.76
2012-11-07,2895.23
2012-11-08,2883.55
2012-11-09,2886.47
2012-11-12,2890.49
2012-11-13,2887.0
2012-11-14,2892.04
2012-11-15,2883.86
2012-11-16,2882.49
2012-11-19,2889.39
2012-11-20,2883.02
2012-11-21,2872.68
2012-11-22,2873.21
2012-11-23,2875.6
2012-11-26,2881.43
2012-11-27,2877.72
2012-11-28,2875.6
2012-11-29,2879.05
2012-11-30,2877.19
2012-12-03,2873.21
2012-12-04,2873.85
2012-12-05,2874.38
2012-12-06,2871.2
2012-12-07,2871.73
2012-12-10,2871.47
2012-12-11,2862.98
2012-12-12,2857.41
2012-12-13,2853.16
2012-12-14,2844.07
2012-12-17,2848.39
2012-12-18,2845.74
2012-12-20,2842.82
2012-12-21,2846.76
2012-12-24,2852.29
2012-12-26,2850.7
2012-12-27,2848.12
2012-12-28,2844.68
2012-12-31,2840.89
2013-01-02,2840.89
2013-01-03,2823.99
2013-01-04,2821.6
2013-01-07,2822.4
2013-01-08,2820.54
2013-01-09,2820.01
2013-01-10,2817.09
2013-01-11,2814.17
2013-01-14,2802.24
2013-01-15,2801.18
2013-01-16,2799.32
2013-01-17,2808.6
2013-01-18,2806.75
2013-01-21,2801.18
2013-01-22,2811.52
2013-01-23,2823.19
2013-01-24,2825.84
2013-01-25,2833.8
2013-01-29,2871.2
2013-01-30,2885.87
2013-01-31,2871.81
2013-02-01,2888.18
2013-02-04,2898.86
2013-02-05,2888.44
2013-02-06,2882.61
2013-02-07,2887.91
2013-02-08,2889.24
2013-02-12,2901.17
2013-02-13,2902.23
2013-02-14,2881.54
2013-02-15,2877.04
2013-02-18,2861.92
2013-02-19,2871.47
2013-02-20,2868.28
2013-02-21,2858.81
2013-02-22,2875.6
2013-02-25,2881.7
2013-02-26,2884.43
2013-02-27,2885.94
2013-02-28,2879.05
2013-03-04,2869.76
2013-03-05,2894.96
2013-03-06,2883.29
2013-03-07,2874.27
2013-03-08,2881.7
2013-03-11,2892.04
2013-03-12,2913.26
2013-03-13,2904.51
2013-03-14,2911.14
2013-03-15,2931.03
2013-03-18,2944.03
2013-03-19,2957.03
2013-03-20,2944.91
2013-03-21,2964.27
2013-03-22,2960.74
2013-03-25,2963.47
2013-03-26,2951.01
2013-03-27,2938.73
2013-03-28,2942.18
2013-03-29,2949.87
2013-04-01,2950.93
2013-04-02,2958.89
2013-04-03,2951.72
2013-04-04,2972.41
2013-04-05,2980.82
2013-04-08,2989.66
2013-04-09,3019.36
2013-04-10,3020.87
2013-04-11,3019.36
2013-04-12,2994.62
2013-04-15,3000.27
2013-04-16,2983.29
2013-04-17,2969.76
2013-04-18,2958.36
2013-04-19,2976.13
2013-04-22,2966.84
2013-04-23,2975.33
2013-04-24,2971.35
2013-04-25,2968.7
2013-04-26,2954.64
2013-04-29,2942.1
2013-04-30,2939.26
2013-05-02,2923.61
2013-05-03,2916.98
2013-05-06,2917.51
2013-05-07,2901.86
2013-05-08,2901.78
2013-05-09,2885.15
2013-05-10,2883.29
2013-05-13,2924.67
2013-05-14,2956.5
2013-05-15,2942.71
2013-05-16,2953.85
2013-05-20,2955.7
2013-05-21,2965.78
2013-05-22,2951.99
2013-05-23,2950.66
2013-05-24,2980.64
2013-05-27,2992.04
2013-05-28,2984.35
2013-05-29,2985.41
2013-05-30,3000.0
2013-05-31,2992.84
2013-06-03,2988.33
2013-06-04,2992.31
2013-06-05,2975.6
2013-06-07,2968.7
2013-06-10,2948.01
2013-06-11,2980.37
2013-06-12,3007.16
2013-06-13,3000.53
2013-06-14,3010.08
2013-06-17,2992.49
2013-06-18,2991.88
2013-06-19,2997.08
2013-06-20,3005.31
2013-06-21,3036.07
2013-06-24,3065.25
2013-06-25,3069.23
2013-06-26,3074.54
2013-06-27,3059.42
2013-06-28,3049.6
2013-07-01,3037.85
2013-07-02,3015.57
2013-07-03,3004.96
2013-07-04,3025.46
2013-07-05,3024.4
2013-07-08,3028.3
2013-07-09,3054.11
2013-07-10,3036.34
2013-07-11,3020.45
2013-07-12,2983.82
2013-07-15,2976.69
2013-07-16,2977.56
2013-07-17,2967.93
2013-07-18,2965.78
2013-07-19,2976.69
2013-07-22,2980.11
2013-07-23,2966.61
2013-07-24,2961.3
2013-07-25,2955.09
2013-07-26,2963.58
2013-07-29,2948.81
2013-07-30,2942.55
2013-07-31,2953.69
2013-08-01,2969.76
2013-08-02,2974.3
2013-08-05,2984.91
2013-08-06,2961.01
2013-08-07,2955.2
2013-08-08,2963.66
2013-08-09,2953.85
2013-08-12,2949.07
2013-08-13,2952.25
2013-08-14,2961.54
2013-08-16,2969.5
2013-08-19,2957.56
2013-08-20,2954.03
2013-08-21,2975.78
2013-08-22,2965.78
2013-08-23,2982.23
2013-08-26,2966.05
2013-08-27,2952.25
2013-08-28,2959.45
2013-08-29,2962.86
2013-08-30,2946.45
2013-09-02,2943.0
2013-09-03,2928.41
2013-09-04,2906.74
2013-09-05,2917.09
2013-09-06,2901.17
2013-09-09,2905.42
2013-09-10,2886.32
2013-09-11,2877.72
2013-09-12,2883.55
2013-09-13,2873.06
2013-09-16,2878.55
2013-09-17,2870.56
2013-09-23,2878.51
2013-09-24,2853.85
2013-09-25,2851.04
2013-09-26,2856.08
2013-09-27,2849.87
2013-09-30,2852.9
2013-10-01,2851.91
2013-10-02,2850.06
2013-10-04,2850.4
2013-10-07,2842.44
2013-10-08,2839.52
2013-10-10,2847.75
2013-10-11,2853.32
2013-10-14,2839.52
2013-10-15,2844.3
2013-10-16,2832.63
2013-10-17,2830.5
2013-10-18,2823.34
2013-10-21,2815.31
2013-10-22,2816.98
2013-10-23,2816.18
2013-10-24,2802.39
2013-10-25,2804.24
2013-10-28,2817.77
2013-10-29,2815.38
2013-10-30,2813.98
2013-10-31,2815.38
2013-11-01,2811.41
2013-11-04,2818.57
2013-11-05,2817.24
2013-11-06,2816.98
2013-11-07,2816.98
2013-11-08,2813.53
2013-11-11,2820.95
2013-11-12,2834.22
2013-11-13,2840.58
2013-11-14,2845.89
2013-11-15,2831.03
2013-11-18,2829.44
2013-11-19,2813.53
2013-11-20,2800.53
2013-11-21,2801.78
2013-11-22,2816.71
2013-11-25,2815.84
2013-11-26,2813.26
2013-11-27,2812.47
2013-11-28,2813.91
2013-11-29,2817.24
2013-12-02,2808.75
2013-12-03,2805.57
2013-12-04,2815.12
2013-12-05,2814.85
2013-12-06,2813.53
2013-12-09,2806.9
2013-12-10,2793.37
2013-12-11,2791.78
2013-12-12,2790.19
2013-12-13,2794.43
2013-12-16,2793.15
2013-12-17,2792.04
2013-12-18,2789.12
2013-12-19,2790.72
2013-12-20,2806.63
2013-12-23,2816.71
2013-12-24,2814.17
2013-12-26,2812.73
2013-12-27,2810.08
2013-12-30,2800.0
2013-12-31,2799.2
2014-01-02,2799.2
2014-01-03,2786.21
2014-01-06,2796.02
2014-01-07,2817.51
2014-01-08,2832.63
2014-01-09,2827.59
2014-01-10,2824.4
2014-01-13,2819.1
2014-01-14,2802.39
2014-01-15,2807.28
2014-01-16,2818.15
2014-01-17,2822.81
2014-01-20,2814.32
2014-01-21,2822.02
2014-01-22,2822.81
2014-01-23,2833.95
2014-01-24,2843.24
2014-01-27,2857.22
2014-01-28,2875.44
2014-01-29,2862.45
2014-02-03,2840.96
2014-02-04,2870.48
2014-02-05,2880.75
2014-02-06,2863.24
2014-02-07,2855.02
2014-02-10,2851.72
2014-02-11,2843.09
2014-02-12,2843.35
2014-02-13,2824.06
2014-02-14,2821.94
2014-02-17,2816.64
2014-02-18,2812.92
2014-02-19,2822.47
2014-02-20,2830.5
2014-02-21,2843.24
2014-02-24,2846.34
2014-02-25,2854.76
2014-02-26,2839.64
2014-02-27,2837.78
2014-02-28,2831.95
2014-03-03,2827.97
2014-03-04,2843.09
2014-03-05,2843.5
2014-03-06,2839.79
2014-03-07,2831.3
2014-03-10,2818.57
2014-03-11,2827.32
2014-03-12,2824.18
2014-03-13,2836.07
2014-03-14,2831.3
2014-03-17,2843.28
2014-03-18,2837.93
2014-03-19,2832.63
2014-03-20,2840.05
2014-03-21,2852.25
2014-03-24,2865.52
2014-03-25,2863.77
2014-03-26,2859.95
2014-03-27,2851.46
2014-03-28,2845.62
2014-03-31,2834.86
2014-04-01,2827.7
2014-04-02,2812.85
2014-04-03,2803.56
2014-04-04,2806.48
2014-04-07,2801.25
2014-04-08,2794.09
2014-04-09,2794.62
2014-04-10,2767.04
2014-04-11,2747.79
2014-04-14,2751.99
2014-04-15,2755.7
2014-04-16,2761.58
2014-04-17,2761.92
2014-04-18,2750.93
2014-04-21,2750.97
2014-04-22,2752.98
2014-04-23,2757.49
2014-04-24,2757.22
2014-04-25,2754.04
2014-04-28,2756.07
2014-04-29,2750.71
2014-04-30,2736.39
2014-05-02,2737.71
2014-05-07,2735.06
2014-05-08,2720.21
2014-05-09,2714.71
2014-05-12,2713.38
2014-05-13,2718.69
2014-05-14,2713.12
2014-05-15,2717.7
2014-05-16,2722.67
2014-05-19,2720.95
2014-05-20,2712.73
2014-05-21,2716.45
2014-05-22,2723.34
2014-05-23,2719.22
2014-05-26,2716.83
2014-05-27,2715.92
2014-05-28,2714.59
2014-05-29,2712.32
2014-05-30,2709.67
2014-06-02,2706.49
2014-06-03,2714.98
2014-06-05,2716.83
2014-06-09,2712.47
2014-06-10,2698.53
2014-06-11,2696.14
2014-06-12,2696.14
2014-06-13,2698.8
2014-06-16,2700.27
2014-06-17,2704.03
2014-06-18,2711.0
2014-06-19,2713.65
2014-06-20,2700.92
2014-06-23,2704.37
2014-06-24,2701.11
2014-06-25,2699.98
2014-06-26,2706.87
2014-06-27,2697.33
2014-06-30,2690.43
2014-07-01,2684.33
2014-07-02,2683.75
2014-07-03,2678.44
2014-07-04,2677.98
2014-07-07,2676.13
2014-07-08,2678.78
2014-07-09,2682.23
2014-07-10,2684.88
2014-07-11,2684.08
2014-07-14,2700.12
2014-07-15,2701.59
2014-07-16,2715.31
2014-07-17,2739.18
2014-07-18,2730.96
2014-07-21,2737.14
2014-07-22,2725.39
2014-07-23,2717.63
2014-07-24,2712.85
2014-07-25,2726.72
2014-07-28,2730.43
2014-07-29,2719.29
2014-07-30,2717.97
2014-07-31,2716.9
2014-08-01,2721.94
2014-08-04,2741.76
2014-08-05,2736.53
2014-08-06,2734.07
2014-08-07,2743.36
2014-08-08,2743.62
2014-08-11,2751.65
2014-08-12,2733.54
2014-08-13,2727.44
2014-08-14,2726.91
2014-08-18,2718.42
2014-08-19,2699.25
2014-08-20,2700.05
2014-08-21,2707.74
2014-08-22,2715.77
2014-08-25,2704.03
2014-08-26,2707.02
2014-08-27,2700.12
2014-08-28,2691.1
2014-08-29,2688.45
2014-09-01,2691.9
2014-09-02,2690.38
2014-09-03,2693.83
2014-09-04,2702.58
2014-09-05,2700.19
2014-09-11,2717.77
2014-09-12,2743.77
2014-09-15,2753.24
2014-09-16,2755.7
2014-09-17,2745.89
2014-09-18,2742.44
2014-09-19,2762.67
2014-09-22,2771.54
2014-09-23,2760.4
2014-09-24,2764.12
2014-09-25,2758.02
2014-09-26,2765.44
2014-09-29,2765.71
2014-09-30,2786.66
2014-10-01,2797.46
2014-10-02,2817.17
2014-10-06,2814.44
2014-10-07,2837.33
2014-10-08,2828.84
2014-10-10,2844.15
2014-10-13,2840.7
2014-10-14,2835.73
2014-10-15,2820.88
2014-10-16,2826.98
2014-10-17,2811.33
2014-10-20,2818.76
2014-10-21,2812.66
2014-10-22,2797.01
2014-10-23,2794.89
2014-10-24,2799.4
2014-10-27,2809.74
2014-10-28,2791.97
2014-10-29,2786.59
2014-10-30,2776.97
2014-10-31,2795.61
2014-11-03,2808.34
2014-11-04,2851.5
2014-11-05,2864.23
2014-11-06,2861.05
2014-11-07,2888.63
2014-11-10,2897.65
2014-11-11,2878.36
2014-11-12,2890.83
2014-11-13,2913.64
2014-11-14,2910.99
2014-11-17,2916.56
2014-11-18,2909.66
2014-11-19,2914.7
2014-11-20,2928.76
2014-11-21,2952.36
2014-11-24,2946.45
2014-11-25,2949.98
2014-11-26,2951.57
2014-11-27,2936.26
2014-11-28,2920.53
2014-12-01,2930.72
2014-12-02,2960.51
2014-12-03,2935.58
2014-12-04,2955.73
2014-12-05,2959.37
2014-12-08,2952.55
2014-12-09,2966.08
2014-12-10,2949.45
2014-12-11,2929.63
2014-12-12,2912.5
2014-12-15,2927.88
2014-12-16,2925.42
2014-12-17,2897.38
2014-12-18,2885.98
2014-12-19,2926.03
2014-12-22,2921.07
2014-12-23,2910.38
2014-12-24,2918.87
2014-12-26,2928.87
2014-12-29,2916.14
2014-12-30,2912.53
2014-12-31,2915.34
2015-01-02,2915.5
2015-01-05,2924.51
2015-01-06,2940.69
2015-01-07,2928.04
2015-01-08,2916.82
2015-01-09,2913.64
2015-01-12,2896.93
2015-01-13,2872.53
2015-01-14,2868.55
2015-01-15,2864.3
2015-01-16,2875.44
2015-01-19,2857.41
2015-01-20,2864.04
2015-01-21,2876.24
2015-01-22,2882.61
2015-01-23,2878.63
2015-01-26,2875.37
2015-01-27,2862.64
2015-01-28,2870.06
2015-01-29,2871.96
2015-01-30,2892.99
2015-02-02,2906.9
2015-02-03,2920.65
2015-02-04,2913.03
2015-02-05,2888.97
2015-02-06,2888.89
2015-02-09,2886.51
2015-02-10,2909.66
2015-02-11,2893.22
2015-02-12,2909.39
2015-02-13,2937.59
2015-02-16,2913.3
2015-02-17,2914.17
2015-02-23,2921.14
2015-02-24,2943.69
2015-02-25,2940.51
2015-02-26,2924.25
2015-02-27,2915.5
2015-03-02,2916.29
2015-03-03,2924.33
2015-03-04,2917.69
2015-03-05,2908.41
2015-03-06,2917.96
2015-03-09,2916.21
2015-03-10,2945.01
2015-03-11,2969.26
2015-03-12,2988.17
2015-03-13,2999.58
2015-03-16,2985.52
2015-03-17,3007.53
2015-03-18,2997.45
2015-03-19,2988.17
2015-03-20,2954.75
2015-03-23,2975.17
2015-03-24,2959.79
2015-03-25,2936.37
2015-03-26,2924.7
2015-03-27,2928.68
2015-03-30,2928.94
2015-03-31,2930.8
2015-04-01,2942.47
2015-04-02,2927.62
2015-04-03,2912.16
2015-04-06,2903.22
2015-04-07,2880.56
2015-04-08,2890.37
2015-04-09,2900.11
2015-04-10,2901.44
2015-04-13,2903.29
2015-04-14,2908.6
2015-04-15,2909.28
2015-04-16,2907.16
2015-04-17,2889.05
2015-04-20,2879.55
2015-04-21,2871.73
2015-04-22,2874.39
2015-04-23,2869.42
2015-04-24,2873.29
2015-04-27,2861.99
2015-04-28,2849.91
2015-04-29,2840.36
2015-04-30,2832.86
2015-05-04,2836.57
2015-05-06,2865.67
2015-05-07,2867.07
2015-05-08,2881.92
2015-05-11,2894.23
2015-05-12,2890.75
2015-05-13,2907.46
2015-05-14,2903.94
2015-05-15,2900.49
2015-05-18,2888.89
2015-05-19,2878.93
2015-05-20,2893.25
2015-05-21,2904.65
2015-05-22,2902.46
2015-05-26,2893.14
2015-05-27,2913.3
2015-05-28,2936.11
2015-05-29,2938.84
2015-06-01,2937.85
2015-06-02,2948.15
2015-06-03,2955.84
2015-06-04,2933.3
2015-06-05,2943.8
2015-06-08,2949.48
2015-06-09,2974.41
2015-06-10,2968.57
2015-06-11,2963.27
2015-06-12,2945.12
2015-06-15,2949.02
2015-06-16,2960.43
2015-06-17,2963.35
2015-06-18,2964.22
2015-06-19,2943.8
2015-06-22,2928.15
2015-06-23,2917.27
2015-06-24,2928.49
2015-06-25,2939.82
2015-06-26,2942.92
2015-06-29,2957.51
2015-06-30,2981.3
2015-07-01,2965.92
2015-07-02,2966.45
2015-07-03,2979.07
2015-07-06,2970.93
2015-07-07,2987.22
2015-07-08,2995.89
2015-07-09,3012.15
2015-07-10,3013.63
2015-07-13,2997.11
2015-07-14,3001.01
2015-07-15,3021.96
2015-07-16,3026.89
2015-07-17,3045.67
2015-07-20,3040.18
2015-07-21,3054.95
2015-07-22,3072.52
2015-07-23,3056.65
2015-07-24,3082.45
2015-07-27,3088.55
2015-07-28,3100.04
2015-07-29,3092.88
2015-07-30,3070.86
2015-07-31,3093.14
2015-08-03,3101.36
2015-08-04,3089.9
2015-08-05,3101.43
2015-08-06,3108.36
2015-08-07,3103.81
2015-08-10,3086.86
2015-08-11,3089.51
2015-08-12,3102.7
2015-08-13,3154.78
2015-08-17,3112.03
2015-08-18,3130.41
2015-08-19,3139.69
2015-08-20,3140.59
2015-08-21,3137.68
2015-08-24,3155.94
2015-08-25,3172.09
2015-08-26,3164.5
2015-08-27,3150.66
2015-08-28,3138.47
2015-08-31,3116.85
2015-09-01,3134.61
2015-09-02,3115.82
2015-09-03,3122.18
2015-09-04,3146.38
2015-09-07,3157.23
2015-09-08,3186.22
2015-09-09,3186.6
2015-09-10,3157.2
2015-09-11,3167.43
2015-09-14,3135.64
2015-09-15,3132.46
2015-09-16,3132.6
2015-09-17,3126.47
2015-09-18,3098.95
2015-09-21,3091.17
2015-09-22,3107.7
2015-09-23,3120.06
2015-09-24,3147.36
2015-09-25,3161.11
2015-09-30,3163.99
2015-10-01,3155.72
2015-10-02,3123.59
2015-10-05,3127.57
2015-10-06,3105.31
2015-10-07,3087.85
2015-10-08,3087.03
2015-10-12,3073.54
2015-10-13,3043.26
2015-10-14,3042.15
2015-10-15,3050.42
2015-10-16,3005.41
2015-10-19,2992.84
2015-10-20,2983.3
2015-10-21,2997.37
2015-10-22,2999.2
2015-10-23,3018.86
2015-10-26,2990.29
2015-10-27,3008.06
2015-10-28,3000.37
2015-10-29,3004.88
2015-10-30,3029.81
2015-11-02,3019.92
2015-11-03,3023.9
2015-11-04,3006.21
2015-11-05,2994.27
2015-11-06,3015.94
2015-11-09,3020.08
2015-11-10,3059.49
2015-11-11,3071.99
2015-11-12,3065.33
2015-11-13,3062.17
2015-11-16,3078.57
2015-11-17,3109.54
2015-11-18,3112.89
2015-11-19,3109.17
2015-11-20,3087.24
2015-11-23,3064.47
2015-11-24,3074.61
2015-11-25,3063.46
2015-11-26,3034.99
2015-11-27,3035.77
2015-11-30,3051.46
2015-12-01,3070.66
2015-12-02,3075.15
2015-12-03,3077.52
2015-12-04,3096.39
2015-12-07,3067.46
2015-12-08,3093.74
2015-12-09,3117.54
2015-12-10,3125.03
2015-12-11,3123.09
2015-12-14,3128.93
2015-12-15,3147.66
2015-12-16,3135.84
2015-12-17,3124.95
2015-12-18,3126.81
2015-12-21,3139.55
2015-12-22,3122.96
2015-12-23,3117.56
2015-12-24,3107.79
2015-12-28,3105.94
2015-12-29,3094.04
2015-12-30,3101.3
2015-12-31,3114.37
2016-01-04,3114.37
2016-01-05,3141.21
2016-01-06,3150.23
2016-01-07,3168.36
2016-01-08,3180.37
2016-01-11,3172.52
2016-01-12,3208.22
2016-01-13,3209.66
2016-01-14,3204.08
2016-01-15,3216.54
2016-01-18,3216.21
2016-01-19,3215.58
2016-01-20,3210.73
2016-01-21,3213.62
2016-01-22,3213.29
2016-01-25,3195.58
2016-01-26,3172.21
2016-01-27,3189.11
2016-01-28,3187.96
2016-01-29,3204.37
2016-02-01,3202.7
2016-02-02,3199.03
2016-02-03,3192.77
2016-02-04,3231.44
2016-02-05,3189.34
2016-02-11,3169.19
2016-02-12,3175.57
2016-02-15,3199.42
2016-02-16,3208.43
2016-02-17,3227.48
2016-02-18,3247.86
2016-02-19,3251.8
2016-02-22,3271.82
2016-02-23,3271.96
2016-02-24,3263.99
2016-02-25,3276.98
2016-02-26,3280.35
2016-02-29,3276.84
2016-03-02,3291.6
2016-03-03,3269.93
2016-03-04,3232.98
2016-03-07,3205.83
2016-03-08,3185.3
2016-03-09,3198.0
2016-03-10,3222.08
2016-03-11,3207.39
2016-03-14,3183.2
2016-03-15,3148.05
2016-03-16,3154.38
2016-03-17,3163.41
2016-03-18,3115.05
2016-03-21,3080.04
2016-03-22,3090.74
2016-03-23,3075.27
2016-03-24,3074.23
2016-03-25,3096.91
2016-03-28,3101.69
2016-03-29,3102.22
2016-03-30,3084.64
2016-03-31,3059.52
2016-04-01,3035.65
2016-04-04,3047.32
2016-04-05,3044.4
2016-04-06,3063.5
2016-04-07,3065.89
2016-04-08,3062.33
2016-04-11,3067.48
2016-04-12,3048.11
2016-04-14,3036.18
2016-04-15,3059.25
2016-04-18,3051.85
2016-04-19,3052.91
2016-04-20,3024.96
2016-04-21,3003.21
2016-04-22,3010.11
2016-04-25,3026.55
2016-04-26,3049.36
2016-04-27,3049.36
2016-04-28,3039.28
2016-04-29,3033.98
2016-05-02,3019.23
2016-05-03,3026.07
2016-05-04,3016.26
2016-05-09,3059.76
2016-05-10,3089.47
2016-05-11,3114.14
2016-05-12,3098.49
2016-05-13,3088.04
2016-05-16,3102.1
2016-05-17,3126.51
2016-05-18,3112.04
2016-05-19,3132.11
2016-05-20,3158.37
2016-05-23,3151.84
2016-05-24,3137.78
2016-05-25,3152.37
2016-05-26,3144.94
2016-05-27,3132.21
2016-05-30,3127.95
2016-05-31,3157.92
2016-06-01,3157.66
2016-06-02,3162.08
2016-06-03,3155.27
2016-06-07,3146.88
2016-06-08,3085.08
2016-06-09,3067.48
2016-06-10,3065.62
2016-06-13,3084.9
2016-06-14,3110.71
2016-06-15,3109.91
2016-06-16,3119.99
2016-06-17,3102.97
2016-06-20,3104.83
2016-06-21,3084.67
2016-06-22,3071.42
2016-06-23,3064.79
2016-06-24,3052.77
2016-06-27,3098.73
2016-06-28,3135.82
2016-06-29,3116.21
2016-06-30,3086.52
2016-07-01,3054.46
2016-07-04,3040.94
2016-07-05,3045.36
2016-07-06,3056.9
2016-07-07,3089.44
2016-07-08,3065.06
2016-07-11,3071.95
2016-07-12,3041.74
2016-07-13,3045.71
2016-07-14,3036.17
2016-07-15,3025.84
2016-07-18,3001.72
2016-07-19,3010.86
2016-07-20,3016.03
2016-07-21,3022.39
2016-07-22,3021.2
2016-07-25,3010.21
2016-07-26,3012.45
2016-07-27,3016.43
2016-07-28,3005.03
2016-07-29,2982.78
2016-08-01,2974.03
2016-08-02,2943.83
2016-08-03,2938.26
2016-08-04,2951.78
2016-08-05,2951.25
2016-08-08,2944.62
2016-08-09,2948.33
2016-08-10,2936.09
2016-08-11,2907.04
2016-08-12,2913.67
2016-08-16,2920.3
2016-08-17,2904.12
2016-08-18,2923.72
2016-08-19,2934.51
2016-08-22,2957.93
2016-08-23,2984.72
2016-08-24,2963.77
2016-08-25,2974.91
2016-08-26,2968.01
2016-08-29,2954.49
2016-08-30,2984.38
2016-08-31,2966.69
2016-09-01,2963.77
2016-09-02,2968.81
2016-09-05,2964.22
2016-09-06,2939.52
2016-09-07,2931.11
2016-09-08,2899.81
2016-09-09,2899.81
2016-09-12,2916.52
2016-09-13,2945.89
2016-09-19,2950.48
2016-09-20,2970.9
2016-09-21,2969.57
2016-09-22,2962.41
2016-09-23,2926.31
2016-09-26,2928.99
2016-09-27,2936.15
2016-09-28,2927.13
2016-09-29,2906.44
2016-09-30,2908.03
2016-10-04,2923.15
2016-10-05,2931.3
2016-10-06,2954.46
2016-10-07,2947.75
2016-10-10,2959.49
2016-10-11,2946.95
2016-10-12,2963.47
2016-10-13,2978.79
2016-10-14,2997.88
2016-10-17,3004.24
2016-10-18,3023.87
2016-10-19,3003.13
2016-10-20,2977.46
2016-10-21,2980.64
2016-10-24,3008.49
2016-10-25,3008.49
2016-10-26,3013.79
2016-10-27,3002.92
2016-10-28,3023.6
2016-10-31,3037.42
2016-11-01,3035.91
2016-11-02,3028.49
2016-11-03,3046.22
2016-11-04,3025.3
2016-11-07,3032.65
2016-11-08,3028.76
2016-11-09,3018.28
2016-11-10,3040.14
2016-11-11,3053.54
2016-11-14,3088.27
2016-11-15,3104.07
2016-11-16,3100.1
2016-11-17,3097.42
2016-11-18,3116.28
2016-11-21,3135.24
2016-11-22,3139.36
2016-11-23,3119.28
2016-11-24,3116.28
2016-11-25,3136.26
2016-11-28,3126.23
2016-11-29,3104.0
2016-11-30,3100.62
2016-12-01,3098.88
2016-12-02,3110.43
2016-12-05,3104.77
2016-12-06,3114.85
2016-12-07,3103.52
2016-12-08,3103.26
2016-12-09,3075.92
2016-12-12,3094.68
2016-12-13,3103.98
2016-12-14,3092.82
2016-12-15,3100.25
2016-12-16,3131.57
2016-12-19,3138.74
2016-12-20,3146.95
2016-12-21,3161.11
2016-12-22,3167.39
2016-12-23,3179.15
2016-12-26,3190.72
2016-12-27,3180.93
2016-12-28,3198.52
2016-12-29,3204.63
2016-12-30,3207.02
2017-01-02,3206.93
2017-01-03,3203.71
2017-01-04,3200.91
2017-01-05,3201.81
2017-01-06,3160.58
2017-01-09,3153.86
2017-01-10,3198.8
2017-01-11,3179.58
2017-01-12,3173.22
2017-01-13,3137.23
2017-01-16,3123.79
2017-01-17,3131.22
2017-01-18,3130.7
2017-01-19,3091.53
2017-01-20,3122.03
2017-01-23,3109.83
2017-01-24,3095.68
2017-01-25,3086.88
2017-01-26,3093.53
2017-01-31,3070.27
2017-02-01,3091.59
2017-02-02,3064.27
2017-02-03,3048.28
2017-02-06,3041.1
2017-02-07,3017.77
2017-02-08,3030.17
2017-02-09,3038.12
2017-02-10,3038.91
2017-02-13,3054.11
2017-02-14,3055.36
2017-02-15,3036.21
2017-02-16,3028.2
2017-02-17,3020.87
2017-02-20,3037.93
2017-02-21,3044.11
2017-02-22,3040.22
2017-02-23,3026.26
2017-02-24,3018.93
2017-02-27,3000.0
2017-02-28,3001.17
2017-03-02,3003.29
2017-03-03,3027.41
2017-03-06,3057.56
2017-03-07,3066.17
2017-03-08,3053.58
2017-03-09,3041.3
2017-03-10,3065.77
2017-03-13,3072.07
2017-03-14,3045.67
2017-03-15,3043.16
2017-03-16,3040.5
2017-03-17,3002.73
2017-03-20,3000.9
2017-03-21,2983.87
2017-03-22,2964.19
2017-03-23,2982.01
2017-03-24,2971.61
2017-03-27,2977.91
2017-03-28,2955.36
2017-03-29,2950.85
2017-03-30,2954.83
2017-03-31,2960.48
2017-04-03,2968.97
2017-04-04,2954.38
2017-04-05,2967.9
2017-04-06,2981.83
2017-04-07,3000.4
2017-04-10,3009.79
2017-04-11,3028.28
2017-04-12,3039.42
2017-04-13,3037.83
2017-04-14,3002.55
2017-04-17,3020.85
2017-04-18,3014.75
2017-04-19,3018.3
2017-04-20,3023.34
2017-04-21,3027.59
2017-04-24,3014.85
2017-04-25,3001.86
2017-04-26,2998.67
2017-04-27,2984.35
2017-04-28,2997.61
2017-05-02,3006.37
2017-05-04,2999.2
2017-05-08,3002.92
2017-05-10,3003.63
2017-05-11,3009.2
2017-05-12,2998.33
2017-05-15,2988.78
2017-05-16,2985.15
2017-05-17,2964.72
2017-05-18,2966.58
2017-05-19,2984.62
2017-05-22,2990.64
2017-05-23,2963.13
2017-05-24,2972.26
2017-05-25,2987.22
2017-05-26,2965.36
2017-05-29,2969.34
2017-05-30,2970.93
2017-05-31,2981.01
2017-06-01,2975.44
2017-06-02,2971.73
2017-06-05,2972.03
2017-06-07,2964.22
2017-06-08,2972.97
2017-06-09,2981.71
2017-06-12,2972.7
2017-06-13,2984.36
2017-06-14,2992.68
2017-06-15,2983.94
2017-06-16,2976.91
2017-06-19,3003.95
2017-06-20,2999.71
2017-06-21,3014.56
2017-06-22,3028.34
2017-06-23,3024.63
2017-06-26,3022.69
2017-06-27,3009.7
2017-06-28,3012.89
2017-06-29,3026.38
2017-06-30,3020.81
2017-07-03,3032.47
2017-07-04,3035.12
2017-07-05,3046.52
2017-07-06,3046.52
2017-07-07,3058.06
2017-07-10,3064.16
2017-07-11,3048.52
2017-07-12,3048.32
2017-07-13,3037.2
2017-07-14,3015.64
2017-07-17,3011.66
2017-07-18,2991.7
2017-07-19,2985.95
2017-07-20,2974.02
2017-07-21,2982.63
2017-07-24,2972.82
2017-07-25,2959.3
2017-07-26,2959.3
2017-07-27,2970.67
2017-07-28,2949.91
2017-07-31,2967.49
2017-08-01,2974.84
2017-08-02,2964.5
2017-08-03,2978.28
2017-08-04,2989.95
2017-08-07,2984.12
2017-08-08,2989.15
2017-08-09,2984.12
2017-08-10,3008.78
2017-08-11,3025.75
2017-08-14,3039.54
2017-08-16,3018.7
2017-08-17,3022.65
2017-08-18,3012.84
2017-08-21,3029.02
2017-08-22,3019.2
2017-08-23,3012.04
2017-08-24,2999.58
2017-08-25,2990.03
2017-08-28,2995.07
2017-08-29,2971.73
2017-08-30,2986.87
2017-08-31,2977.85
2017-09-01,2985.81
2017-09-04,2977.59
2017-09-05,3000.93
2017-09-06,3000.0
2017-09-07,3006.36
2017-09-08,2995.49
2017-09-11,2988.07
2017-09-12,2995.23
2017-09-13,2996.02
2017-09-14,2989.69
2017-09-15,3002.94
2017-09-18,3005.59
2017-09-19,2990.75
2017-09-20,2996.31
2017-09-21,2993.93
2017-09-22,3003.74
2017-09-25,3013.02
2017-09-26,2998.17
2017-09-27,3012.86
2017-09-28,3021.24
2017-09-29,3040.43
2017-10-10,3036.58
2017-10-11,3016.78
2017-10-12,3008.99
2017-10-13,3005.01
2017-10-16,2997.32
2017-10-17,2987.97
2017-10-18,2998.83
2017-10-19,2996.18
2017-10-20,3001.22
2017-10-23,3000.16
2017-10-24,3000.16
2017-10-25,2990.62
2017-10-26,2990.62
2017-10-27,2981.08
2017-10-30,2997.75
2017-10-31,2982.82
2017-11-01,2973.22
2017-11-02,2961.86
2017-11-03,2947.11
2017-11-06,2950.68
2017-11-07,2956.11
2017-11-08,2948.07
2017-11-09,2954.06
2017-11-10,2947.49
2017-11-13,2961.82
2017-11-14,2966.15
2017-11-15,2958.92
2017-11-16,2948.07
2017-11-17,2921.9
2017-11-20,2901.65
2017-11-21,2907.84
2017-11-22,2904.37
2017-11-23,2888.49
2017-11-24,2880.89
2017-11-27,2878.37
2017-11-28,2880.07
2017-11-29,2882.99
2017-11-30,2867.36
2017-12-01,2874.51
2017-12-04,2882.79
2017-12-05,2885.36
2017-12-06,2875.14
2017-12-07,2895.29
2017-12-08,2897.79
2017-12-11,2899.27
2017-12-12,2897.0
2017-12-13,2890.9
2017-12-14,2895.98
2017-12-15,2882.65
2017-12-18,2889.54
2017-12-19,2888.71
2017-12-20,2883.52
2017-12-21,2873.02
2017-12-22,2866.62
2017-12-26,2862.37
2017-12-27,2856.8
2017-12-28,2853.05
2017-12-29,2842.74
2018-01-02,2839.88
2018-01-03,2822.63
2018-01-04,2825.55
2018-01-05,2825.81
2018-01-08,2816.87
2018-01-09,2825.46
2018-01-10,2830.28
2018-01-11,2840.05
2018-01-12,2842.96
2018-01-15,2823.76
2018-01-16,2816.54
2018-01-17,2823.7
2018-01-18,2828.48
2018-01-19,2836.76
2018-01-22,2830.81
2018-01-23,2836.71
2018-01-24,2837.63
2018-01-25,2840.01
2018-01-26,2816.4
2018-01-29,2824.48
2018-01-30,2825.68
2018-01-31,2842.4
2018-02-01,2841.0
2018-02-02,2842.55
2018-02-05,2855.82
2018-02-06,2891.25
2018-02-07,2902.5
2018-02-08,2873.7
2018-02-09,2886.48
2018-02-12,2898.25
2018-02-13,2873.82
2018-02-14,2873.52
2018-02-19,2864.23
2018-02-20,2833.04
2018-02-21,2838.99
2018-02-22,2853.31
2018-02-23,2872.57
2018-02-26,2860.67
2018-02-27,2849.22
2018-02-28,2841.0
2018-03-02,2870.45
2018-03-05,2867.87
2018-03-06,2865.36
2018-03-07,2851.91
2018-03-08,2834.52
2018-03-09,2833.73
2018-03-12,2836.45
2018-03-13,2823.0
2018-03-14,2826.98
2018-03-15,2826.83
2018-03-16,2826.98
2018-03-19,2836.91
2018-03-20,2841.15
2018-03-21,2840.62
2018-03-22,2841.68
2018-03-23,2836.15
2018-03-26,2866.39
2018-03-27,2867.68
2018-03-28,2843.81
2018-03-29,2836.0
2018-03-30,2828.31
2018-04-02,2822.74
2018-04-03,2806.04
2018-04-04,2805.24
2018-04-05,2804.71
2018-04-06,2809.75
2018-04-09,2826.99
2018-04-10,2830.96
2018-04-11,2831.49
2018-04-12,2827.9
2018-04-13,2834.0
2018-04-16,2837.44
2018-04-17,2845.66
2018-04-18,2833.5
2018-04-19,2828.46
2018-04-20,2820.51
2018-04-23,2830.58
2018-04-24,2834.83
2018-04-25,2856.04
2018-04-26,2860.82
2018-04-27,2863.47
2018-04-30,2854.19
2018-05-02,2830.96
2018-05-03,2850.59
2018-05-04,2854.68
2018-05-08,2854.98
2018-05-09,2859.34
2018-05-10,2867.56
2018-05-11,2851.35
2018-05-14,2834.11
2018-05-15,2828.05
2018-05-16,2843.96
2018-05-17,2856.35
2018-05-18,2859.38
2018-05-21,2862.06
2018-05-23,2869.85
2018-05-24,2856.61
2018-05-25,2859.0
2018-05-28,2858.62
2018-05-29,2841.78
2018-05-30,2849.46
2018-05-31,2863.61
2018-06-01,2849.88
2018-06-04,2850.71
2018-06-05,2835.69
2018-06-07,2832.25
2018-06-08,2827.0
2018-06-11,2843.67
2018-06-12,2841.83
2018-06-14,2846.06
2018-06-15,2865.65
2018-06-18,2889.21
2018-06-19,2923.24
2018-06-20,2926.15
2018-06-21,2931.99
2018-06-22,2931.92
2018-06-25,2940.99
2018-06-26,2931.7
2018-06-27,2919.68
2018-06-28,2957.41
2018-06-29,2967.46
2018-07-02,2957.51
2018-07-03,2943.55
2018-07-04,2950.81
2018-07-05,2938.87
2018-07-06,2947.04
2018-07-09,2964.59
2018-07-10,2930.11
2018-07-11,2933.75
2018-07-12,2953.9
2018-07-13,2974.63
2018-07-16,2979.68
2018-07-17,2980.85
2018-07-18,2971.61
2018-07-19,2982.96
2018-07-20,2989.03
2018-07-23,3010.08
2018-07-24,2981.9
2018-07-25,2999.6
2018-07-26,2981.46
2018-07-27,2960.57
2018-07-30,2970.82
2018-07-31,2952.44
2018-08-01,2955.3
2018-08-02,2959.78
2018-08-03,2969.29
2018-08-06,2992.31
2018-08-07,2971.67
2018-08-08,2984.75
2018-08-09,2964.18
2018-08-10,2962.11
2018-08-13,2985.55
2018-08-14,3005.17
2018-08-16,3002.12
2018-08-17,2998.41
2018-08-20,2984.88
2018-08-21,2974.54
2018-08-22,2965.26
2018-08-23,2965.8
2018-08-24,2971.37
2018-08-27,2974.02
2018-08-28,2954.14
2018-08-29,2942.74
2018-08-30,2939.55
2018-08-31,2939.55
2018-09-03,2951.48
2018-09-04,2952.01
2018-09-05,2954.42
2018-09-06,2963.43
2018-09-07,2972.98
2018-09-10,2978.02
2018-09-11,2991.91
2018-09-12,2988.46
2018-09-13,2989.39
2018-09-14,2973.22
2018-09-17,2967.91
2018-09-18,2986.87
2018-09-19,2987.14
2018-09-20,2978.38
2018-09-21,2970.16
2018-09-27,2961.88
2018-09-28,2951.54
2018-10-01,2944.83
2018-10-02,2945.9
2018-10-04,2961.59
2018-10-05,2993.16
2018-10-08,2998.89
2018-10-10,3002.18
2018-10-11,3004.3
2018-10-12,3030.83
2018-10-15,3006.02
2018-10-16,3006.53
2018-10-17,2992.47
2018-10-18,2984.24
2018-10-19,3004.32
2018-10-22,3008.35
2018-10-23,2999.34
2018-10-24,3012.33
2018-10-25,3003.1
2018-10-26,3020.21
2018-10-29,3025.46
2018-10-30,3021.04
2018-10-31,3026.35
2018-11-01,3022.63
2018-11-02,3021.25
2018-11-05,2985.33
2018-11-06,2978.3
2018-11-07,2977.77
2018-11-08,2973.53
2018-11-09,2967.21
2018-11-12,2985.86
2018-11-13,3003.29
2018-11-14,3012.87
2018-11-15,3003.08
2018-11-16,2998.06
2018-11-19,2993.82
2018-11-20,2990.21
2018-11-21,2992.46
2018-11-22,3000.88
2018-11-23,2995.01
2018-11-26,2998.83
2018-11-27,2997.32
2018-11-28,2997.11
2018-11-29,2994.99
2018-11-30,2975.68
2018-12-03,2971.3
2018-12-04,2954.58
2018-12-05,2943.92
2018-12-06,2954.16
2018-12-07,2965.3
2018-12-10,2965.97
2018-12-11,2983.13
2018-12-12,2995.91
2018-12-13,2991.14
2018-12-14,2981.59
2018-12-17,2995.07
2018-12-18,3001.59
2018-12-19,2997.08
2018-12-20,2984.35
2018-12-21,2994.91
2018-12-24,2981.25
2018-12-26,2984.77
2018-12-27,2986.07
2018-12-28,2974.74
2018-12-31,2965.78
2019-01-02,2965.94
2019-01-03,2968.33
2019-01-04,2990.87
2019-01-07,2984.62
2019-01-08,2965.44
2019-01-09,2975.49
2019-01-10,2975.07
2019-01-11,2967.9
2019-01-14,2964.3
2019-01-15,2974.54
2019-01-16,2971.01
2019-01-17,2976.13
2019-01-18,2974.14
2019-01-21,2973.88
2019-01-22,2989.41
2019-01-23,2997.88
2019-01-24,2992.41
2019-01-25,2991.88
2019-01-28,2984.35
2019-01-29,2962.44
2019-01-30,2965.63
2019-01-31,2963.24
2019-02-01,2948.38
2019-02-07,2963.43
2019-02-08,2979.84
2019-02-11,2982.76
2019-02-12,2982.76
2019-02-13,2984.45
2019-02-14,2976.83
2019-02-15,2984.01
2019-02-18,2990.85
2019-02-19,2983.37
2019-02-20,2990.56
2019-02-21,2977.8
2019-02-22,2982.57
2019-02-25,2985.86
2019-02-26,2973.02
2019-02-27,2966.39
2019-02-28,2965.07
2019-03-04,2970.48
2019-03-05,2984.16
2019-03-06,2986.29
2019-03-07,2991.59
2019-03-08,2992.76
2019-03-11,3007.96
2019-03-12,3009.12
2019-03-13,2993.9
2019-03-14,3001.33
2019-03-15,3004.59
2019-03-18,3013.69
2019-03-19,3008.04
2019-03-20,3000.53
2019-03-21,2998.97
2019-03-22,2986.92
2019-03-25,2996.82
2019-03-26,3010.34
2019-03-27,3003.08
2019-03-28,3009.81
2019-03-29,3018.04
2019-04-01,3013.45
2019-04-02,3004.27
2019-04-03,3012.49
2019-04-04,3010.19
2019-04-05,3011.86
2019-04-08,3010.09
2019-04-09,3027.51
2019-04-10,3031.22
2019-04-11,3026.98
2019-04-12,3021.67
2019-04-15,3025.12
2019-04-16,3007.61
2019-04-17,3012.39
2019-04-18,3013.45
2019-04-19,3013.71
2019-04-22,3015.78
2019-04-23,3025.91
2019-04-24,3026.71
2019-04-25,3042.09
2019-04-26,3073.07
2019-04-29,3076.13
2019-04-30,3072.31
2019-05-02,3087.17
2019-05-03,3087.43
2019-05-07,3102.02
2019-05-08,3103.08
2019-05-09,3103.35
2019-05-10,3119.0
2019-05-13,3124.93
2019-05-14,3138.36
2019-05-15,3148.71
2019-05-16,3155.07
2019-05-17,3156.14
2019-05-20,3163.83
2019-05-21,3164.36
2019-05-22,3165.42
2019-05-23,3168.87
2019-05-24,3159.68
2019-05-27,3155.44
2019-05-28,3140.85
2019-05-29,3150.13
2019-05-30,3164.72
2019-05-31,3156.5
2019-06-03,3159.6
2019-06-04,3137.93
2019-06-05,3133.95
2019-06-07,3129.44
2019-06-10,3128.65
2019-06-11,3140.58
2019-06-12,3134.48
2019-06-13,3134.48
2019-06-14,3142.44
2019-06-17,3140.58
2019-06-18,3146.68
2019-06-19,3143.24
2019-06-20,3122.02
2019-06-21,3097.35
2019-06-24,3081.74
2019-06-25,3071.35
2019-06-26,3062.86
2019-06-27,3072.15
2019-06-28,3068.44
2019-07-01,3067.37
2019-07-02,3064.72
2019-07-03,3089.66
2019-07-04,3104.51
2019-07-05,3101.33
2019-07-08,3104.51
2019-07-09,3125.99
2019-07-10,3129.71
2019-07-11,3133.69
2019-07-12,3113.53
2019-07-15,3122.81
2019-07-16,3127.85
2019-07-17,3125.99
2019-07-18,3132.36
2019-07-19,3128.65
2019-07-22,3112.47
2019-07-23,3123.61
2019-07-24,3125.73
2019-07-25,3125.2
2019-07-26,3129.44
2019-07-29,3141.03
2019-07-30,3138.99
2019-07-31,3135.28
2019-08-01,3135.01
2019-08-02,3152.52
2019-08-05,3169.23
2019-08-06,3214.32
2019-08-07,3220.95
2019-08-08,3221.49
2019-08-09,3213.0
2019-08-12,3208.92
2019-08-13,3224.4
2019-08-14,3233.16
2019-08-16,3214.06
2019-08-19,3218.3
2019-08-20,3211.41
2019-08-21,3210.08
2019-08-22,3193.63
2019-08-23,3196.55
2019-08-26,3215.04
2019-08-27,3231.3
2019-08-28,3217.77
2019-08-29,3218.58
2019-08-30,3223.09
2019-09-02,3208.23
2019-09-03,3214.33
2019-09-04,3223.09
2019-09-05,3208.5
2019-09-06,3181.71
2019-09-09,3174.55
2019-09-10,3162.61
2019-09-11,3161.29
2019-09-16,3159.96
2019-09-17,3140.33
2019-09-18,3151.57
2019-09-19,3157.49
2019-09-20,3169.77
2019-09-23,3159.42
2019-09-24,3164.72
2019-09-25,3167.11
2019-09-26,3178.51
2019-09-27,3180.64
2019-09-30,3186.47
2019-10-01,3180.9
2019-10-02,3178.25
2019-10-04,3192.84
2019-10-07,3175.07
2019-10-08,3173.74
2019-10-10,3168.97
2019-10-11,3172.68
2019-10-14,3154.64
2019-10-15,3139.79
2019-10-16,3140.85
2019-10-17,3148.54
2019-10-18,3147.48
2019-10-21,3131.3
2019-10-22,3117.77
2019-10-23,3107.16
2019-10-24,3113.26
2019-10-25,3106.1
2019-10-28,3114.51
2019-10-29,3102.3
2019-10-30,3094.08
2019-10-31,3099.12
2019-11-01,3081.35
2019-11-04,3097.0
2019-11-05,3077.9
2019-11-06,3077.11
2019-11-07,3070.21
2019-11-08,3078.43
2019-11-11,3066.42
2019-11-12,3080.21
2019-11-13,3086.04
2019-11-14,3096.84
2019-11-15,3104.1
2019-11-18,3093.55
2019-11-19,3088.45
2019-11-20,3099.32
2019-11-21,3103.3
2019-11-22,3120.28
2019-11-25,3124.06
2019-11-26,3119.56
2019-11-27,3114.87
2019-11-28,3119.12
2019-11-29,3127.87
2019-12-02,3130.52
2019-12-03,3130.7
2019-12-04,3146.09
2019-12-05,3165.98
2019-12-06,3156.69
2019-12-09,3155.03
2019-12-10,3153.89
2019-12-11,3161.05
2019-12-12,3164.5
2019-12-13,3152.03
2019-12-16,3107.88
2019-12-17,3110.56
2019-12-18,3094.28
2019-12-19,3090.74
2019-12-20,3088.7
2019-12-23,3083.49
2019-12-24,3083.49
2019-12-26,3086.49
2019-12-27,3079.78
2019-12-30,3078.98
2019-12-31,3070.6
2020-01-02,3071.01
2020-01-03,3068.62
2020-01-06,3083.84
2020-01-07,3101.89
2020-01-08,3090.49
2020-01-09,3114.08
2020-01-10,3076.76
2020-01-13,3079.68
2020-01-14,3065.35
2020-01-15,3058.54
2020-01-16,3073.66
