,NOK
2010-01-04,201.81
2010-01-05,202.4
2010-01-06,200.11
2010-01-07,200.9
2010-01-08,198.36
2010-01-11,200.05
2010-01-12,199.63
2010-01-13,198.39
2010-01-14,199.41
2010-01-15,199.23
2010-01-18,197.43
2010-01-19,199.62
2010-01-20,197.57
2010-01-21,195.89
2010-01-22,195.38
2010-01-25,198.51
2010-01-26,197.65
2010-01-27,196.77
2010-01-28,198.15
2010-01-29,196.12
2010-02-01,195.61
2010-02-02,199.32
2010-02-03,198.76
2010-02-04,196.16
2010-02-05,193.26
2010-02-08,195.49
2010-02-09,195.96
2010-02-10,197.74
2010-02-11,195.93
2010-02-12,196.5
2010-02-16,195.09
2010-02-17,197.01
2010-02-18,194.15
2010-02-19,191.3
2010-02-22,194.69
2010-02-23,194.55
2010-02-24,193.04
2010-02-25,195.02
2010-02-26,195.06
2010-03-02,195.35
2010-03-03,194.3
2010-03-04,195.04
2010-03-05,192.88
2010-03-08,193.76
2010-03-09,192.19
2010-03-10,192.17
2010-03-11,192.83
2010-03-12,192.9
2010-03-15,194.15
2010-03-16,193.25
2010-03-17,194.68
2010-03-18,193.94
2010-03-19,192.74
2010-03-22,191.48
2010-03-23,191.67
2010-03-24,190.61
2010-03-25,188.26
2010-03-26,187.25
2010-03-29,189.26
2010-03-30,191.13
2010-03-31,188.91
2010-04-01,190.64
2010-04-02,190.68
2010-04-05,189.23
2010-04-06,189.61
2010-04-07,188.46
2010-04-08,187.68
2010-04-09,188.46
2010-04-12,191.63
2010-04-13,188.91
2010-04-14,190.55
2010-04-15,190.83
2010-04-16,189.4
2010-04-19,188.57
2010-04-20,189.04
2010-04-21,188.86
2010-04-22,187.64
2010-04-23,186.36
2010-04-26,188.44
2010-04-27,188.7
2010-04-28,186.1
2010-04-29,187.94
2010-04-30,188.88
2010-05-03,188.07
2010-05-04,188.08
2010-05-06,183.43
2010-05-07,181.67
2010-05-10,187.72
2010-05-11,184.33
2010-05-12,182.27
2010-05-13,185.0
2010-05-14,182.73
2010-05-17,181.52
2010-05-18,184.6
2010-05-19,180.69
2010-05-20,181.83
2010-05-24,181.54
2010-05-25,186.16
2010-05-26,191.29
2010-05-27,189.68
2010-05-28,191.46
2010-05-31,185.29
2010-06-01,185.75
2010-06-03,186.6
2010-06-04,186.29
2010-06-07,181.16
2010-06-08,184.11
2010-06-09,185.48
2010-06-10,187.59
2010-06-11,194.35
2010-06-14,193.41
2010-06-15,190.21
2010-06-16,191.93
2010-06-17,189.26
2010-06-18,190.84
2010-06-21,190.11
2010-06-22,183.4
2010-06-23,182.79
2010-06-24,183.33
2010-06-25,182.48
2010-06-28,187.07
2010-06-29,186.79
2010-06-30,185.92
2010-07-01,188.59
2010-07-02,191.7
2010-07-05,189.48
2010-07-06,189.82
2010-07-07,192.32
2010-07-08,191.05
2010-07-09,190.34
2010-07-12,188.61
2010-07-13,188.4
2010-07-14,192.6
2010-07-15,192.57
2010-07-16,195.19
2010-07-19,191.27
2010-07-20,192.78
2010-07-21,193.77
2010-07-22,191.63
2010-07-23,195.53
2010-07-26,193.62
2010-07-27,193.9
2010-07-28,191.83
2010-07-29,192.93
2010-07-30,194.96
2010-08-02,195.37
2010-08-03,196.49
2010-08-04,195.93
2010-08-05,195.03
2010-08-06,195.08
2010-08-09,195.54
2010-08-10,193.73
2010-08-11,193.37
2010-08-12,190.02
2010-08-13,193.14
2010-08-16,191.34
2010-08-17,193.45
2010-08-18,192.01
2010-08-19,190.54
2010-08-20,189.47
2010-08-23,189.03
2010-08-24,189.0
2010-08-25,188.53
2010-08-26,189.54
2010-08-27,189.33
2010-08-30,191.63
2010-08-31,188.58
2010-09-01,190.06
2010-09-02,192.45
2010-09-03,192.25
2010-09-06,192.86
2010-09-07,191.28
2010-09-08,189.09
2010-09-09,190.05
2010-09-10,189.07
2010-09-13,188.92
2010-09-14,190.1
2010-09-15,191.88
2010-09-16,190.49
2010-09-17,190.74
2010-09-20,190.63
2010-09-24,194.98
2010-09-27,196.8
2010-09-28,194.24
2010-09-29,196.16
2010-09-30,195.13
2010-10-01,193.89
2010-10-04,194.32
2010-10-05,191.43
2010-10-06,194.45
2010-10-07,194.23
2010-10-08,191.76
2010-10-11,193.36
2010-10-12,190.46
2010-10-13,192.52
2010-10-14,193.45
2010-10-15,193.77
2010-10-18,192.32
2010-10-19,190.96
2010-10-20,189.02
2010-10-21,194.17
2010-10-22,192.22
2010-10-25,194.46
2010-10-26,192.36
2010-10-27,190.49
2010-10-28,190.69
2010-10-29,191.27
2010-11-01,192.49
2010-11-02,190.68
2010-11-03,190.85
2010-11-04,191.46
2010-11-05,193.09
2010-11-08,192.47
2010-11-09,191.46
2010-11-10,190.53
2010-11-11,189.93
2010-11-12,186.68
2010-11-15,187.98
2010-11-16,188.56
2010-11-17,185.95
2010-11-18,188.93
2010-11-19,190.48
2010-11-22,189.62
2010-11-23,187.52
2010-11-24,185.84
2010-11-25,188.64
2010-11-26,188.13
2010-11-29,186.49
2010-11-30,187.88
2010-12-01,185.96
2010-12-02,187.76
2010-12-03,188.84
2010-12-06,191.83
2010-12-07,188.92
2010-12-08,189.04
2010-12-09,189.76
2010-12-10,188.76
2010-12-13,189.63
2010-12-14,192.96
2010-12-15,193.42
2010-12-16,192.77
2010-12-17,194.33
2010-12-20,192.12
2010-12-21,194.63
2010-12-22,192.6
2010-12-23,192.99
2010-12-24,192.95
2010-12-27,192.88
2010-12-28,193.6
2010-12-29,192.36
2010-12-30,193.88
2010-12-31,193.56
2011-01-03,195.07
2011-01-04,193.31
2011-01-05,191.54
2011-01-06,190.42
2011-01-07,188.4
2011-01-10,187.19
2011-01-11,187.73
2011-01-12,189.26
2011-01-13,189.6
2011-01-14,189.33
2011-01-17,190.55
2011-01-18,190.17
2011-01-19,191.44
2011-01-20,190.82
2011-01-21,190.31
2011-01-24,192.82
2011-01-25,193.77
2011-01-26,194.1
2011-01-27,193.86
2011-01-28,192.07
2011-01-31,191.16
2011-02-01,194.4
2011-02-07,193.73
2011-02-08,191.5
2011-02-09,191.34
2011-02-10,191.79
2011-02-11,190.81
2011-02-14,191.04
2011-02-15,192.8
2011-02-16,192.67
2011-02-17,195.67
2011-02-18,195.87
2011-02-21,196.36
2011-02-22,196.53
2011-02-23,198.41
2011-02-24,199.75
2011-02-25,200.39
2011-02-28,199.66
2011-03-02,201.43
2011-03-03,203.43
2011-03-04,201.74
2011-03-07,200.62
2011-03-08,201.2
2011-03-09,200.13
2011-03-10,200.22
2011-03-11,197.96
2011-03-14,201.14
2011-03-15,201.64
2011-03-16,199.68
2011-03-17,199.96
2011-03-18,201.2
2011-03-21,203.03
2011-03-22,203.02
2011-03-23,201.01
2011-03-24,200.78
2011-03-25,202.1
2011-03-28,198.29
2011-03-29,198.89
2011-03-30,199.28
2011-03-31,198.54
2011-04-01,198.71
2011-04-04,199.41
2011-04-05,197.92
2011-04-06,198.92
2011-04-07,198.81
2011-04-08,198.94
2011-04-11,201.18
2011-04-12,198.35
2011-04-13,199.69
2011-04-14,200.24
2011-04-15,201.73
2011-04-18,202.2
2011-04-19,199.25
2011-04-20,201.6
2011-04-21,202.15
2011-04-22,201.79
2011-04-25,201.87
2011-04-26,201.75
2011-04-27,204.71
2011-04-28,204.55
2011-04-29,204.82
2011-05-02,204.15
2011-05-03,203.25
2011-05-04,202.82
2011-05-06,196.5
2011-05-09,196.7
2011-05-11,199.36
2011-05-12,195.22
2011-05-13,196.62
2011-05-16,195.2
2011-05-17,196.06
2011-05-18,196.46
2011-05-19,196.15
2011-05-20,197.43
2011-05-23,195.15
2011-05-24,194.99
2011-05-25,196.83
2011-05-26,197.51
2011-05-27,198.0
2011-05-30,199.21
2011-05-31,199.66
2011-06-01,200.57
2011-06-02,197.9
2011-06-03,201.17
2011-06-07,200.3
2011-06-08,202.23
2011-06-09,200.33
2011-06-10,199.82
2011-06-13,196.56
2011-06-14,199.94
2011-06-15,200.65
2011-06-16,194.99
2011-06-17,197.25
2011-06-20,196.72
2011-06-21,195.69
2011-06-22,196.44
2011-06-23,197.0
2011-06-24,197.46
2011-06-27,195.95
2011-06-28,199.06
2011-06-29,199.3
2011-06-30,200.63
2011-07-01,198.47
2011-07-04,199.01
2011-07-05,199.23
2011-07-06,198.47
2011-07-07,196.96
2011-07-08,198.1
2011-07-11,194.69
2011-07-12,191.93
2011-07-13,190.34
2011-07-14,193.01
2011-07-15,190.85
2011-07-18,189.8
2011-07-19,190.75
2011-07-20,192.06
2011-07-21,193.01
2011-07-22,195.27
2011-07-25,194.2
2011-07-26,194.71
2011-07-27,196.9
2011-07-28,194.41
2011-07-29,194.71
2011-08-01,195.68
2011-08-02,195.51
2011-08-03,193.76
2011-08-04,197.83
2011-08-05,191.22
2011-08-08,195.51
2011-08-09,196.04
2011-08-10,200.39
2011-08-11,194.0
2011-08-12,196.35
2011-08-16,198.34
2011-08-17,196.41
2011-08-18,199.2
2011-08-19,195.88
2011-08-22,197.8
2011-08-23,198.6
2011-08-24,199.04
2011-08-25,198.43
2011-08-26,200.07
2011-08-29,202.17
2011-08-30,201.39
2011-08-31,199.93
2011-09-01,199.47
2011-09-02,196.63
2011-09-05,196.35
2011-09-06,196.0
2011-09-07,199.09
2011-09-08,198.85
2011-09-09,198.46
2011-09-14,191.56
2011-09-15,194.45
2011-09-16,198.95
2011-09-19,197.26
2011-09-20,196.87
2011-09-21,203.85
2011-09-22,199.88
2011-09-23,201.47
2011-09-26,203.71
2011-09-28,204.51
2011-09-29,202.14
2011-09-30,203.42
2011-10-04,199.16
2011-10-05,203.84
2011-10-06,203.64
2011-10-07,203.5
2011-10-10,202.18
2011-10-11,205.35
2011-10-12,204.55
2011-10-13,208.19
2011-10-14,205.46
2011-10-17,208.58
2011-10-18,203.42
2011-10-19,204.02
2011-10-20,202.64
2011-10-21,203.12
2011-10-24,206.27
2011-10-25,205.79
2011-10-26,203.8
2011-10-27,204.51
2011-10-28,207.73
2011-10-31,203.4
2011-11-01,198.69
2011-11-02,196.12
2011-11-03,198.64
2011-11-04,202.37
2011-11-07,198.77
2011-11-08,198.92
2011-11-09,199.45
2011-11-10,194.44
2011-11-11,199.19
2011-11-14,200.55
2011-11-15,195.85
2011-11-16,195.79
2011-11-17,195.6
2011-11-18,195.7
2011-11-21,196.29
2011-11-22,196.54
2011-11-23,198.49
2011-11-24,196.03
2011-11-25,196.72
2011-11-28,197.13
2011-11-29,195.67
2011-11-30,196.75
2011-12-01,197.53
2011-12-02,193.98
2011-12-05,195.19
2011-12-06,195.7
2011-12-07,196.68
2011-12-08,196.25
2011-12-09,195.41
2011-12-12,198.68
2011-12-13,195.97
2011-12-14,194.65
2011-12-15,193.66
2011-12-16,193.7
2011-12-19,194.14
2011-12-20,196.64
2011-12-21,197.91
2011-12-22,194.13
2011-12-23,194.65
2011-12-26,192.41
2011-12-27,192.55
2011-12-28,193.83
2011-12-29,192.34
2011-12-30,192.13
2012-01-02,192.91
2012-01-03,193.02
2012-01-04,194.57
2012-01-05,193.12
2012-01-06,191.13
2012-01-09,191.93
2012-01-10,194.01
2012-01-11,192.75
2012-01-12,191.78
2012-01-13,192.64
2012-01-16,189.31
2012-01-17,190.39
2012-01-18,190.0
2012-01-19,191.46
2012-01-20,192.4
2012-01-25,192.81
2012-01-26,192.78
2012-01-27,192.34
2012-01-30,193.7
2012-01-31,193.4
2012-02-01,191.94
2012-02-02,193.97
2012-02-03,191.94
2012-02-06,192.65
2012-02-07,192.43
2012-02-08,194.6
2012-02-09,193.56
2012-02-10,194.54
2012-02-13,196.03
2012-02-14,196.12
2012-02-15,195.81
2012-02-16,194.26
2012-02-17,196.86
2012-02-20,198.28
2012-02-21,197.86
2012-02-22,197.46
2012-02-23,199.25
2012-02-24,200.91
2012-02-27,202.11
2012-02-28,201.24
2012-02-29,202.32
2012-03-02,201.08
2012-03-05,198.48
2012-03-06,199.0
2012-03-07,196.38
2012-03-08,199.27
2012-03-09,200.38
2012-03-12,195.62
2012-03-13,197.65
2012-03-14,196.76
2012-03-15,193.0
2012-03-16,195.16
2012-03-19,196.28
2012-03-20,196.36
2012-03-21,194.91
2012-03-22,195.85
2012-03-23,195.37
2012-03-26,197.32
2012-03-27,200.57
2012-03-28,199.28
2012-03-29,198.25
2012-03-30,198.23
2012-04-02,199.98
2012-04-03,198.77
2012-04-04,196.19
2012-04-05,195.85
2012-04-06,194.88
2012-04-09,194.46
2012-04-10,196.9
2012-04-12,196.02
2012-04-13,198.06
2012-04-16,195.89
2012-04-17,197.88
2012-04-18,198.24
2012-04-19,197.44
2012-04-20,198.39
2012-04-23,199.03
2012-04-24,198.44
2012-04-25,199.13
2012-04-26,199.34
2012-04-27,197.64
2012-04-30,197.73
2012-05-02,197.77
2012-05-03,196.24
2012-05-04,196.62
2012-05-07,194.25
2012-05-08,196.45
2012-05-09,194.61
2012-05-10,195.39
2012-05-11,194.55
2012-05-14,195.05
2012-05-15,193.75
2012-05-16,192.35
2012-05-17,194.39
2012-05-18,194.24
2012-05-21,196.47
2012-05-22,196.69
2012-05-23,194.4
2012-05-24,195.85
2012-05-25,195.17
2012-05-29,196.46
2012-05-30,195.42
2012-05-31,193.5
2012-06-01,193.28
2012-06-04,192.69
2012-06-05,194.65
2012-06-07,194.65
2012-06-08,193.64
2012-06-11,195.54
2012-06-12,193.06
2012-06-13,194.9
2012-06-14,195.24
2012-06-15,196.36
2012-06-18,196.32
2012-06-19,193.57
2012-06-20,194.86
2012-06-21,195.22
2012-06-22,192.74
2012-06-25,193.78
2012-06-26,193.4
2012-06-27,192.82
2012-06-28,191.66
2012-06-29,190.05
2012-07-02,193.38
2012-07-03,191.47
2012-07-04,191.24
2012-07-05,189.55
2012-07-06,187.82
2012-07-09,185.97
2012-07-10,188.16
2012-07-11,187.33
2012-07-12,187.31
2012-07-13,187.73
2012-07-16,188.77
2012-07-17,188.5
2012-07-18,188.29
2012-07-19,187.01
2012-07-20,187.93
2012-07-23,187.52
2012-07-24,188.56
2012-07-25,187.83
2012-07-26,189.41
2012-07-27,190.44
2012-07-30,188.13
2012-07-31,188.06
2012-08-01,187.86
2012-08-02,186.55
2012-08-03,186.91
2012-08-06,190.02
2012-08-07,188.85
2012-08-08,190.14
2012-08-09,191.89
2012-08-10,190.27
2012-08-13,190.53
2012-08-14,190.26
2012-08-16,189.87
2012-08-17,190.65
2012-08-20,191.37
2012-08-21,191.81
2012-08-22,192.41
2012-08-23,193.78
2012-08-24,193.94
2012-08-27,194.53
2012-08-28,194.64
2012-08-29,194.99
2012-08-30,194.74
2012-08-31,194.97
2012-09-03,195.57
2012-09-04,194.84
2012-09-05,194.98
2012-09-06,194.63
2012-09-07,193.98
2012-09-10,197.21
2012-09-11,194.88
2012-09-12,195.88
2012-09-13,196.3
2012-09-14,197.67
2012-09-17,196.93
2012-09-18,195.56
2012-09-19,195.52
2012-09-20,196.08
2012-09-21,195.09
2012-09-24,195.14
2012-09-25,194.92
2012-09-26,195.19
2012-09-27,194.83
2012-09-28,195.95
2012-10-02,194.33
2012-10-04,193.35
2012-10-05,195.36
2012-10-08,195.49
2012-10-09,194.37
2012-10-10,193.72
2012-10-11,194.24
2012-10-12,195.4
2012-10-15,194.44
2012-10-16,194.76
2012-10-17,196.15
2012-10-18,196.01
2012-10-19,196.03
2012-10-22,195.16
2012-10-23,194.93
2012-10-24,192.33
2012-10-25,191.96
2012-10-26,190.72
2012-10-29,189.96
2012-10-30,190.09
2012-10-31,190.91
2012-11-01,191.23
2012-11-02,192.21
2012-11-05,191.81
2012-11-06,190.47
2012-11-07,191.07
2012-11-08,189.32
2012-11-09,190.2
2012-11-12,189.94
2012-11-13,189.36
2012-11-14,188.85
2012-11-15,188.85
2012-11-16,188.75
2012-11-19,188.38
2012-11-20,189.17
2012-11-21,188.75
2012-11-22,189.87
2012-11-23,190.75
2012-11-26,192.09
2012-11-27,192.19
2012-11-28,190.67
2012-11-29,191.48
2012-11-30,190.74
2012-12-03,190.82
2012-12-04,192.17
2012-12-05,192.76
2012-12-06,192.41
2012-12-07,191.52
2012-12-10,190.27
2012-12-11,190.37
2012-12-12,190.72
2012-12-13,191.32
2012-12-14,190.6
2012-12-17,191.23
2012-12-18,191.2
2012-12-20,192.01
2012-12-21,193.23
2012-12-24,192.86
2012-12-26,191.67
2012-12-27,191.97
2012-12-28,192.36
2012-12-31,191.72
2013-01-02,192.54
2013-01-03,191.92
2013-01-04,190.37
2013-01-07,189.68
2013-01-08,190.67
2013-01-09,189.83
2013-01-10,189.69
2013-01-11,192.02
2013-01-14,191.38
2013-01-15,191.79
2013-01-16,189.27
2013-01-17,190.12
2013-01-18,190.02
2013-01-21,188.46
2013-01-22,189.16
2013-01-23,190.86
2013-01-24,191.54
2013-01-25,193.06
2013-01-29,195.47
2013-01-30,197.83
2013-01-31,197.83
2013-02-01,199.27
2013-02-04,200.46
2013-02-05,198.69
2013-02-06,198.39
2013-02-07,198.04
2013-02-08,197.24
2013-02-12,198.79
2013-02-13,199.46
2013-02-14,198.32
2013-02-15,195.78
2013-02-18,194.48
2013-02-19,194.91
2013-02-20,195.37
2013-02-21,192.5
2013-02-22,190.96
2013-02-25,191.7
2013-02-26,190.79
2013-02-27,190.98
2013-02-28,190.74
2013-03-04,188.19
2013-03-05,190.89
2013-03-06,190.7
2013-03-07,189.46
2013-03-08,191.56
2013-03-11,190.23
2013-03-12,191.86
2013-03-13,191.67
2013-03-14,191.13
2013-03-15,190.87
2013-03-18,191.36
2013-03-19,192.34
2013-03-20,190.01
2013-03-21,191.05
2013-03-22,191.19
2013-03-25,192.18
2013-03-26,190.5
2013-03-27,190.13
2013-03-28,189.5
2013-03-29,190.41
2013-04-01,190.19
2013-04-02,191.65
2013-04-03,191.41
2013-04-04,192.61
2013-04-05,194.2
2013-04-08,196.79
2013-04-09,198.34
2013-04-10,199.51
2013-04-11,198.07
2013-04-12,198.07
2013-04-15,197.75
2013-04-16,195.36
2013-04-17,195.6
2013-04-18,192.07
2013-04-19,192.76
2013-04-22,192.31
2013-04-23,191.75
2013-04-24,189.26
2013-04-25,189.8
2013-04-26,189.66
2013-04-29,189.6
2013-04-30,190.64
2013-05-02,191.16
2013-05-03,189.58
2013-05-06,189.54
2013-05-07,187.33
2013-05-08,187.26
2013-05-09,189.2
2013-05-10,187.96
2013-05-13,190.03
2013-05-14,192.26
2013-05-15,190.22
2013-05-16,190.28
2013-05-20,190.15
2013-05-21,191.78
2013-05-22,192.21
2013-05-23,190.96
2013-05-24,192.71
2013-05-27,193.62
2013-05-28,192.49
2013-05-29,190.87
2013-05-30,191.74
2013-05-31,193.53
2013-06-03,191.88
2013-06-04,194.22
2013-06-05,192.97
2013-06-07,194.64
2013-06-10,192.57
2013-06-11,194.98
2013-06-12,196.23
2013-06-13,196.58
2013-06-14,197.44
2013-06-17,197.54
2013-06-18,196.78
2013-06-19,196.95
2013-06-20,196.06
2013-06-21,191.1
2013-06-24,190.44
2013-06-25,189.19
2013-06-26,190.35
2013-06-27,188.93
2013-06-28,190.21
2013-07-01,188.61
2013-07-02,186.16
2013-07-03,185.47
2013-07-04,186.67
2013-07-05,186.61
2013-07-08,182.38
2013-07-09,187.34
2013-07-10,185.11
2013-07-11,188.76
2013-07-12,185.67
2013-07-15,185.12
2013-07-16,185.14
2013-07-17,186.72
2013-07-18,186.7
2013-07-19,187.61
2013-07-22,188.02
2013-07-23,188.43
2013-07-24,189.98
2013-07-25,187.78
2013-07-26,189.16
2013-07-29,188.31
2013-07-30,186.81
2013-07-31,187.66
2013-08-01,189.81
2013-08-02,188.45
2013-08-05,189.52
2013-08-06,188.56
2013-08-07,188.22
2013-08-08,189.32
2013-08-09,188.61
2013-08-12,190.1
2013-08-13,189.37
2013-08-14,189.61
2013-08-16,189.43
2013-08-19,188.28
2013-08-20,188.13
2013-08-21,188.43
2013-08-22,183.88
2013-08-23,184.26
2013-08-26,185.68
2013-08-27,184.35
2013-08-28,185.4
2013-08-29,184.69
2013-08-30,182.32
2013-09-02,181.32
2013-09-03,181.46
2013-09-04,180.49
2013-09-05,181.39
2013-09-06,178.48
2013-09-09,180.23
2013-09-10,181.08
2013-09-11,183.26
2013-09-12,183.7
2013-09-13,184.12
2013-09-16,183.91
2013-09-17,183.02
2013-09-23,183.09
2013-09-24,181.65
2013-09-25,179.84
2013-09-26,179.23
2013-09-27,179.7
2013-09-30,179.19
2013-10-01,178.85
2013-10-02,179.12
2013-10-04,180.74
2013-10-07,179.57
2013-10-08,179.28
2013-10-10,178.87
2013-10-11,178.17
2013-10-14,178.51
2013-10-15,179.27
2013-10-16,177.42
2013-10-17,178.0
2013-10-18,179.55
2013-10-21,179.87
2013-10-22,179.34
2013-10-23,180.04
2013-10-24,178.52
2013-10-25,179.27
2013-10-28,180.38
2013-10-29,179.97
2013-10-30,179.91
2013-10-31,179.81
2013-11-01,178.37
2013-11-04,178.02
2013-11-05,178.6
2013-11-06,177.43
2013-11-07,178.27
2013-11-08,175.39
2013-11-11,172.22
2013-11-12,173.75
2013-11-13,172.83
2013-11-14,173.92
2013-11-15,173.47
2013-11-18,174.53
2013-11-19,173.01
2013-11-20,173.25
2013-11-21,172.47
2013-11-22,174.25
2013-11-25,174.94
2013-11-26,173.81
2013-11-27,173.91
2013-11-28,173.68
2013-11-29,174.45
2013-12-02,172.67
2013-12-03,172.76
2013-12-04,173.99
2013-12-05,172.52
2013-12-06,172.47
2013-12-09,172.19
2013-12-10,171.63
2013-12-11,172.26
2013-12-12,171.1
2013-12-13,169.91
2013-12-16,170.12
2013-12-17,171.21
2013-12-18,172.12
2013-12-19,171.11
2013-12-20,172.01
2013-12-23,172.32
2013-12-24,172.75
2013-12-26,172.49
2013-12-27,172.36
2013-12-30,171.99
2013-12-31,173.54
2014-01-02,175.24
2014-01-03,170.23
2014-01-06,171.31
2014-01-07,172.17
2014-01-08,173.02
2014-01-09,171.85
2014-01-10,172.28
2014-01-13,172.91
2014-01-14,172.74
2014-01-15,173.99
2014-01-16,173.17
2014-01-17,172.19
2014-01-20,172.03
2014-01-21,172.26
2014-01-22,172.46
2014-01-23,173.3
2014-01-24,176.12
2014-01-27,175.66
2014-01-28,176.33
2014-01-29,175.97
2014-02-03,170.7
2014-02-04,172.14
2014-02-05,172.79
2014-02-06,173.2
2014-02-07,173.27
2014-02-10,173.98
2014-02-11,174.85
2014-02-12,175.01
2014-02-13,174.13
2014-02-14,174.28
2014-02-17,174.81
2014-02-18,174.4
2014-02-19,176.23
2014-02-20,175.76
2014-02-21,175.82
2014-02-24,176.71
2014-02-25,178.36
2014-02-26,177.34
2014-02-27,176.73
2014-02-28,176.79
2014-03-03,177.34
2014-03-04,177.25
2014-03-05,178.32
2014-03-06,178.47
2014-03-07,178.52
2014-03-10,177.53
2014-03-11,178.99
2014-03-12,178.71
2014-03-13,179.78
2014-03-14,178.91
2014-03-17,179.53
2014-03-18,179.8
2014-03-19,179.36
2014-03-20,177.39
2014-03-21,177.33
2014-03-24,178.49
2014-03-25,179.21
2014-03-26,178.81
2014-03-27,177.68
2014-03-28,178.7
2014-03-31,177.96
2014-04-01,178.09
2014-04-02,177.24
2014-04-03,176.9
2014-04-04,176.24
2014-04-07,176.1
2014-04-08,175.86
2014-04-09,176.34
2014-04-10,175.8
2014-04-11,174.71
2014-04-14,174.41
2014-04-15,174.24
2014-04-16,174.91
2014-04-17,174.31
2014-04-18,173.12
2014-04-21,173.22
2014-04-22,173.2
2014-04-23,173.56
2014-04-24,173.51
2014-04-25,173.19
2014-04-28,172.86
2014-04-29,172.78
2014-04-30,171.61
2014-05-02,173.64
2014-05-07,174.07
2014-05-08,173.52
2014-05-09,173.5
2014-05-12,173.09
2014-05-13,173.11
2014-05-14,172.75
2014-05-15,172.92
2014-05-16,172.61
2014-05-19,172.84
2014-05-20,172.35
2014-05-21,171.98
2014-05-22,172.7
2014-05-23,172.39
2014-05-26,171.67
2014-05-27,171.87
2014-05-28,171.93
2014-05-29,171.36
2014-05-30,171.22
2014-06-02,170.65
2014-06-03,170.68
2014-06-05,170.7
2014-06-09,171.89
2014-06-10,170.39
2014-06-11,170.03
2014-06-12,169.32
2014-06-13,169.91
2014-06-16,169.79
2014-06-17,170.27
2014-06-18,170.36
2014-06-19,170.18
2014-06-20,166.39
2014-06-23,166.34
2014-06-24,166.66
2014-06-25,166.53
2014-06-26,166.44
2014-06-27,165.8
2014-06-30,165.51
2014-07-01,165.02
2014-07-02,164.12
2014-07-03,163.53
2014-07-04,163.01
2014-07-07,163.05
2014-07-08,163.9
2014-07-09,163.34
2014-07-10,164.51
2014-07-11,163.98
2014-07-14,164.83
2014-07-15,164.8
2014-07-16,164.85
2014-07-17,166.62
2014-07-18,165.78
2014-07-21,166.92
2014-07-22,165.8
2014-07-23,165.51
2014-07-24,164.91
2014-07-25,165.74
2014-07-28,165.49
2014-07-29,164.65
2014-07-30,163.93
2014-07-31,163.76
2014-08-01,163.25
2014-08-04,164.93
2014-08-05,164.69
2014-08-06,164.07
2014-08-07,165.09
2014-08-08,165.65
2014-08-11,166.46
2014-08-12,166.63
2014-08-13,166.34
2014-08-14,166.97
2014-08-18,166.88
2014-08-19,165.21
2014-08-20,165.18
2014-08-21,164.88
2014-08-22,166.59
2014-08-25,164.91
2014-08-26,165.17
2014-08-27,164.74
2014-08-28,164.17
2014-08-29,164.09
2014-09-01,163.81
2014-09-02,163.91
2014-09-03,164.05
2014-09-04,163.81
2014-09-05,162.47
2014-09-11,161.61
2014-09-12,162.08
2014-09-15,163.01
2014-09-16,162.43
2014-09-17,161.69
2014-09-18,160.26
2014-09-19,164.7
2014-09-22,164.38
2014-09-23,164.02
2014-09-24,164.03
2014-09-25,162.55
2014-09-26,163.14
2014-09-29,161.34
2014-09-30,163.05
2014-10-01,164.02
2014-10-02,164.73
2014-10-06,162.52
2014-10-07,165.09
2014-10-08,165.12
2014-10-10,165.58
2014-10-13,164.42
2014-10-14,164.98
2014-10-15,161.61
2014-10-16,162.62
2014-10-17,161.73
2014-10-20,162.22
2014-10-21,161.63
2014-10-22,160.48
2014-10-23,159.34
2014-10-24,160.52
2014-10-27,160.55
2014-10-28,159.68
2014-10-29,158.86
2014-10-30,156.27
2014-10-31,157.21
2014-11-03,156.65
2014-11-04,158.06
2014-11-05,157.49
2014-11-06,157.85
2014-11-07,158.58
2014-11-10,160.51
2014-11-11,159.3
2014-11-12,160.37
2014-11-13,161.38
2014-11-14,161.64
2014-11-17,162.67
2014-11-18,161.66
2014-11-19,163.18
2014-11-20,162.3
2014-11-21,164.39
2014-11-24,163.37
2014-11-25,163.63
2014-11-26,163.59
2014-11-27,162.0
2014-11-28,158.98
2014-12-01,157.21
2014-12-02,160.81
2014-12-03,157.45
2014-12-04,158.51
2014-12-05,158.07
2014-12-08,155.9
2014-12-09,156.15
2014-12-10,156.26
2014-12-11,154.18
2014-12-12,150.42
2014-12-15,149.82
2014-12-16,148.18
2014-12-17,146.64
2014-12-18,146.77
2014-12-19,149.34
2014-12-22,149.55
2014-12-23,147.69
2014-12-24,148.01
2014-12-26,148.4
2014-12-29,147.13
2014-12-30,147.28
2014-12-31,147.91
2015-01-02,147.45
2015-01-05,145.13
2015-01-06,145.17
2015-01-07,142.58
2015-01-08,142.73
2015-01-09,144.11
2015-01-12,142.76
2015-01-13,139.86
2015-01-14,139.48
2015-01-15,141.68
2015-01-16,142.63
2015-01-19,142.49
2015-01-20,141.59
2015-01-21,141.21
2015-01-22,143.43
2015-01-23,141.63
2015-01-26,139.37
2015-01-27,138.26
2015-01-28,139.85
2015-01-29,138.07
2015-01-30,139.35
2015-02-02,142.0
2015-02-03,143.93
2015-02-04,145.91
2015-02-05,142.98
2015-02-06,144.8
2015-02-09,142.75
2015-02-10,144.27
2015-02-11,143.91
2015-02-12,143.19
2015-02-13,144.76
2015-02-16,144.58
2015-02-17,145.02
2015-02-23,146.01
2015-02-24,145.65
2015-02-25,146.08
2015-02-26,146.23
2015-02-27,143.47
2015-03-02,143.55
2015-03-03,143.17
2015-03-04,142.7
2015-03-05,141.05
2015-03-06,142.51
2015-03-09,139.13
2015-03-10,139.9
2015-03-11,138.15
2015-03-12,137.38
2015-03-13,139.52
2015-03-16,137.24
2015-03-17,137.17
2015-03-18,135.91
2015-03-19,137.4
2015-03-20,137.66
2015-03-23,139.66
2015-03-24,141.58
2015-03-25,140.78
2015-03-26,140.6
2015-03-27,139.55
2015-03-30,138.51
2015-03-31,137.97
2015-04-01,137.66
2015-04-02,137.54
2015-04-03,137.33
2015-04-06,138.34
2015-04-07,136.68
2015-04-08,134.89
2015-04-09,135.78
2015-04-10,135.12
2015-04-13,135.0
2015-04-14,135.66
2015-04-15,137.92
2015-04-16,140.26
2015-04-17,140.51
2015-04-20,138.12
2015-04-21,137.33
2015-04-22,137.47
2015-04-23,136.8
2015-04-24,138.19
2015-04-27,138.66
2015-04-28,138.94
2015-04-29,140.1
2015-04-30,141.84
2015-05-04,140.64
2015-05-06,142.57
2015-05-07,145.64
2015-05-08,145.59
2015-05-11,145.76
2015-05-12,144.1
2015-05-13,146.4
2015-05-14,148.28
2015-05-15,148.24
2015-05-18,148.83
2015-05-19,146.54
2015-05-20,144.81
2015-05-21,144.59
2015-05-22,144.59
2015-05-26,142.66
2015-05-27,141.72
2015-05-28,142.46
2015-05-29,142.18
2015-06-01,142.39
2015-06-02,139.65
2015-06-03,142.29
2015-06-04,142.58
2015-06-05,142.42
2015-06-08,139.7
2015-06-09,143.36
2015-06-10,143.84
2015-06-11,143.78
2015-06-12,141.37
2015-06-15,142.99
2015-06-16,143.96
2015-06-17,143.97
2015-06-18,145.96
2015-06-19,142.68
2015-06-22,142.88
2015-06-23,142.13
2015-06-24,141.0
2015-06-25,141.36
2015-06-26,142.08
2015-06-29,140.94
2015-06-30,142.76
2015-07-01,142.15
2015-07-02,140.92
2015-07-03,141.11
2015-07-06,139.34
2015-07-07,139.39
2015-07-08,138.36
2015-07-09,138.05
2015-07-10,139.83
2015-07-13,140.95
2015-07-14,139.98
2015-07-15,140.39
2015-07-16,139.92
2015-07-17,140.6
2015-07-20,140.19
2015-07-21,140.06
2015-07-22,142.88
2015-07-23,141.28
2015-07-24,142.2
2015-07-27,141.89
2015-07-28,142.97
2015-07-29,142.9
2015-07-30,142.07
2015-07-31,142.83
2015-08-03,143.0
2015-08-04,141.25
2015-08-05,141.15
2015-08-06,142.03
2015-08-07,141.42
2015-08-10,140.88
2015-08-11,142.17
2015-08-12,141.55
2015-08-13,145.85
2015-08-17,142.54
2015-08-18,143.95
2015-08-19,143.08
2015-08-20,142.85
2015-08-21,143.8
2015-08-24,145.39
2015-08-25,145.58
2015-08-26,145.1
2015-08-27,142.3
2015-08-28,142.69
2015-08-31,141.91
2015-09-01,143.04
2015-09-02,141.66
2015-09-03,142.82
2015-09-04,143.47
2015-09-07,143.36
2015-09-08,144.4
2015-09-09,146.18
2015-09-10,145.11
2015-09-11,146.27
2015-09-14,145.43
2015-09-15,144.12
2015-09-16,144.41
2015-09-17,144.76
2015-09-18,144.37
2015-09-21,142.94
2015-09-22,142.57
2015-09-23,141.88
2015-09-24,143.15
2015-09-25,140.53
2015-09-30,141.02
2015-10-01,139.66
2015-10-02,139.8
2015-10-05,140.74
2015-10-06,139.48
2015-10-07,140.67
2015-10-08,141.95
2015-10-12,143.44
2015-10-13,141.74
2015-10-14,140.84
2015-10-15,142.27
2015-10-16,139.87
2015-10-19,139.09
2015-10-20,138.35
2015-10-21,139.11
2015-10-22,138.21
2015-10-23,137.18
2015-10-26,134.35
2015-10-27,136.1
2015-10-28,133.54
2015-10-29,132.21
2015-10-30,133.4
2015-11-02,134.35
2015-11-03,134.28
2015-11-04,133.2
2015-11-05,130.59
2015-11-06,132.96
2015-11-09,131.46
2015-11-10,133.28
2015-11-11,134.39
2015-11-12,134.27
2015-11-13,133.12
2015-11-16,133.29
2015-11-17,134.77
2015-11-18,134.66
2015-11-19,135.35
2015-11-20,135.4
2015-11-23,133.92
2015-11-24,133.83
2015-11-25,133.68
2015-11-26,132.41
2015-11-27,132.23
2015-11-30,132.22
2015-12-01,133.22
2015-12-02,134.17
2015-12-03,133.87
2015-12-04,137.45
2015-12-07,135.7
2015-12-08,134.64
2015-12-09,134.19
2015-12-10,135.83
2015-12-11,136.24
2015-12-14,135.81
2015-12-15,137.11
2015-12-16,136.18
2015-12-17,134.31
2015-12-18,134.51
2015-12-21,135.21
2015-12-22,134.25
2015-12-23,134.83
2015-12-24,134.46
2015-12-28,134.48
2015-12-29,134.06
2015-12-30,134.21
2015-12-31,133.3
2016-01-04,132.51
2016-01-05,133.37
2016-01-06,133.39
2016-01-07,133.37
2016-01-08,134.99
2016-01-11,135.2
2016-01-12,135.21
2016-01-13,136.13
2016-01-14,136.89
2016-01-15,138.48
2016-01-18,136.83
2016-01-19,136.21
2016-01-20,137.15
2016-01-21,136.39
2016-01-22,137.7
2016-01-25,137.67
2016-01-26,136.42
2016-01-27,138.11
2016-01-28,138.6
2016-01-29,140.34
2016-02-01,138.75
2016-02-02,138.61
2016-02-03,138.0
2016-02-04,142.05
2016-02-05,141.66
2016-02-11,140.31
2016-02-12,139.78
2016-02-15,140.44
2016-02-16,140.49
2016-02-17,141.01
2016-02-18,143.28
2016-02-19,142.73
2016-02-22,143.99
2016-02-23,143.29
2016-02-24,142.94
2016-02-25,142.45
2016-02-26,143.31
2016-02-29,142.01
2016-03-02,143.51
2016-03-03,142.33
2016-03-04,141.96
2016-03-07,142.32
2016-03-08,141.26
2016-03-09,140.74
2016-03-10,142.45
2016-03-11,141.92
2016-03-14,142.68
2016-03-15,140.05
2016-03-16,139.07
2016-03-17,141.08
2016-03-18,141.16
2016-03-21,138.55
2016-03-22,138.49
2016-03-23,137.98
2016-03-24,136.64
2016-03-25,137.61
2016-03-28,137.8
2016-03-29,138.74
2016-03-30,138.55
2016-03-31,138.81
2016-04-01,138.28
2016-04-04,138.16
2016-04-05,137.77
2016-04-06,138.55
2016-04-07,138.97
2016-04-08,138.65
2016-04-11,140.63
2016-04-12,140.2
2016-04-14,139.04
2016-04-15,140.04
2016-04-18,138.34
2016-04-19,140.11
2016-04-20,140.26
2016-04-21,139.52
2016-04-22,138.36
2016-04-25,138.48
2016-04-26,140.13
2016-04-27,140.9
2016-04-28,140.6
2016-04-29,140.53
2016-05-02,141.27
2016-05-03,142.24
2016-05-04,140.1
2016-05-09,140.67
2016-05-10,141.7
2016-05-11,143.05
2016-05-12,143.07
2016-05-13,143.21
2016-05-16,142.68
2016-05-17,144.28
2016-05-18,143.34
2016-05-19,142.19
2016-05-20,142.56
2016-05-23,142.66
2016-05-24,141.62
2016-05-25,142.26
2016-05-26,142.42
2016-05-27,142.76
2016-05-30,141.43
2016-05-31,142.73
2016-06-01,142.17
2016-06-02,143.56
2016-06-03,142.72
2016-06-07,145.12
2016-06-08,143.31
2016-06-09,142.79
2016-06-10,141.71
2016-06-13,140.71
2016-06-14,141.81
2016-06-15,140.36
2016-06-16,141.55
2016-06-17,139.5
2016-06-20,141.09
2016-06-21,140.5
2016-06-22,139.43
2016-06-23,140.1
2016-06-24,140.66
2016-06-27,137.18
2016-06-28,138.1
2016-06-29,138.82
2016-06-30,138.89
2016-07-01,137.9
2016-07-04,137.75
2016-07-05,138.46
2016-07-06,137.05
2016-07-07,138.14
2016-07-08,135.99
2016-07-11,136.03
2016-07-12,135.04
2016-07-13,136.19
2016-07-14,136.05
2016-07-15,136.39
2016-07-18,133.84
2016-07-19,134.57
2016-07-20,133.84
2016-07-21,134.12
2016-07-22,134.24
2016-07-25,132.67
2016-07-26,132.5
2016-07-27,132.76
2016-07-28,132.85
2016-07-29,131.58
2016-08-01,133.03
2016-08-02,130.77
2016-08-03,131.46
2016-08-04,131.72
2016-08-05,132.04
2016-08-08,130.61
2016-08-09,131.3
2016-08-10,131.71
2016-08-11,132.54
2016-08-12,133.35
2016-08-16,134.03
2016-08-17,133.66
2016-08-18,134.33
2016-08-19,135.64
2016-08-22,135.61
2016-08-23,137.08
2016-08-24,136.09
2016-08-25,136.51
2016-08-26,136.17
2016-08-29,134.44
2016-08-30,135.94
2016-08-31,134.04
2016-09-01,134.1
2016-09-02,134.29
2016-09-05,134.54
2016-09-06,133.49
2016-09-07,135.01
2016-09-08,133.66
2016-09-09,133.58
2016-09-12,133.22
2016-09-13,135.06
2016-09-19,133.85
2016-09-20,135.16
2016-09-21,134.89
2016-09-22,135.37
2016-09-23,135.71
2016-09-26,136.19
2016-09-27,136.5
2016-09-28,136.05
2016-09-29,136.42
2016-09-30,136.22
2016-10-04,138.21
2016-10-05,137.94
2016-10-06,138.81
2016-10-07,137.85
2016-10-10,137.84
2016-10-11,137.48
2016-10-12,136.62
2016-10-13,136.65
2016-10-14,138.67
2016-10-17,137.71
2016-10-18,139.47
2016-10-19,138.81
2016-10-20,138.08
2016-10-21,137.34
2016-10-24,137.38
2016-10-25,137.3
2016-10-26,137.26
2016-10-27,136.86
2016-10-28,137.77
2016-10-31,138.52
2016-11-01,138.51
2016-11-02,138.95
2016-11-03,140.29
2016-11-04,139.3
2016-11-07,140.05
2016-11-08,138.61
2016-11-09,138.12
2016-11-10,137.49
2016-11-11,137.55
2016-11-14,138.33
2016-11-15,138.13
2016-11-16,138.57
2016-11-17,137.83
2016-11-18,137.39
2016-11-21,137.49
2016-11-22,138.45
2016-11-23,137.95
2016-11-24,136.31
2016-11-25,137.59
2016-11-28,137.32
2016-11-29,136.87
2016-11-30,137.05
2016-12-01,137.09
2016-12-02,139.44
2016-12-05,137.58
2016-12-06,140.03
2016-12-07,139.21
2016-12-08,139.94
2016-12-09,137.48
2016-12-12,137.36
2016-12-13,138.73
2016-12-14,138.3
2016-12-15,135.93
2016-12-16,136.35
2016-12-19,136.35
2016-12-20,136.59
2016-12-21,136.85
2016-12-22,137.56
2016-12-23,137.44
2016-12-26,138.43
2016-12-27,137.97
2016-12-28,138.43
2016-12-29,138.59
2016-12-30,139.75
2017-01-02,139.99
2017-01-03,139.57
2017-01-04,139.53
2017-01-05,140.36
2017-01-06,140.55
2017-01-09,139.25
2017-01-10,141.34
2017-01-11,139.34
2017-01-12,139.94
2017-01-13,138.72
2017-01-16,138.31
2017-01-17,138.38
2017-01-18,139.78
2017-01-19,137.29
2017-01-20,139.27
2017-01-23,139.67
2017-01-24,139.85
2017-01-25,139.35
2017-01-26,140.35
2017-01-31,139.35
2017-02-01,141.4
2017-02-02,140.29
2017-02-03,139.31
2017-02-06,139.63
2017-02-07,137.83
2017-02-08,137.21
2017-02-09,137.71
2017-02-10,137.45
2017-02-13,137.24
2017-02-14,137.23
2017-02-15,136.26
2017-02-16,136.83
2017-02-17,137.46
2017-02-20,137.33
2017-02-21,137.63
2017-02-22,137.26
2017-02-23,136.34
2017-02-24,136.63
2017-02-27,135.02
2017-02-28,135.27
2017-03-02,134.57
2017-03-03,134.61
2017-03-06,136.86
2017-03-07,136.1
2017-03-08,136.15
2017-03-09,134.17
2017-03-10,134.51
2017-03-13,134.68
2017-03-14,133.98
2017-03-15,133.23
2017-03-16,134.81
2017-03-17,133.1
2017-03-20,133.68
2017-03-21,132.54
2017-03-22,131.92
2017-03-23,132.74
2017-03-24,131.87
2017-03-27,132.71
2017-03-28,131.27
2017-03-29,130.46
2017-03-30,131.0
2017-03-31,130.36
2017-04-03,130.4
2017-04-04,129.79
2017-04-05,130.32
2017-04-06,130.67
2017-04-07,131.14
2017-04-10,130.91
2017-04-11,132.37
2017-04-12,133.23
2017-04-13,133.95
2017-04-14,131.89
2017-04-17,132.58
2017-04-18,132.76
2017-04-19,133.74
2017-04-20,132.83
2017-04-21,132.37
2017-04-24,133.34
2017-04-25,132.26
2017-04-26,131.9
2017-04-27,131.12
2017-04-28,131.91
2017-05-02,132.04
2017-05-04,130.7
2017-05-08,131.58
2017-05-10,130.41
2017-05-11,131.47
2017-05-12,131.41
2017-05-15,131.49
2017-05-16,131.67
2017-05-17,132.1
2017-05-18,133.06
2017-05-19,132.73
2017-05-22,134.64
2017-05-23,133.85
2017-05-24,133.81
2017-05-25,135.24
2017-05-26,133.11
2017-05-29,133.53
2017-05-30,132.83
2017-05-31,132.99
2017-06-01,133.0
2017-06-02,132.59
2017-06-05,133.03
2017-06-07,132.26
2017-06-08,132.07
2017-06-09,132.13
2017-06-12,131.95
2017-06-13,132.93
2017-06-14,133.87
2017-06-15,133.55
2017-06-16,132.04
2017-06-19,134.21
2017-06-20,132.98
2017-06-21,133.0
2017-06-22,133.95
2017-06-23,134.32
2017-06-26,135.03
2017-06-27,133.75
2017-06-28,134.99
2017-06-29,135.34
2017-06-30,136.05
2017-07-03,137.17
2017-07-04,137.06
2017-07-05,137.63
2017-07-06,136.97
2017-07-07,138.08
2017-07-10,138.28
2017-07-11,137.98
2017-07-12,138.95
2017-07-13,138.3
2017-07-14,137.71
2017-07-17,138.82
2017-07-18,138.26
2017-07-19,139.29
2017-07-20,139.36
2017-07-21,139.8
2017-07-24,139.57
2017-07-25,139.21
2017-07-26,139.9
2017-07-27,141.93
2017-07-28,139.92
2017-07-31,141.53
2017-08-01,142.43
2017-08-02,141.13
2017-08-03,142.22
2017-08-04,142.74
2017-08-07,141.61
2017-08-08,142.27
2017-08-09,141.57
2017-08-10,142.74
2017-08-11,143.45
2017-08-14,144.52
2017-08-16,143.13
2017-08-17,143.86
2017-08-18,142.55
2017-08-21,144.24
2017-08-22,144.02
2017-08-23,143.62
2017-08-24,143.83
2017-08-25,143.75
2017-08-28,145.98
2017-08-29,144.15
2017-08-30,145.27
2017-08-31,143.9
2017-09-01,145.15
2017-09-04,144.15
2017-09-05,144.89
2017-09-06,145.58
2017-09-07,145.39
2017-09-08,146.08
2017-09-11,145.42
2017-09-12,144.18
2017-09-13,144.19
2017-09-14,143.17
2017-09-15,143.81
2017-09-18,144.34
2017-09-19,144.12
2017-09-20,144.83
2017-09-21,143.57
2017-09-22,145.19
2017-09-25,145.36
2017-09-26,144.66
2017-09-27,143.97
2017-09-28,143.28
2017-09-29,144.38
2017-10-10,143.52
2017-10-11,143.19
2017-10-12,143.39
2017-10-13,143.38
2017-10-16,143.23
2017-10-17,142.63
2017-10-18,142.52
2017-10-19,142.11
2017-10-20,142.81
2017-10-23,141.57
2017-10-24,141.41
2017-10-25,140.94
2017-10-26,140.82
2017-10-27,137.34
2017-10-30,138.54
2017-10-31,137.95
2017-11-01,137.28
2017-11-02,137.06
2017-11-03,136.82
2017-11-06,136.27
2017-11-07,137.25
2017-11-08,136.16
2017-11-09,136.53
2017-11-10,136.99
2017-11-13,137.26
2017-11-14,137.18
2017-11-15,136.72
2017-11-16,135.14
2017-11-17,134.44
2017-11-20,132.63
2017-11-21,132.48
2017-11-22,133.52
2017-11-23,133.85
2017-11-24,133.76
2017-11-27,133.36
2017-11-28,133.49
2017-11-29,132.14
2017-11-30,131.17
2017-12-01,130.35
2017-12-04,131.14
2017-12-05,130.76
2017-12-06,131.27
2017-12-07,132.07
2017-12-08,131.42
2017-12-11,131.81
2017-12-12,130.38
2017-12-13,130.65
2017-12-14,131.3
2017-12-15,130.95
2017-12-18,129.83
2017-12-19,130.27
2017-12-20,130.16
2017-12-21,128.79
2017-12-22,129.22
2017-12-26,129.72
2017-12-27,129.59
2017-12-28,130.08
2017-12-29,129.86
2018-01-02,130.75
2018-01-03,130.99
2018-01-04,131.42
2018-01-05,132.09
2018-01-08,131.97
2018-01-09,131.87
2018-01-10,131.58
2018-01-11,132.61
2018-01-12,133.69
2018-01-15,134.43
2018-01-16,134.67
2018-01-17,135.08
2018-01-18,135.11
2018-01-19,136.37
2018-01-22,135.9
2018-01-23,136.07
2018-01-24,136.7
2018-01-25,138.08
2018-01-26,136.97
2018-01-29,138.43
2018-01-30,138.11
2018-01-31,138.77
2018-02-01,138.92
2018-02-02,140.12
2018-02-05,138.87
2018-02-06,139.08
2018-02-07,140.06
2018-02-08,136.87
2018-02-09,137.27
2018-02-12,137.05
2018-02-13,136.92
2018-02-14,137.61
2018-02-19,139.0
2018-02-20,137.23
2018-02-21,136.46
2018-02-22,136.57
2018-02-23,137.99
2018-02-26,137.46
2018-02-27,137.22
2018-02-28,136.14
2018-03-02,137.94
2018-03-05,139.06
2018-03-06,138.2
2018-03-07,138.4
2018-03-08,136.83
2018-03-09,136.28
2018-03-12,137.51
2018-03-13,137.39
2018-03-14,137.76
2018-03-15,137.91
2018-03-16,138.11
2018-03-19,138.5
2018-03-20,138.71
2018-03-21,138.28
2018-03-22,139.33
2018-03-23,138.07
2018-03-26,139.43
2018-03-27,140.85
2018-03-28,138.99
2018-03-29,136.05
2018-03-30,136.05
2018-04-02,135.53
2018-04-03,134.14
2018-04-04,134.97
2018-04-05,135.23
2018-04-06,135.25
2018-04-09,136.04
2018-04-10,137.1
2018-04-11,136.93
2018-04-12,137.37
2018-04-13,137.6
2018-04-16,137.58
2018-04-17,138.08
2018-04-18,137.62
2018-04-19,137.47
2018-04-20,136.47
2018-04-23,136.22
2018-04-24,135.45
2018-04-25,136.27
2018-04-26,135.38
2018-04-27,135.09
2018-04-30,135.02
2018-05-02,131.97
2018-05-03,132.38
2018-05-04,133.69
2018-05-08,133.46
2018-05-09,132.55
2018-05-10,133.89
2018-05-11,134.42
2018-05-14,133.69
2018-05-15,132.79
2018-05-16,131.97
2018-05-17,133.71
2018-05-18,132.8
2018-05-21,133.07
2018-05-23,134.55
2018-05-24,133.43
2018-05-25,133.3
2018-05-28,132.34
2018-05-29,130.99
2018-05-30,129.85
2018-05-31,132.14
2018-06-01,131.69
2018-06-04,131.48
2018-06-05,131.85
2018-06-07,132.44
2018-06-08,132.51
2018-06-11,133.26
2018-06-12,133.39
2018-06-14,134.15
2018-06-15,133.21
2018-06-18,133.79
2018-06-19,135.87
2018-06-20,135.04
2018-06-21,135.46
2018-06-22,136.49
2018-06-25,137.06
2018-06-26,137.74
2018-06-27,137.18
2018-06-28,136.52
2018-06-29,136.96
2018-07-02,136.95
2018-07-03,136.75
2018-07-04,137.75
2018-07-05,137.47
2018-07-06,138.67
2018-07-09,139.2
2018-07-10,138.6
2018-07-11,138.83
2018-07-12,138.22
2018-07-13,138.96
2018-07-16,138.38
2018-07-17,139.27
2018-07-18,137.97
2018-07-19,138.13
2018-07-20,137.4
2018-07-23,139.05
2018-07-24,137.64
2018-07-25,138.79
2018-07-26,138.63
2018-07-27,136.69
2018-07-30,136.8
2018-07-31,137.3
2018-08-01,137.03
2018-08-02,136.96
2018-08-03,136.24
2018-08-06,136.63
2018-08-07,136.2
2018-08-08,137.23
2018-08-09,136.15
2018-08-10,134.3
2018-08-13,134.66
2018-08-14,135.49
2018-08-16,133.86
2018-08-17,133.3
2018-08-20,133.21
2018-08-21,132.93
2018-08-22,133.09
2018-08-23,134.08
2018-08-24,133.63
2018-08-27,134.71
2018-08-28,133.86
2018-08-29,133.08
2018-08-30,133.07
2018-08-31,132.8
2018-09-03,132.64
2018-09-04,133.25
2018-09-05,132.74
2018-09-06,133.03
2018-09-07,133.13
2018-09-10,132.89
2018-09-11,134.47
2018-09-12,135.41
2018-09-13,136.53
2018-09-14,136.45
2018-09-17,135.61
2018-09-18,137.71
2018-09-19,138.2
2018-09-20,137.71
2018-09-21,137.47
2018-09-27,137.8
2018-09-28,136.42
2018-10-01,136.3
2018-10-02,136.26
2018-10-04,135.7
2018-10-05,136.79
2018-10-08,136.9
2018-10-10,136.97
2018-10-11,137.76
2018-10-12,139.1
2018-10-15,138.66
2018-10-16,139.08
2018-10-17,138.49
2018-10-18,136.95
2018-10-19,136.85
2018-10-22,137.9
2018-10-23,137.02
2018-10-24,137.04
2018-10-25,135.67
2018-10-26,136.44
2018-10-29,136.51
2018-10-30,135.66
2018-10-31,135.62
2018-11-01,135.13
2018-11-02,136.3
2018-11-05,134.62
2018-11-06,134.32
2018-11-07,134.2
2018-11-08,134.3
2018-11-09,133.45
2018-11-12,133.43
2018-11-13,132.95
2018-11-14,133.88
2018-11-15,133.12
2018-11-16,133.17
2018-11-19,133.7
2018-11-20,133.0
2018-11-21,131.37
2018-11-22,132.7
2018-11-23,132.33
2018-11-26,131.59
2018-11-27,131.65
2018-11-28,131.42
2018-11-29,131.94
2018-11-30,131.39
2018-12-03,130.74
2018-12-04,130.57
2018-12-05,130.43
2018-12-06,131.0
2018-12-07,131.28
2018-12-10,131.59
2018-12-11,131.36
2018-12-12,131.68
2018-12-13,131.6
2018-12-14,131.35
2018-12-17,131.02
2018-12-18,130.92
2018-12-19,129.46
2018-12-20,129.11
2018-12-21,130.16
2018-12-24,128.1
2018-12-26,128.56
2018-12-27,128.49
2018-12-28,127.9
2018-12-31,128.51
2019-01-02,129.3
2019-01-03,128.1
2019-01-04,129.75
2019-01-07,130.72
2019-01-08,131.07
2019-01-09,131.29
2019-01-10,132.47
2019-01-11,131.99
2019-01-14,130.94
2019-01-15,131.2
2019-01-16,131.1
2019-01-17,131.44
2019-01-18,131.1
2019-01-21,131.04
2019-01-22,131.62
2019-01-23,131.41
2019-01-24,131.7
2019-01-25,131.37
2019-01-28,132.15
2019-01-29,131.23
2019-01-30,131.58
2019-01-31,132.65
2019-02-01,131.84
2019-02-07,130.82
2019-02-08,130.68
2019-02-11,130.09
2019-02-12,129.04
2019-02-13,130.1
2019-02-14,129.49
2019-02-15,130.09
2019-02-18,130.5
2019-02-19,130.67
2019-02-20,131.56
2019-02-21,130.71
2019-02-22,130.33
2019-02-25,130.82
2019-02-26,130.36
2019-02-27,130.64
2019-02-28,130.74
2019-03-04,130.74
2019-03-05,130.0
2019-03-06,129.9
2019-03-07,130.22
2019-03-08,128.51
2019-03-11,129.68
2019-03-12,131.16
2019-03-13,130.75
2019-03-14,132.24
2019-03-15,132.16
2019-03-18,133.15
2019-03-19,132.63
2019-03-20,132.64
2019-03-21,133.1
2019-03-22,133.21
2019-03-25,131.91
2019-03-26,133.01
2019-03-27,132.54
2019-03-28,131.43
2019-03-29,131.7
2019-04-01,131.81
2019-04-02,131.89
2019-04-03,132.08
2019-04-04,132.56
2019-04-05,132.06
2019-04-08,132.0
2019-04-09,133.43
2019-04-10,133.54
2019-04-11,134.36
2019-04-12,133.51
2019-04-15,134.38
2019-04-16,133.47
2019-04-17,133.69
2019-04-18,133.78
2019-04-19,133.5
2019-04-22,133.46
2019-04-23,134.32
2019-04-24,133.42
2019-04-25,132.7
2019-04-26,133.68
2019-04-29,133.54
2019-04-30,133.87
2019-05-02,134.23
2019-05-03,132.97
2019-05-07,133.92
2019-05-08,133.74
2019-05-09,133.5
2019-05-10,133.79
2019-05-13,135.04
2019-05-14,135.03
2019-05-15,135.8
2019-05-16,136.46
2019-05-17,135.96
2019-05-20,135.69
2019-05-21,135.73
2019-05-22,136.25
2019-05-23,136.47
2019-05-24,136.05
2019-05-27,136.92
2019-05-28,136.03
2019-05-29,136.2
2019-05-30,136.42
2019-05-31,135.74
2019-06-03,135.95
2019-06-04,135.99
2019-06-05,135.93
2019-06-07,135.7
2019-06-10,136.83
2019-06-11,136.84
2019-06-12,136.92
2019-06-13,136.44
2019-06-14,136.51
2019-06-17,135.87
2019-06-18,135.89
2019-06-19,135.56
2019-06-20,135.39
2019-06-21,136.5
2019-06-24,136.67
2019-06-25,136.56
2019-06-26,135.2
2019-06-27,136.39
2019-06-28,135.87
2019-07-01,135.77
2019-07-02,134.6
2019-07-03,135.93
2019-07-04,137.25
2019-07-05,137.07
2019-07-08,135.87
2019-07-09,136.38
2019-07-10,136.41
2019-07-11,137.76
2019-07-12,137.45
2019-07-15,137.91
2019-07-16,138.11
2019-07-17,137.38
2019-07-18,137.42
2019-07-19,137.93
2019-07-22,136.84
2019-07-23,136.73
2019-07-24,135.71
2019-07-25,136.29
2019-07-26,135.96
2019-07-29,135.92
2019-07-30,136.01
2019-07-31,134.98
2019-08-01,133.47
2019-08-02,133.58
2019-08-05,133.98
2019-08-06,135.89
2019-08-07,136.36
2019-08-08,135.7
2019-08-09,135.65
2019-08-12,136.3
2019-08-13,136.33
2019-08-14,137.41
2019-08-16,134.35
2019-08-19,134.77
2019-08-20,134.79
2019-08-21,134.63
2019-08-22,134.65
2019-08-23,134.18
2019-08-26,134.82
2019-08-27,135.27
2019-08-28,134.68
2019-08-29,134.21
2019-08-30,133.59
2019-09-02,132.6
2019-09-03,133.03
2019-09-04,133.46
2019-09-05,133.97
2019-09-06,133.14
2019-09-09,133.26
2019-09-10,133.59
2019-09-11,133.14
2019-09-16,133.52
2019-09-17,132.17
2019-09-18,133.12
2019-09-19,133.04
2019-09-20,133.16
2019-09-23,131.42
2019-09-24,131.93
2019-09-25,132.55
2019-09-26,132.41
2019-09-27,131.98
2019-09-30,132.43
2019-10-01,131.77
2019-10-02,131.27
2019-10-04,131.99
2019-10-07,131.52
2019-10-08,130.93
2019-10-10,130.19
2019-10-11,131.09
2019-10-14,130.92
2019-10-15,129.96
2019-10-16,129.75
2019-10-17,129.34
2019-10-18,129.22
2019-10-21,128.81
2019-10-22,128.63
2019-10-23,128.07
2019-10-24,128.6
2019-10-25,128.05
2019-10-28,127.7
2019-10-29,126.83
2019-10-30,126.42
2019-10-31,127.33
2019-11-01,126.36
2019-11-04,128.4
2019-11-05,126.89
2019-11-06,126.39
2019-11-07,126.23
2019-11-08,127.41
2019-11-11,126.54
2019-11-12,127.12
2019-11-13,126.98
2019-11-14,127.14
2019-11-15,127.67
2019-11-18,128.36
2019-11-19,127.75
2019-11-20,127.96
2019-11-21,128.12
2019-11-22,128.54
2019-11-25,128.52
2019-11-26,128.08
2019-11-27,128.08
2019-11-28,128.33
2019-11-29,128.66
2019-12-02,128.14
2019-12-03,128.74
2019-12-04,129.14
2019-12-05,130.11
2019-12-06,130.19
2019-12-09,130.34
2019-12-10,130.02
2019-12-11,129.86
2019-12-12,131.0
2019-12-13,131.49
2019-12-16,129.81
2019-12-17,130.14
2019-12-18,129.32
2019-12-19,129.39
2019-12-20,129.9
2019-12-23,129.59
2019-12-24,129.59
2019-12-26,130.53
2019-12-27,130.71
2019-12-30,131.65
2019-12-31,131.31
2020-01-02,131.92
2020-01-03,131.55
2020-01-06,131.68
2020-01-07,133.0
2020-01-08,131.48
2020-01-09,132.42
2020-01-10,130.61
2020-01-13,130.65
2020-01-14,130.0
2020-01-15,129.91
2020-01-16,130.78
