,SAR
2010-01-04,311.3
2010-01-05,308.26
2010-01-06,305.13
2010-01-07,303.5
2010-01-08,302.17
2010-01-11,302.09
2010-01-12,298.59
2010-01-13,299.77
2010-01-14,300.35
2010-01-15,299.22
2010-01-18,299.58
2010-01-19,300.5
2010-01-20,299.79
2010-01-21,301.93
2010-01-22,303.6
2010-01-25,307.33
2010-01-26,306.41
2010-01-27,306.97
2010-01-28,309.34
2010-01-29,308.38
2010-02-01,308.75
2010-02-02,311.39
2010-02-03,309.34
2010-02-04,307.25
2010-02-05,307.54
2010-02-08,312.29
2010-02-09,312.67
2010-02-10,311.07
2010-02-11,308.8
2010-02-12,308.56
2010-02-16,307.97
2010-02-17,307.42
2010-02-18,304.74
2010-02-19,306.0
2010-02-22,308.77
2010-02-23,306.48
2010-02-24,306.25
2010-02-25,308.27
2010-02-26,308.89
2010-03-02,309.38
2010-03-03,307.38
2010-03-04,305.76
2010-03-05,305.01
2010-03-08,304.51
2010-03-09,302.31
2010-03-10,302.53
2010-03-11,302.04
2010-03-12,301.59
2010-03-15,301.61
2010-03-16,302.37
2010-03-17,302.3
2010-03-18,301.19
2010-03-19,301.67
2010-03-22,302.11
2010-03-23,303.05
2010-03-24,302.47
2010-03-25,302.79
2010-03-26,304.31
2010-03-29,304.45
2010-03-30,303.62
2010-03-31,301.55
2010-04-01,301.99
2010-04-02,300.88
2010-04-05,299.8
2010-04-06,300.01
2010-04-07,299.49
2010-04-08,299.13
2010-04-09,299.5
2010-04-12,298.34
2010-04-13,296.78
2010-04-14,298.68
2010-04-15,297.5
2010-04-16,295.65
2010-04-19,296.88
2010-04-20,297.85
2010-04-21,297.53
2010-04-22,296.01
2010-04-23,296.11
2010-04-26,295.98
2010-04-27,294.38
2010-04-28,295.13
2010-04-29,298.35
2010-04-30,297.45
2010-05-03,295.58
2010-05-04,297.53
2010-05-06,297.21
2010-05-07,303.21
2010-05-10,308.97
2010-05-11,302.33
2010-05-12,301.34
2010-05-13,303.47
2010-05-14,301.58
2010-05-17,302.14
2010-05-18,306.62
2010-05-19,306.7
2010-05-20,310.67
2010-05-24,314.31
2010-05-25,323.19
2010-05-26,334.67
2010-05-27,334.08
2010-05-28,329.1
2010-05-31,320.07
2010-06-01,320.41
2010-06-03,322.36
2010-06-04,321.23
2010-06-07,320.25
2010-06-08,329.31
2010-06-09,328.92
2010-06-10,331.23
2010-06-11,336.38
2010-06-14,330.89
2010-06-15,326.63
2010-06-16,326.35
2010-06-17,322.92
2010-06-18,324.22
2010-06-21,321.55
2010-06-22,313.77
2010-06-23,315.32
2010-06-24,316.83
2010-06-25,316.07
2010-06-28,321.27
2010-06-29,320.07
2010-06-30,322.71
2010-07-01,328.0
2010-07-02,328.28
2010-07-05,325.63
2010-07-06,326.32
2010-07-07,327.65
2010-07-08,325.8
2010-07-09,322.97
2010-07-12,319.65
2010-07-13,319.31
2010-07-14,321.25
2010-07-15,319.74
2010-07-16,321.21
2010-07-19,320.27
2010-07-20,324.21
2010-07-21,323.13
2010-07-22,320.92
2010-07-23,321.81
2010-07-26,319.28
2010-07-27,318.48
2010-07-28,315.61
2010-07-29,316.39
2010-07-30,316.58
2010-08-02,315.98
2010-08-03,312.89
2010-08-04,311.61
2010-08-05,311.85
2010-08-06,311.51
2010-08-09,310.84
2010-08-10,309.08
2010-08-11,311.24
2010-08-12,313.92
2010-08-13,318.28
2010-08-16,316.43
2010-08-17,318.17
2010-08-18,314.28
2010-08-19,313.01
2010-08-20,312.87
2010-08-23,314.64
2010-08-24,315.05
2010-08-25,317.06
2010-08-26,318.74
2010-08-27,318.49
2010-08-30,318.69
2010-08-31,317.07
2010-09-01,319.13
2010-09-02,317.47
2010-09-03,314.91
2010-09-06,314.06
2010-09-07,312.3
2010-09-08,313.72
2010-09-09,313.63
2010-09-10,311.74
2010-09-13,311.01
2010-09-14,309.72
2010-09-15,309.68
2010-09-16,309.52
2010-09-17,310.15
2010-09-20,310.14
2010-09-24,309.87
2010-09-27,308.34
2010-09-28,306.4
2010-09-29,306.23
2010-09-30,304.51
2010-10-01,304.33
2010-10-04,302.48
2010-10-05,299.75
2010-10-06,301.5
2010-10-07,298.67
2010-10-08,297.95
2010-10-11,298.57
2010-10-12,297.42
2010-10-13,300.53
2010-10-14,298.53
2010-10-15,296.74
2010-10-18,297.26
2010-10-19,297.91
2010-10-20,299.61
2010-10-21,301.67
2010-10-22,300.31
2010-10-25,301.19
2010-10-26,297.92
2010-10-27,298.04
2010-10-28,300.26
2010-10-29,300.41
2010-11-01,299.76
2010-11-02,297.96
2010-11-03,297.29
2010-11-04,296.06
2010-11-05,295.18
2010-11-08,294.98
2010-11-09,296.82
2010-11-10,297.54
2010-11-11,297.14
2010-11-12,295.31
2010-11-15,298.55
2010-11-16,301.1
2010-11-17,301.1
2010-11-18,303.58
2010-11-19,303.68
2010-11-22,301.76
2010-11-23,300.38
2010-11-24,302.47
2010-11-25,306.39
2010-11-26,305.13
2010-11-29,305.99
2010-11-30,308.61
2010-12-01,307.82
2010-12-02,307.75
2010-12-03,306.44
2010-12-06,304.9
2010-12-07,302.24
2010-12-08,302.41
2010-12-09,304.14
2010-12-10,303.52
2010-12-13,304.38
2010-12-14,304.89
2010-12-15,304.33
2010-12-16,306.97
2010-12-17,308.38
2010-12-20,306.86
2010-12-21,310.64
2010-12-22,307.53
2010-12-23,308.13
2010-12-24,307.08
2010-12-27,307.22
2010-12-28,306.86
2010-12-29,306.0
2010-12-30,305.6
2010-12-31,303.68
2011-01-03,303.68
2011-01-04,300.65
2011-01-05,299.26
2011-01-06,299.99
2011-01-07,299.48
2011-01-10,299.22
2011-01-11,298.81
2011-01-12,300.3
2011-01-13,298.66
2011-01-14,296.58
2011-01-17,297.25
2011-01-18,297.24
2011-01-19,297.8
2011-01-20,296.66
2011-01-21,298.17
2011-01-24,299.19
2011-01-25,298.73
2011-01-26,298.01
2011-01-27,298.17
2011-01-28,297.14
2011-01-31,297.11
2011-02-01,299.34
2011-02-07,297.77
2011-02-08,295.19
2011-02-09,294.49
2011-02-10,294.6
2011-02-11,296.74
2011-02-14,298.82
2011-02-15,299.69
2011-02-16,299.31
2011-02-17,298.83
2011-02-18,297.64
2011-02-21,296.78
2011-02-22,297.69
2011-02-23,300.19
2011-02-24,300.17
2011-02-25,300.47
2011-02-28,300.76
2011-03-02,300.98
2011-03-03,300.86
2011-03-04,299.32
2011-03-07,297.67
2011-03-08,298.07
2011-03-09,297.96
2011-03-10,297.37
2011-03-11,298.22
2011-03-14,299.85
2011-03-15,301.26
2011-03-16,301.64
2011-03-17,302.04
2011-03-18,303.34
2011-03-21,300.87
2011-03-22,300.22
2011-03-23,299.11
2011-03-24,299.65
2011-03-25,299.4
2011-03-28,297.19
2011-03-29,297.1
2011-03-30,297.21
2011-03-31,295.25
2011-04-01,293.34
2011-04-04,291.88
2011-04-05,289.83
2011-04-06,290.58
2011-04-07,289.45
2011-04-08,290.12
2011-04-11,289.42
2011-04-12,289.16
2011-04-13,291.1
2011-04-14,291.33
2011-04-15,290.48
2011-04-18,290.09
2011-04-19,290.63
2011-04-20,291.39
2011-04-21,288.97
2011-04-22,288.02
2011-04-25,288.46
2011-04-26,288.38
2011-04-27,289.46
2011-04-28,287.97
2011-04-29,285.93
2011-05-02,286.23
2011-05-03,284.47
2011-05-04,285.36
2011-05-06,286.54
2011-05-09,289.31
2011-05-11,287.96
2011-05-12,286.63
2011-05-13,288.7
2011-05-16,290.35
2011-05-17,291.4
2011-05-18,291.02
2011-05-19,289.77
2011-05-20,289.25
2011-05-23,288.71
2011-05-24,291.1
2011-05-25,291.93
2011-05-26,292.33
2011-05-27,290.82
2011-05-30,288.57
2011-05-31,288.14
2011-06-01,287.17
2011-06-02,287.02
2011-06-03,288.09
2011-06-07,287.32
2011-06-08,288.14
2011-06-09,288.39
2011-06-10,288.81
2011-06-13,288.3
2011-06-14,289.56
2011-06-15,288.93
2011-06-16,288.65
2011-06-17,290.37
2011-06-20,289.9
2011-06-21,288.83
2011-06-22,288.44
2011-06-23,286.65
2011-06-24,287.11
2011-06-27,287.41
2011-06-28,289.76
2011-06-29,288.5
2011-06-30,287.5
2011-07-01,285.34
2011-07-04,284.37
2011-07-05,283.66
2011-07-06,284.14
2011-07-07,283.95
2011-07-08,283.83
2011-07-11,282.23
2011-07-12,282.57
2011-07-13,284.31
2011-07-14,283.5
2011-07-15,281.76
2011-07-18,281.94
2011-07-19,282.98
2011-07-20,282.56
2011-07-21,281.4
2011-07-22,281.39
2011-07-25,280.3
2011-07-26,281.19
2011-07-27,280.77
2011-07-28,280.04
2011-07-29,280.69
2011-08-01,280.81
2011-08-02,279.85
2011-08-03,280.33
2011-08-04,282.28
2011-08-05,282.25
2011-08-08,285.15
2011-08-09,286.25
2011-08-10,291.24
2011-08-11,288.1
2011-08-12,289.5
2011-08-16,287.64
2011-08-17,285.32
2011-08-18,286.04
2011-08-19,285.93
2011-08-22,288.77
2011-08-23,288.88
2011-08-24,288.25
2011-08-25,287.7
2011-08-26,289.37
2011-08-29,289.19
2011-08-30,286.93
2011-08-31,285.78
2011-09-01,285.41
2011-09-02,283.43
2011-09-05,283.36
2011-09-06,284.85
2011-09-07,285.78
2011-09-08,285.74
2011-09-09,286.05
2011-09-14,286.88
2011-09-15,293.4
2011-09-16,295.45
2011-09-19,295.13
2011-09-20,299.26
2011-09-21,306.78
2011-09-22,305.89
2011-09-23,313.96
2011-09-26,316.22
2011-09-28,314.54
2011-09-29,312.68
2011-09-30,314.5
2011-10-04,314.13
2011-10-05,319.83
2011-10-06,317.96
2011-10-07,316.4
2011-10-10,314.61
2011-10-11,312.76
2011-10-12,310.43
2011-10-13,312.6
2011-10-14,308.78
2011-10-17,309.39
2011-10-18,305.5
2011-10-19,305.86
2011-10-20,303.37
2011-10-21,303.83
2011-10-24,306.51
2011-10-25,303.36
2011-10-26,300.74
2011-10-27,301.42
2011-10-28,299.84
2011-10-31,294.53
2011-11-01,294.69
2011-11-02,297.02
2011-11-03,300.3
2011-11-04,301.71
2011-11-07,296.67
2011-11-08,297.3
2011-11-09,297.66
2011-11-10,297.5
2011-11-11,302.46
2011-11-14,300.59
2011-11-15,298.81
2011-11-16,300.28
2011-11-17,302.49
2011-11-18,303.32
2011-11-21,303.01
2011-11-22,303.86
2011-11-23,305.73
2011-11-24,306.42
2011-11-25,308.54
2011-11-28,309.28
2011-11-29,307.94
2011-11-30,306.71
2011-12-01,304.14
2011-12-02,300.56
2011-12-05,300.7
2011-12-06,301.37
2011-12-07,301.62
2011-12-08,300.44
2011-12-09,301.53
2011-12-12,304.58
2011-12-13,305.3
2011-12-14,308.07
2011-12-15,308.9
2011-12-16,309.68
2011-12-19,308.37
2011-12-20,311.83
2011-12-21,311.21
2011-12-22,306.89
2011-12-23,308.32
2011-12-26,306.49
2011-12-27,306.65
2011-12-28,308.37
2011-12-29,308.63
2011-12-30,307.54
2012-01-02,307.53
2012-01-03,308.13
2012-01-04,306.89
2012-01-05,305.96
2012-01-06,306.73
2012-01-09,308.89
2012-01-10,310.46
2012-01-11,308.3
2012-01-12,309.14
2012-01-13,308.99
2012-01-16,306.81
2012-01-17,307.7
2012-01-18,305.85
2012-01-19,304.81
2012-01-20,303.01
2012-01-25,302.55
2012-01-26,300.34
2012-01-27,299.06
2012-01-30,299.65
2012-01-31,299.97
2012-02-01,300.19
2012-02-02,300.35
2012-02-03,298.25
2012-02-06,298.35
2012-02-07,298.63
2012-02-08,299.05
2012-02-09,297.77
2012-02-10,298.13
2012-02-13,298.97
2012-02-14,299.49
2012-02-15,299.61
2012-02-16,299.47
2012-02-17,300.72
2012-02-20,299.84
2012-02-21,299.37
2012-02-22,299.8
2012-02-23,300.33
2012-02-24,300.87
2012-02-27,299.88
2012-02-28,300.88
2012-02-29,300.36
2012-03-02,298.67
2012-03-05,297.16
2012-03-06,298.2
2012-03-07,298.73
2012-03-08,300.35
2012-03-09,298.58
2012-03-12,297.59
2012-03-13,299.19
2012-03-14,299.03
2012-03-15,299.64
2012-03-16,301.07
2012-03-19,299.8
2012-03-20,299.43
2012-03-21,299.46
2012-03-22,300.6
2012-03-23,301.39
2012-03-26,302.32
2012-03-27,303.47
2012-03-28,303.12
2012-03-29,303.23
2012-03-30,303.4
2012-04-02,302.44
2012-04-03,300.81
2012-04-04,299.55
2012-04-05,300.72
2012-04-06,301.17
2012-04-09,301.5
2012-04-10,303.34
2012-04-12,303.42
2012-04-13,304.6
2012-04-16,302.41
2012-04-17,303.37
2012-04-18,303.69
2012-04-19,303.07
2012-04-20,304.11
2012-04-23,304.04
2012-04-24,303.69
2012-04-25,304.31
2012-04-26,303.82
2012-04-27,303.4
2012-04-30,302.41
2012-05-02,301.74
2012-05-03,300.48
2012-05-04,301.31
2012-05-07,301.71
2012-05-08,303.69
2012-05-09,302.83
2012-05-10,303.98
2012-05-11,304.65
2012-05-14,305.37
2012-05-15,306.3
2012-05-16,307.74
2012-05-17,309.8
2012-05-18,310.16
2012-05-21,312.8
2012-05-22,311.1
2012-05-23,310.35
2012-05-24,312.43
2012-05-25,313.9
2012-05-29,314.76
2012-05-30,314.28
2012-05-31,314.05
2012-06-01,315.08
2012-06-04,314.72
2012-06-05,315.11
2012-06-07,315.11
2012-06-08,312.15
2012-06-11,312.76
2012-06-12,311.16
2012-06-13,312.11
2012-06-14,311.38
2012-06-15,311.13
2012-06-18,310.36
2012-06-19,308.87
2012-06-20,308.82
2012-06-21,307.35
2012-06-22,306.66
2012-06-25,308.57
2012-06-26,309.53
2012-06-27,309.28
2012-06-28,308.54
2012-06-29,307.66
2012-07-02,307.14
2012-07-03,304.95
2012-07-04,304.41
2012-07-05,302.73
2012-07-06,303.06
2012-07-09,303.56
2012-07-10,304.62
2012-07-11,304.81
2012-07-12,305.08
2012-07-13,305.53
2012-07-16,307.02
2012-07-17,306.01
2012-07-18,304.92
2012-07-19,304.05
2012-07-20,303.62
2012-07-23,304.17
2012-07-24,305.83
2012-07-25,306.14
2012-07-26,306.89
2012-07-27,305.9
2012-07-30,303.96
2012-07-31,302.97
2012-08-01,302.17
2012-08-02,300.68
2012-08-03,301.42
2012-08-06,302.81
2012-08-07,300.38
2012-08-08,300.6
2012-08-09,300.78
2012-08-10,300.3
2012-08-13,300.81
2012-08-14,301.65
2012-08-16,301.13
2012-08-17,302.14
2012-08-20,302.2
2012-08-21,302.78
2012-08-22,301.98
2012-08-23,302.25
2012-08-24,301.53
2012-08-27,302.3
2012-08-28,302.82
2012-08-29,303.24
2012-08-30,302.38
2012-08-31,302.54
2012-09-03,302.49
2012-09-04,301.8
2012-09-05,301.8
2012-09-06,302.65
2012-09-07,302.54
2012-09-10,301.45
2012-09-11,300.95
2012-09-12,301.13
2012-09-13,300.31
2012-09-14,300.73
2012-09-17,298.76
2012-09-18,297.32
2012-09-19,298.04
2012-09-20,297.88
2012-09-21,298.17
2012-09-24,298.49
2012-09-25,298.6
2012-09-26,298.28
2012-09-27,298.85
2012-09-28,298.29
2012-10-02,296.77
2012-10-04,296.7
2012-10-05,296.87
2012-10-08,296.15
2012-10-09,296.34
2012-10-10,296.14
2012-10-11,297.14
2012-10-12,297.43
2012-10-15,296.29
2012-10-16,296.55
2012-10-17,295.22
2012-10-18,294.66
2012-10-19,294.61
2012-10-22,294.73
2012-10-23,294.69
2012-10-24,293.94
2012-10-25,294.31
2012-10-26,293.7
2012-10-29,292.39
2012-10-30,292.22
2012-10-31,291.75
2012-11-01,290.81
2012-11-02,290.9
2012-11-05,290.97
2012-11-06,291.1
2012-11-07,291.05
2012-11-08,289.87
2012-11-09,290.16
2012-11-12,290.54
2012-11-13,290.22
2012-11-14,290.72
2012-11-15,289.93
2012-11-16,289.76
2012-11-19,290.46
2012-11-20,289.83
2012-11-21,288.78
2012-11-22,288.84
2012-11-23,289.08
2012-11-26,289.66
2012-11-27,289.29
2012-11-28,289.09
2012-11-29,289.43
2012-11-30,289.25
2012-12-03,288.85
2012-12-04,288.92
2012-12-05,288.97
2012-12-06,288.65
2012-12-07,288.7
2012-12-10,288.68
2012-12-11,287.82
2012-12-12,287.26
2012-12-13,286.84
2012-12-14,285.93
2012-12-17,286.36
2012-12-18,286.09
2012-12-20,285.79
2012-12-21,286.22
2012-12-24,286.77
2012-12-26,286.6
2012-12-27,286.31
2012-12-28,285.97
2012-12-31,285.59
2013-01-02,285.58
2013-01-03,283.9
2013-01-04,283.66
2013-01-07,283.74
2013-01-08,283.55
2013-01-09,283.5
2013-01-10,283.2
2013-01-11,282.91
2013-01-14,281.71
2013-01-15,281.6
2013-01-16,281.42
2013-01-17,282.35
2013-01-18,282.17
2013-01-21,281.61
2013-01-22,282.65
2013-01-23,283.82
2013-01-24,284.09
2013-01-25,284.89
2013-01-29,288.65
2013-01-30,290.11
2013-01-31,288.7
2013-02-01,290.36
2013-02-04,291.42
2013-02-05,290.38
2013-02-06,289.8
2013-02-07,290.33
2013-02-08,290.46
2013-02-12,291.66
2013-02-13,291.77
2013-02-14,289.7
2013-02-15,289.24
2013-02-18,287.72
2013-02-19,288.67
2013-02-20,288.35
2013-02-21,287.38
2013-02-22,289.08
2013-02-25,289.69
2013-02-26,289.95
2013-02-27,290.12
2013-02-28,289.42
2013-03-04,288.49
2013-03-05,291.02
2013-03-06,289.85
2013-03-07,288.94
2013-03-08,289.68
2013-03-11,290.73
2013-03-12,292.86
2013-03-13,291.98
2013-03-14,292.65
2013-03-15,294.65
2013-03-18,295.96
2013-03-19,297.27
2013-03-20,296.05
2013-03-21,297.98
2013-03-22,297.64
2013-03-25,297.9
2013-03-26,296.65
2013-03-27,295.42
2013-03-28,295.77
2013-03-29,296.54
2013-04-01,296.65
2013-04-02,297.45
2013-04-03,296.73
2013-04-04,298.81
2013-04-05,299.66
2013-04-08,300.54
2013-04-09,303.53
2013-04-10,303.69
2013-04-11,303.53
2013-04-12,301.05
2013-04-15,301.61
2013-04-16,299.91
2013-04-17,298.54
2013-04-18,297.4
2013-04-19,299.18
2013-04-22,298.25
2013-04-23,299.1
2013-04-24,298.71
2013-04-25,298.44
2013-04-26,297.02
2013-04-29,295.77
2013-04-30,295.47
2013-05-02,293.9
2013-05-03,293.23
2013-05-06,293.29
2013-05-07,291.72
2013-05-08,291.71
2013-05-09,290.03
2013-05-10,289.84
2013-05-13,294.0
2013-05-14,297.19
2013-05-15,295.81
2013-05-16,296.95
2013-05-20,297.12
2013-05-21,298.14
2013-05-22,296.75
2013-05-23,296.62
2013-05-24,299.65
2013-05-27,300.78
2013-05-28,300.01
2013-05-29,300.13
2013-05-30,301.58
2013-05-31,300.86
2013-06-03,300.4
2013-06-04,300.8
2013-06-05,299.13
2013-06-07,298.45
2013-06-10,296.35
2013-06-11,299.61
2013-06-12,302.29
2013-06-13,301.63
2013-06-14,302.61
2013-06-17,300.84
2013-06-18,300.76
2013-06-19,301.28
2013-06-20,302.11
2013-06-21,305.2
2013-06-24,308.13
2013-06-25,308.52
2013-06-26,309.06
2013-06-27,307.54
2013-06-28,306.58
2013-07-01,305.38
2013-07-02,303.16
2013-07-03,302.1
2013-07-04,304.14
2013-07-05,304.03
2013-07-08,304.41
2013-07-09,307.0
2013-07-10,305.21
2013-07-11,303.64
2013-07-12,299.96
2013-07-15,299.24
2013-07-16,299.32
2013-07-17,298.36
2013-07-18,298.13
2013-07-19,299.25
2013-07-22,299.57
2013-07-23,298.24
2013-07-24,297.7
2013-07-25,297.07
2013-07-26,297.91
2013-07-29,296.43
2013-07-30,295.83
2013-07-31,296.95
2013-08-01,298.53
2013-08-02,299.02
2013-08-05,300.07
2013-08-06,297.65
2013-08-07,297.1
2013-08-08,297.91
2013-08-09,296.93
2013-08-12,296.45
2013-08-13,296.77
2013-08-14,297.7
2013-08-16,298.5
2013-08-19,297.3
2013-08-20,296.98
2013-08-21,299.16
2013-08-22,298.14
2013-08-23,299.8
2013-08-26,298.17
2013-08-27,296.77
2013-08-28,297.51
2013-08-29,297.82
2013-08-30,296.2
2013-09-02,295.85
2013-09-03,294.39
2013-09-04,292.2
2013-09-05,293.24
2013-09-06,291.63
2013-09-09,292.06
2013-09-10,290.14
2013-09-11,289.26
2013-09-12,289.85
2013-09-13,288.82
2013-09-16,289.38
2013-09-17,288.56
2013-09-23,289.36
2013-09-24,286.89
2013-09-25,286.62
2013-09-26,287.13
2013-09-27,286.48
2013-09-30,286.8
2013-10-01,286.7
2013-10-02,286.51
2013-10-04,286.55
2013-10-07,285.74
2013-10-08,285.44
2013-10-10,286.27
2013-10-11,286.83
2013-10-14,285.44
2013-10-15,285.92
2013-10-16,284.75
2013-10-17,284.53
2013-10-18,283.81
2013-10-21,283.02
2013-10-22,283.17
2013-10-23,283.09
2013-10-24,281.7
2013-10-25,281.89
2013-10-28,283.25
2013-10-29,283.01
2013-10-30,282.88
2013-10-31,283.01
2013-11-01,282.62
2013-11-04,283.33
2013-11-05,283.2
2013-11-06,283.17
2013-11-07,283.17
2013-11-08,282.82
2013-11-11,283.57
2013-11-12,284.9
2013-11-13,285.54
2013-11-14,286.08
2013-11-15,284.58
2013-11-18,284.42
2013-11-19,282.82
2013-11-20,281.52
2013-11-21,281.65
2013-11-22,283.14
2013-11-25,283.06
2013-11-26,282.8
2013-11-27,282.72
2013-11-28,282.87
2013-11-29,283.2
2013-12-02,282.35
2013-12-03,282.03
2013-12-04,282.97
2013-12-05,282.94
2013-12-06,282.81
2013-12-09,282.14
2013-12-10,280.78
2013-12-11,280.62
2013-12-12,280.46
2013-12-13,280.89
2013-12-16,280.78
2013-12-17,280.65
2013-12-18,280.36
2013-12-19,280.52
2013-12-20,282.13
2013-12-23,283.15
2013-12-24,282.89
2013-12-26,282.75
2013-12-27,282.47
2013-12-30,281.46
2013-12-31,281.38
2014-01-02,281.38
2014-01-03,280.07
2014-01-06,281.06
2014-01-07,283.22
2014-01-08,284.74
2014-01-09,284.23
2014-01-10,283.91
2014-01-13,283.38
2014-01-14,281.7
2014-01-15,282.21
2014-01-16,283.3
2014-01-17,283.75
2014-01-20,282.9
2014-01-21,283.68
2014-01-22,283.76
2014-01-23,284.88
2014-01-24,285.81
2014-01-27,287.23
2014-01-28,289.06
2014-01-29,287.76
2014-02-03,285.61
2014-02-04,288.56
2014-02-05,289.59
2014-02-06,287.83
2014-02-07,287.01
2014-02-10,286.66
2014-02-11,285.81
2014-02-12,285.84
2014-02-13,283.89
2014-02-14,283.68
2014-02-17,283.15
2014-02-18,282.77
2014-02-19,283.73
2014-02-20,284.53
2014-02-21,285.81
2014-02-24,286.13
2014-02-25,286.99
2014-02-26,285.47
2014-02-27,285.28
2014-02-28,284.69
2014-03-03,284.29
2014-03-04,285.81
2014-03-05,285.84
2014-03-06,285.47
2014-03-07,284.61
2014-03-10,283.33
2014-03-11,284.21
2014-03-12,283.91
2014-03-13,285.09
2014-03-14,284.61
2014-03-17,285.84
2014-03-18,285.28
2014-03-19,284.75
2014-03-20,285.49
2014-03-21,286.72
2014-03-24,288.06
2014-03-25,287.89
2014-03-26,287.49
2014-03-27,286.64
2014-03-28,286.05
2014-03-31,284.99
2014-04-01,284.27
2014-04-02,282.77
2014-04-03,281.84
2014-04-04,282.13
2014-04-07,281.59
2014-04-08,280.88
2014-04-09,280.93
2014-04-10,278.17
2014-04-11,276.25
2014-04-14,276.65
2014-04-15,277.01
2014-04-16,277.63
2014-04-17,277.65
2014-04-18,276.53
2014-04-21,276.56
2014-04-22,276.75
2014-04-23,277.2
2014-04-24,277.17
2014-04-25,276.85
2014-04-28,277.01
2014-04-29,276.53
2014-04-30,275.09
2014-05-02,275.22
2014-05-07,274.95
2014-05-08,273.46
2014-05-09,272.89
2014-05-12,272.77
2014-05-13,273.3
2014-05-14,272.74
2014-05-15,273.19
2014-05-16,273.7
2014-05-19,273.53
2014-05-20,272.68
2014-05-21,273.05
2014-05-22,273.75
2014-05-23,273.36
2014-05-26,273.12
2014-05-27,273.0
2014-05-28,272.87
2014-05-29,272.67
2014-05-30,272.39
2014-06-02,272.1
2014-06-03,272.92
2014-06-05,273.11
2014-06-09,272.65
2014-06-10,271.27
2014-06-11,271.03
2014-06-12,271.02
2014-06-13,271.29
2014-06-16,271.45
2014-06-17,271.82
2014-06-18,272.51
2014-06-19,272.77
2014-06-20,271.51
2014-06-23,271.83
2014-06-24,271.52
2014-06-25,271.42
2014-06-26,272.1
2014-06-27,271.16
2014-06-30,270.48
2014-07-01,269.86
2014-07-02,269.78
2014-07-03,269.25
2014-07-04,269.19
2014-07-07,269.01
2014-07-08,269.27
2014-07-09,269.63
2014-07-10,269.9
2014-07-11,269.81
2014-07-14,271.43
2014-07-15,271.58
2014-07-16,272.97
2014-07-17,275.37
2014-07-18,274.53
2014-07-21,275.15
2014-07-22,273.97
2014-07-23,273.2
2014-07-24,272.72
2014-07-25,274.1
2014-07-28,274.47
2014-07-29,273.35
2014-07-30,273.22
2014-07-31,273.11
2014-08-01,273.62
2014-08-04,275.61
2014-08-05,275.09
2014-08-06,274.85
2014-08-07,275.78
2014-08-08,275.81
2014-08-11,276.61
2014-08-12,274.79
2014-08-13,274.18
2014-08-14,274.13
2014-08-18,273.3
2014-08-19,271.35
2014-08-20,271.44
2014-08-21,272.21
2014-08-22,273.01
2014-08-25,271.84
2014-08-26,272.13
2014-08-27,271.43
2014-08-28,270.53
2014-08-29,270.26
2014-09-01,270.61
2014-09-02,270.45
2014-09-03,270.79
2014-09-04,271.67
2014-09-05,271.43
2014-09-11,273.2
2014-09-12,275.79
2014-09-15,276.8
2014-09-16,276.99
2014-09-17,276.0
2014-09-18,275.67
2014-09-19,277.69
2014-09-22,278.6
2014-09-23,277.47
2014-09-24,277.85
2014-09-25,277.22
2014-09-26,277.96
2014-09-29,278.05
2014-09-30,280.09
2014-10-01,281.14
2014-10-02,283.11
2014-10-06,282.84
2014-10-07,285.12
2014-10-08,284.29
2014-10-10,285.87
2014-10-13,285.52
2014-10-14,285.01
2014-10-15,283.5
2014-10-16,284.13
2014-10-17,282.54
2014-10-20,283.28
2014-10-21,282.65
2014-10-22,281.06
2014-10-23,280.85
2014-10-24,281.29
2014-10-27,282.34
2014-10-28,280.54
2014-10-29,280.04
2014-10-30,279.08
2014-10-31,280.94
2014-11-03,282.33
2014-11-04,286.6
2014-11-05,287.8
2014-11-06,287.49
2014-11-07,290.3
2014-11-10,291.18
2014-11-11,289.22
2014-11-12,290.47
2014-11-13,292.78
2014-11-14,292.5
2014-11-17,293.21
2014-11-18,292.38
2014-11-19,292.89
2014-11-20,294.3
2014-11-21,296.68
2014-11-24,296.09
2014-11-25,296.44
2014-11-26,296.58
2014-11-27,295.0
2014-11-28,293.43
2014-12-01,294.43
2014-12-02,297.4
2014-12-03,294.93
2014-12-04,296.92
2014-12-05,297.27
2014-12-08,296.58
2014-12-09,297.99
2014-12-10,296.33
2014-12-11,294.34
2014-12-12,292.57
2014-12-15,294.12
2014-12-16,293.89
2014-12-17,291.05
2014-12-18,289.85
2014-12-19,293.89
2014-12-22,293.36
2014-12-23,292.32
2014-12-24,293.23
2014-12-26,294.26
2014-12-29,292.97
2014-12-30,292.62
2014-12-31,292.92
2015-01-02,292.93
2015-01-05,293.75
2015-01-06,295.36
2015-01-07,294.08
2015-01-08,292.96
2015-01-09,292.56
2015-01-12,290.88
2015-01-13,288.55
2015-01-14,288.15
2015-01-15,287.74
2015-01-16,288.86
2015-01-19,287.01
2015-01-20,287.54
2015-01-21,288.76
2015-01-22,289.27
2015-01-23,288.89
2015-01-26,288.57
2015-01-27,287.22
2015-01-28,287.89
2015-01-29,288.04
2015-01-30,290.28
2015-02-02,291.54
2015-02-03,293.22
2015-02-04,292.63
2015-02-05,290.2
2015-02-06,290.21
2015-02-09,290.0
2015-02-10,292.39
2015-02-11,290.74
2015-02-12,292.39
2015-02-13,295.2
2015-02-16,292.81
2015-02-17,292.87
2015-02-23,293.57
2015-02-24,295.88
2015-02-25,295.58
2015-02-26,293.96
2015-02-27,293.09
2015-03-02,293.17
2015-03-03,293.98
2015-03-04,293.31
2015-03-05,292.38
2015-03-06,293.34
2015-03-09,293.12
2015-03-10,296.06
2015-03-11,298.51
2015-03-12,300.39
2015-03-13,301.53
2015-03-16,300.11
2015-03-17,302.32
2015-03-18,301.3
2015-03-19,300.39
2015-03-20,297.02
2015-03-23,299.07
2015-03-24,297.51
2015-03-25,295.19
2015-03-26,293.98
2015-03-27,294.34
2015-03-30,294.38
2015-03-31,294.58
2015-04-01,295.75
2015-04-02,294.25
2015-04-03,292.71
2015-04-06,291.82
2015-04-07,289.5
2015-04-08,290.49
2015-04-09,291.5
2015-04-10,291.63
2015-04-13,291.82
2015-04-14,292.37
2015-04-15,292.44
2015-04-16,292.24
2015-04-17,290.37
2015-04-20,289.33
2015-04-21,288.7
2015-04-22,288.91
2015-04-23,288.46
2015-04-24,289.03
2015-04-27,287.73
2015-04-28,286.52
2015-04-29,285.56
2015-04-30,284.82
2015-05-04,285.19
2015-05-06,288.13
2015-05-07,288.24
2015-05-08,289.74
2015-05-11,290.98
2015-05-12,290.62
2015-05-13,292.3
2015-05-14,291.95
2015-05-15,291.62
2015-05-18,290.43
2015-05-19,289.45
2015-05-20,290.9
2015-05-21,292.03
2015-05-22,291.82
2015-05-26,290.86
2015-05-27,292.88
2015-05-28,295.19
2015-05-29,295.45
2015-06-01,295.33
2015-06-02,296.4
2015-06-03,297.18
2015-06-04,294.91
2015-06-05,295.95
2015-06-08,296.56
2015-06-09,299.03
2015-06-10,298.45
2015-06-11,297.91
2015-06-12,296.17
2015-06-15,296.48
2015-06-16,297.62
2015-06-17,297.9
2015-06-18,297.99
2015-06-19,295.97
2015-06-22,294.37
2015-06-23,293.3
2015-06-24,294.42
2015-06-25,295.55
2015-06-26,295.86
2015-06-29,297.32
2015-06-30,299.71
2015-07-01,298.17
2015-07-02,298.23
2015-07-03,299.51
2015-07-06,298.65
2015-07-07,300.3
2015-07-08,301.22
2015-07-09,302.82
2015-07-10,302.96
2015-07-13,301.29
2015-07-14,301.69
2015-07-15,303.8
2015-07-16,304.36
2015-07-17,306.21
2015-07-20,305.65
2015-07-21,307.14
2015-07-22,308.88
2015-07-23,307.33
2015-07-24,309.92
2015-07-27,310.54
2015-07-28,311.7
2015-07-29,310.99
2015-07-30,308.77
2015-07-31,311.0
2015-08-03,311.82
2015-08-04,310.7
2015-08-05,311.8
2015-08-06,312.54
2015-08-07,312.03
2015-08-10,310.44
2015-08-11,310.74
2015-08-12,312.06
2015-08-13,317.36
2015-08-17,313.04
2015-08-18,315.14
2015-08-19,315.8
2015-08-20,316.0
2015-08-21,315.96
2015-08-24,317.81
2015-08-25,319.41
2015-08-26,318.54
2015-08-27,316.95
2015-08-28,315.72
2015-08-31,313.59
2015-09-01,315.42
2015-09-02,313.44
2015-09-03,314.11
2015-09-04,316.65
2015-09-07,317.54
2015-09-08,320.49
2015-09-09,320.9
2015-09-10,318.01
2015-09-11,318.83
2015-09-14,315.64
2015-09-15,314.89
2015-09-16,315.29
2015-09-17,314.58
2015-09-18,312.07
2015-09-21,311.1
2015-09-22,312.78
2015-09-23,313.89
2015-09-24,316.62
2015-09-25,317.8
2015-09-30,318.48
2015-10-01,317.41
2015-10-02,314.37
2015-10-05,314.77
2015-10-06,312.53
2015-10-07,310.76
2015-10-08,310.71
2015-10-12,309.17
2015-10-13,306.04
2015-10-14,305.98
2015-10-15,306.87
2015-10-16,302.3
2015-10-19,301.03
2015-10-20,300.24
2015-10-21,301.34
2015-10-22,301.68
2015-10-23,303.61
2015-10-26,300.84
2015-10-27,302.58
2015-10-28,301.61
2015-10-29,302.07
2015-10-30,304.57
2015-11-02,303.59
2015-11-03,303.99
2015-11-04,302.22
2015-11-05,301.27
2015-11-06,303.2
2015-11-09,303.6
2015-11-10,307.74
2015-11-11,308.82
2015-11-12,307.93
2015-11-13,307.86
2015-11-16,309.66
2015-11-17,312.7
2015-11-18,311.78
2015-11-19,312.9
2015-11-20,310.43
2015-11-23,308.48
2015-11-24,308.71
2015-11-25,307.6
2015-11-26,304.99
2015-11-27,305.23
2015-11-30,306.47
2015-12-01,308.55
2015-12-02,308.68
2015-12-03,309.0
2015-12-04,311.16
2015-12-07,308.31
2015-12-08,310.92
2015-12-09,313.55
2015-12-10,314.06
2015-12-11,313.84
2015-12-14,314.45
2015-12-15,316.16
2015-12-16,315.35
2015-12-17,314.02
2015-12-18,314.36
2015-12-21,315.62
2015-12-22,313.93
2015-12-23,313.38
2015-12-24,312.42
2015-12-28,312.22
2015-12-29,310.61
2015-12-30,311.42
2015-12-31,312.2
2016-01-04,312.33
2016-01-05,315.69
2016-01-06,316.51
2016-01-07,318.09
2016-01-08,319.61
2016-01-11,318.39
2016-01-12,321.86
2016-01-13,322.17
2016-01-14,321.39
2016-01-15,323.3
2016-01-18,323.04
2016-01-19,323.29
2016-01-20,322.63
2016-01-21,323.07
2016-01-22,322.38
2016-01-25,320.74
2016-01-26,318.49
2016-01-27,320.28
2016-01-28,320.33
2016-01-29,322.21
2016-02-01,321.63
2016-02-02,321.3
2016-02-03,320.81
2016-02-04,324.42
2016-02-05,320.68
2016-02-11,318.65
2016-02-12,319.16
2016-02-15,321.64
2016-02-16,322.62
2016-02-17,324.39
2016-02-18,326.57
2016-02-19,326.81
2016-02-22,329.04
2016-02-23,328.82
2016-02-24,327.99
2016-02-25,329.26
2016-02-26,329.6
2016-02-29,329.4
2016-03-02,330.9
2016-03-03,328.71
2016-03-04,325.0
2016-03-07,322.25
2016-03-08,320.21
2016-03-09,321.37
2016-03-10,323.83
2016-03-11,322.3
2016-03-14,320.0
2016-03-15,316.38
2016-03-16,317.11
2016-03-17,318.04
2016-03-18,313.17
2016-03-21,309.66
2016-03-22,310.73
2016-03-23,309.18
2016-03-24,309.0
2016-03-25,311.2
2016-03-28,311.82
2016-03-29,311.86
2016-03-30,310.09
2016-03-31,307.55
2016-04-01,305.15
2016-04-04,306.32
2016-04-05,306.04
2016-04-06,307.98
2016-04-07,308.22
2016-04-08,307.85
2016-04-11,308.4
2016-04-12,306.45
2016-04-14,305.25
2016-04-15,307.57
2016-04-18,306.84
2016-04-19,306.95
2016-04-20,304.1
2016-04-21,301.92
2016-04-22,302.61
2016-04-25,304.27
2016-04-26,306.56
2016-04-27,306.56
2016-04-28,305.54
2016-04-29,305.01
2016-05-02,303.49
2016-05-03,304.2
2016-05-04,303.21
2016-05-09,307.58
2016-05-10,310.57
2016-05-11,313.05
2016-05-12,311.48
2016-05-13,310.39
2016-05-16,311.8
2016-05-17,314.25
2016-05-18,312.86
2016-05-19,314.86
2016-05-20,317.43
2016-05-23,316.76
2016-05-24,315.35
2016-05-25,316.93
2016-05-26,316.07
2016-05-27,314.91
2016-05-30,314.45
2016-05-31,317.47
2016-06-01,317.45
2016-06-02,317.89
2016-06-03,317.2
2016-06-07,316.35
2016-06-08,310.16
2016-06-09,308.38
2016-06-10,308.18
2016-06-13,310.14
2016-06-14,312.72
2016-06-15,312.64
2016-06-16,313.65
2016-06-17,311.98
2016-06-20,312.19
2016-06-21,310.16
2016-06-22,308.83
2016-06-23,308.17
2016-06-24,306.97
2016-06-27,311.58
2016-06-28,315.51
2016-06-29,313.54
2016-06-30,310.55
2016-07-01,307.32
2016-07-04,305.97
2016-07-05,306.13
2016-07-06,307.35
2016-07-07,310.74
2016-07-08,308.29
2016-07-11,308.96
2016-07-12,305.99
2016-07-13,306.44
2016-07-14,305.5
2016-07-15,304.45
2016-07-18,302.02
2016-07-19,302.98
2016-07-20,303.55
2016-07-21,304.17
2016-07-22,304.02
2016-07-25,302.65
2016-07-26,303.15
2016-07-27,303.56
2016-07-28,302.41
2016-07-29,300.17
2016-08-01,299.29
2016-08-02,296.25
2016-08-03,295.69
2016-08-04,297.04
2016-08-05,296.99
2016-08-08,296.32
2016-08-09,296.7
2016-08-10,295.23
2016-08-11,292.27
2016-08-12,292.94
2016-08-16,293.61
2016-08-17,291.99
2016-08-18,293.93
2016-08-19,295.03
2016-08-22,297.38
2016-08-23,300.05
2016-08-24,297.96
2016-08-25,299.08
2016-08-26,298.39
2016-08-29,297.03
2016-08-30,300.05
2016-08-31,298.24
2016-09-01,297.95
2016-09-02,298.45
2016-09-05,297.99
2016-09-06,295.48
2016-09-07,294.64
2016-09-08,291.48
2016-09-09,291.47
2016-09-12,293.15
2016-09-13,296.11
2016-09-19,296.57
2016-09-20,298.61
2016-09-21,298.48
2016-09-22,297.76
2016-09-23,294.12
2016-09-26,294.38
2016-09-27,295.1
2016-09-28,294.16
2016-09-29,292.16
2016-09-30,291.88
2016-10-04,293.67
2016-10-05,294.56
2016-10-06,296.95
2016-10-07,296.29
2016-10-10,297.47
2016-10-11,296.22
2016-10-12,297.87
2016-10-13,299.47
2016-10-14,301.39
2016-10-17,302.03
2016-10-18,303.99
2016-10-19,301.86
2016-10-20,299.33
2016-10-21,299.65
2016-10-24,302.45
2016-10-25,302.5
2016-10-26,303.04
2016-10-27,301.95
2016-10-28,304.02
2016-10-31,305.36
2016-11-01,305.19
2016-11-02,304.44
2016-11-03,306.3
2016-11-04,304.12
2016-11-07,304.86
2016-11-08,304.38
2016-11-09,303.26
2016-11-10,305.5
2016-11-11,306.9
2016-11-14,310.46
2016-11-15,311.89
2016-11-16,311.63
2016-11-17,311.19
2016-11-18,313.12
2016-11-21,315.23
2016-11-22,315.56
2016-11-23,313.4
2016-11-24,313.23
2016-11-25,315.22
2016-11-28,314.31
2016-11-29,312.03
2016-11-30,311.52
2016-12-01,311.39
2016-12-02,312.64
2016-12-05,312.09
2016-12-06,312.97
2016-12-07,311.8
2016-12-08,311.79
2016-12-09,309.02
2016-12-12,310.93
2016-12-13,312.0
2016-12-14,310.7
2016-12-15,311.51
2016-12-16,314.62
2016-12-19,315.51
2016-12-20,316.31
2016-12-21,317.56
2016-12-22,318.36
2016-12-23,319.36
2016-12-26,320.69
2016-12-27,319.75
2016-12-28,321.23
2016-12-29,321.85
2016-12-30,322.2
2017-01-02,322.2
2017-01-03,322.02
2017-01-04,321.58
2017-01-05,321.69
2017-01-06,317.67
2017-01-09,317.07
2017-01-10,321.4
2017-01-11,319.6
2017-01-12,318.98
2017-01-13,315.36
2017-01-16,314.0
2017-01-17,314.75
2017-01-18,314.87
2017-01-19,310.78
2017-01-20,313.85
2017-01-23,312.64
2017-01-24,311.09
2017-01-25,310.28
2017-01-26,310.96
2017-01-31,308.71
2017-02-01,310.77
2017-02-02,308.02
2017-02-03,306.41
2017-02-06,305.77
2017-02-07,303.36
2017-02-08,304.53
2017-02-09,305.41
2017-02-10,305.47
2017-02-13,307.01
2017-02-14,307.14
2017-02-15,305.16
2017-02-16,304.41
2017-02-17,303.66
2017-02-20,305.37
2017-02-21,305.99
2017-02-22,305.79
2017-02-23,304.24
2017-02-24,303.67
2017-02-27,301.58
2017-02-28,301.88
2017-03-02,301.93
2017-03-03,304.51
2017-03-06,307.36
2017-03-07,308.27
2017-03-08,306.96
2017-03-09,305.73
2017-03-10,308.26
2017-03-13,308.82
2017-03-14,306.04
2017-03-15,305.93
2017-03-16,305.66
2017-03-17,301.77
2017-03-20,301.69
2017-03-21,299.85
2017-03-22,297.99
2017-03-23,299.67
2017-03-24,298.65
2017-03-27,299.37
2017-03-28,297.11
2017-03-29,296.65
2017-03-30,297.05
2017-03-31,297.61
2017-04-03,298.47
2017-04-04,297.0
2017-04-05,298.36
2017-04-06,299.71
2017-04-07,301.57
2017-04-10,302.53
2017-04-11,304.4
2017-04-12,305.52
2017-04-13,305.36
2017-04-14,301.82
2017-04-17,303.66
2017-04-18,303.04
2017-04-19,303.42
2017-04-20,303.92
2017-04-21,304.35
2017-04-24,303.07
2017-04-25,301.76
2017-04-26,301.44
2017-04-27,300.0
2017-04-28,301.34
2017-05-02,302.21
2017-05-04,301.5
2017-05-08,301.87
2017-05-10,301.93
2017-05-11,302.49
2017-05-12,301.41
2017-05-15,300.44
2017-05-16,300.07
2017-05-17,298.01
2017-05-18,298.22
2017-05-19,300.03
2017-05-22,300.64
2017-05-23,297.87
2017-05-24,298.8
2017-05-25,300.4
2017-05-26,298.11
2017-05-29,298.51
2017-05-30,298.67
2017-05-31,299.68
2017-06-01,299.12
2017-06-02,298.75
2017-06-05,298.89
2017-06-07,298.22
2017-06-08,299.18
2017-06-09,299.98
2017-06-12,299.07
2017-06-13,300.24
2017-06-14,301.04
2017-06-15,300.16
2017-06-16,299.41
2017-06-19,302.13
2017-06-20,301.7
2017-06-21,303.2
2017-06-22,304.58
2017-06-23,304.16
2017-06-26,303.98
2017-06-27,302.61
2017-06-28,302.93
2017-06-29,304.41
2017-06-30,303.89
2017-07-03,305.04
2017-07-04,305.31
2017-07-05,306.47
2017-07-06,306.47
2017-07-07,307.59
2017-07-10,308.21
2017-07-11,306.63
2017-07-12,306.67
2017-07-13,305.47
2017-07-14,303.31
2017-07-17,302.91
2017-07-18,300.83
2017-07-19,300.32
2017-07-20,299.12
2017-07-21,299.97
2017-07-24,298.98
2017-07-25,297.62
2017-07-26,297.62
2017-07-27,298.74
2017-07-28,296.66
2017-07-31,298.42
2017-08-01,299.17
2017-08-02,298.13
2017-08-03,299.51
2017-08-04,300.69
2017-08-07,300.09
2017-08-08,300.6
2017-08-09,300.1
2017-08-10,302.58
2017-08-11,304.29
2017-08-14,305.68
2017-08-16,303.5
2017-08-17,303.88
2017-08-18,302.89
2017-08-21,304.52
2017-08-22,303.53
2017-08-23,302.81
2017-08-24,301.55
2017-08-25,300.59
2017-08-28,301.1
2017-08-29,298.76
2017-08-30,300.3
2017-08-31,299.4
2017-09-01,300.2
2017-09-04,299.37
2017-09-05,301.72
2017-09-06,301.66
2017-09-07,302.3
2017-09-08,301.21
2017-09-11,300.46
2017-09-12,301.18
2017-09-13,301.26
2017-09-14,300.65
2017-09-15,301.98
2017-09-18,302.25
2017-09-19,300.76
2017-09-20,301.32
2017-09-21,301.08
2017-09-22,302.06
2017-09-25,303.0
2017-09-26,301.5
2017-09-27,302.99
2017-09-28,303.82
2017-09-29,305.77
2017-10-10,305.52
2017-10-11,303.52
2017-10-12,302.7
2017-10-13,302.3
2017-10-16,301.53
2017-10-17,300.58
2017-10-18,301.67
2017-10-19,301.42
2017-10-20,301.93
2017-10-23,301.82
2017-10-24,301.82
2017-10-25,300.86
2017-10-26,300.86
2017-10-27,299.9
2017-10-30,301.32
2017-10-31,299.98
2017-11-01,298.96
2017-11-02,297.79
2017-11-03,296.86
2017-11-06,296.7
2017-11-07,297.77
2017-11-08,296.34
2017-11-09,297.12
2017-11-10,297.11
2017-11-13,297.88
2017-11-14,298.83
2017-11-15,298.24
2017-11-16,297.15
2017-11-17,294.4
2017-11-20,292.27
2017-11-21,293.02
2017-11-22,292.6
2017-11-23,290.99
2017-11-24,290.16
2017-11-27,289.31
2017-11-28,290.0
2017-11-29,290.19
2017-11-30,288.62
2017-12-01,289.34
2017-12-04,289.87
2017-12-05,290.19
2017-12-06,289.12
2017-12-07,291.16
2017-12-08,291.36
2017-12-11,291.55
2017-12-12,291.28
2017-12-13,290.67
2017-12-14,291.15
2017-12-15,289.77
2017-12-18,290.46
2017-12-19,290.41
2017-12-20,289.8
2017-12-21,288.76
2017-12-22,288.14
2017-12-26,287.77
2017-12-27,287.2
2017-12-28,286.7
2017-12-29,285.68
2018-01-02,285.7
2018-01-03,283.8
2018-01-04,284.08
2018-01-05,284.11
2018-01-08,283.2
2018-01-09,284.04
2018-01-10,284.52
2018-01-11,285.5
2018-01-12,285.63
2018-01-15,283.9
2018-01-16,282.98
2018-01-17,283.72
2018-01-18,284.19
2018-01-19,285.15
2018-01-22,284.59
2018-01-23,285.01
2018-01-24,285.23
2018-01-25,285.47
2018-01-26,283.1
2018-01-29,283.93
2018-01-30,283.94
2018-01-31,285.71
2018-02-01,285.58
2018-02-02,285.6
2018-02-05,287.11
2018-02-06,290.6
2018-02-07,291.8
2018-02-08,288.86
2018-02-09,290.06
2018-02-12,291.37
2018-02-13,288.87
2018-02-14,288.73
2018-02-19,287.97
2018-02-20,284.78
2018-02-21,285.39
2018-02-22,286.72
2018-02-23,288.76
2018-02-26,287.57
2018-02-27,286.3
2018-02-28,285.57
2018-03-02,288.48
2018-03-05,288.33
2018-03-06,288.1
2018-03-07,286.72
2018-03-08,284.96
2018-03-09,284.88
2018-03-12,285.09
2018-03-13,283.78
2018-03-14,284.19
2018-03-15,284.19
2018-03-16,284.19
2018-03-19,285.21
2018-03-20,285.66
2018-03-21,285.57
2018-03-22,285.71
2018-03-23,285.11
2018-03-26,288.21
2018-03-27,288.32
2018-03-28,285.92
2018-03-29,285.17
2018-03-30,284.4
2018-04-02,283.84
2018-04-03,282.16
2018-04-04,282.06
2018-04-05,282.0
2018-04-06,282.51
2018-04-09,284.24
2018-04-10,284.64
2018-04-11,284.7
2018-04-12,284.37
2018-04-13,284.98
2018-04-16,285.33
2018-04-17,286.16
2018-04-18,284.89
2018-04-19,284.38
2018-04-20,283.58
2018-04-23,284.59
2018-04-24,285.02
2018-04-25,287.15
2018-04-26,287.63
2018-04-27,287.9
2018-04-30,286.97
2018-05-02,284.65
2018-05-03,286.61
2018-05-04,287.04
2018-05-08,287.09
2018-05-09,287.49
2018-05-10,288.32
2018-05-11,286.72
2018-05-14,284.93
2018-05-15,284.41
2018-05-16,286.0
2018-05-17,287.63
2018-05-18,287.79
2018-05-21,287.97
2018-05-23,288.99
2018-05-24,287.66
2018-05-25,287.89
2018-05-28,287.63
2018-05-29,286.16
2018-05-30,286.93
2018-05-31,288.32
2018-06-01,287.01
2018-06-04,286.91
2018-06-05,285.55
2018-06-07,285.21
2018-06-08,284.77
2018-06-11,286.18
2018-06-12,286.25
2018-06-14,286.68
2018-06-15,288.66
2018-06-18,291.03
2018-06-19,294.47
2018-06-20,294.76
2018-06-21,295.43
2018-06-22,295.71
2018-06-25,295.68
2018-06-26,297.6
2018-06-27,297.36
2018-06-28,298.08
2018-06-29,299.09
2018-07-02,297.89
2018-07-03,297.95
2018-07-04,298.93
2018-07-05,297.39
2018-07-06,298.21
2018-07-09,298.05
2018-07-10,296.59
2018-07-11,296.98
2018-07-12,298.84
2018-07-13,300.72
2018-07-16,299.54
2018-07-17,300.95
2018-07-18,300.03
2018-07-19,301.01
2018-07-20,301.63
2018-07-23,302.59
2018-07-24,300.91
2018-07-25,302.69
2018-07-26,300.64
2018-07-27,298.53
2018-07-30,298.64
2018-07-31,297.76
2018-08-01,298.08
2018-08-02,298.45
2018-08-03,299.33
2018-08-06,300.8
2018-08-07,299.57
2018-08-08,300.16
2018-08-09,298.32
2018-08-10,298.08
2018-08-13,300.32
2018-08-14,302.28
2018-08-16,301.84
2018-08-17,301.47
2018-08-20,300.11
2018-08-21,299.07
2018-08-22,298.13
2018-08-23,298.27
2018-08-24,298.83
2018-08-27,299.09
2018-08-28,297.1
2018-08-29,295.97
2018-08-30,295.63
2018-08-31,295.63
2018-09-03,296.83
2018-09-04,296.88
2018-09-05,297.05
2018-09-06,297.95
2018-09-07,298.93
2018-09-10,299.44
2018-09-11,300.75
2018-09-12,300.42
2018-09-13,300.54
2018-09-14,298.93
2018-09-17,298.38
2018-09-18,300.28
2018-09-19,300.31
2018-09-20,299.42
2018-09-21,298.6
2018-09-27,297.74
2018-09-28,296.7
2018-10-01,296.04
2018-10-02,296.22
2018-10-04,297.7
2018-10-05,300.87
2018-10-08,301.5
2018-10-10,301.77
2018-10-11,301.94
2018-10-12,304.65
2018-10-15,302.19
2018-10-16,302.01
2018-10-17,300.69
2018-10-18,299.87
2018-10-19,301.87
2018-10-22,302.32
2018-10-23,301.42
2018-10-24,302.73
2018-10-25,301.8
2018-10-26,303.51
2018-10-29,304.08
2018-10-30,303.55
2018-10-31,304.07
2018-11-01,303.69
2018-11-02,303.6
2018-11-05,300.05
2018-11-06,299.31
2018-11-07,299.25
2018-11-08,298.82
2018-11-09,298.15
2018-11-12,300.1
2018-11-13,301.77
2018-11-14,302.77
2018-11-15,301.82
2018-11-16,301.26
2018-11-19,300.85
2018-11-20,300.49
2018-11-21,300.52
2018-11-22,301.52
2018-11-23,300.92
2018-11-26,301.32
2018-11-27,301.14
2018-11-28,301.09
2018-11-29,300.88
2018-11-30,299.01
2018-12-03,298.6
2018-12-04,296.84
2018-12-05,295.8
2018-12-06,296.83
2018-12-07,297.95
2018-12-10,298.04
2018-12-11,299.78
2018-12-12,301.03
2018-12-13,300.56
2018-12-14,299.63
2018-12-17,301.02
2018-12-18,301.69
2018-12-19,301.22
2018-12-20,299.85
2018-12-21,300.84
2018-12-24,299.57
2018-12-26,299.91
2018-12-27,300.01
2018-12-28,298.88
2018-12-31,298.03
2019-01-02,298.05
2019-01-03,298.3
2019-01-04,300.6
2019-01-07,299.99
2019-01-08,298.05
2019-01-09,299.01
2019-01-10,298.98
2019-01-11,298.26
2019-01-14,297.91
2019-01-15,298.95
2019-01-16,298.61
2019-01-17,299.12
2019-01-18,298.97
2019-01-21,298.95
2019-01-22,300.34
2019-01-23,301.34
2019-01-24,300.81
2019-01-25,300.76
2019-01-28,299.97
2019-01-29,297.8
2019-01-30,298.12
2019-01-31,297.88
2019-02-01,296.38
2019-02-07,297.79
2019-02-08,299.55
2019-02-11,299.85
2019-02-12,299.85
2019-02-13,299.87
2019-02-14,299.08
2019-02-15,299.97
2019-02-18,300.69
2019-02-19,299.89
2019-02-20,300.64
2019-02-21,299.33
2019-02-22,299.81
2019-02-25,300.16
2019-02-26,298.85
2019-02-27,298.19
2019-02-28,298.05
2019-03-04,298.61
2019-03-05,299.97
2019-03-06,300.19
2019-03-07,300.72
2019-03-08,300.86
2019-03-11,302.38
2019-03-12,302.51
2019-03-13,300.96
2019-03-14,301.71
2019-03-15,302.03
2019-03-18,302.94
2019-03-19,302.3
2019-03-20,301.55
2019-03-21,301.41
2019-03-22,300.19
2019-03-25,301.26
2019-03-26,302.62
2019-03-27,301.87
2019-03-28,302.56
2019-03-29,303.39
2019-04-01,302.93
2019-04-02,302.03
2019-04-03,302.84
2019-04-04,302.61
2019-04-05,302.76
2019-04-08,303.0
2019-04-09,304.33
2019-04-10,304.7
2019-04-11,304.29
2019-04-12,303.76
2019-04-15,304.11
2019-04-16,302.35
2019-04-17,302.83
2019-04-18,302.95
2019-04-19,302.98
2019-04-22,303.22
2019-04-23,304.2
2019-04-24,304.28
2019-04-25,305.83
2019-04-26,308.97
2019-04-29,309.24
2019-04-30,308.84
2019-05-02,310.32
2019-05-03,310.35
2019-05-07,311.82
2019-05-08,311.92
2019-05-09,311.95
2019-05-10,313.52
2019-05-13,314.13
2019-05-14,315.46
2019-05-15,316.5
2019-05-16,317.16
2019-05-17,317.27
2019-05-20,318.05
2019-05-21,318.1
2019-05-22,318.2
2019-05-23,318.54
2019-05-24,317.64
2019-05-27,317.23
2019-05-28,315.76
2019-05-29,316.68
2019-05-30,318.13
2019-05-31,317.32
2019-06-03,317.64
2019-06-04,315.46
2019-06-05,315.06
2019-06-07,314.6
2019-06-10,314.52
2019-06-11,315.71
2019-06-12,315.07
2019-06-13,315.07
2019-06-14,315.89
2019-06-17,315.68
2019-06-18,316.29
2019-06-19,315.95
2019-06-20,313.81
2019-06-21,311.37
2019-06-24,309.85
2019-06-25,308.74
2019-06-26,307.91
2019-06-27,308.84
2019-06-28,308.47
2019-07-01,308.36
2019-07-02,308.09
2019-07-03,310.6
2019-07-04,312.09
2019-07-05,311.77
2019-07-08,312.09
2019-07-09,314.23
2019-07-10,314.6
2019-07-11,315.0
2019-07-12,312.98
2019-07-15,313.91
2019-07-16,314.41
2019-07-17,314.2
2019-07-18,314.7
2019-07-19,314.46
2019-07-22,312.84
2019-07-23,313.96
2019-07-24,314.2
2019-07-25,314.12
2019-07-26,314.58
2019-07-29,315.72
2019-07-30,315.5
2019-07-31,315.13
2019-08-01,315.13
2019-08-02,316.86
2019-08-05,318.49
2019-08-06,323.04
2019-08-07,323.73
2019-08-08,323.73
2019-08-09,322.88
2019-08-12,322.45
2019-08-13,324.02
2019-08-14,324.95
2019-08-16,323.05
2019-08-19,323.48
2019-08-20,322.81
2019-08-21,322.68
2019-08-22,321.03
2019-08-23,321.33
2019-08-26,323.23
2019-08-27,324.83
2019-08-28,323.47
2019-08-29,323.57
2019-08-30,324.03
2019-09-02,322.54
2019-09-03,323.13
2019-09-04,324.0
2019-09-05,322.53
2019-09-06,319.78
2019-09-09,319.06
2019-09-10,317.91
2019-09-11,317.73
2019-09-16,317.63
2019-09-17,315.64
2019-09-18,316.8
2019-09-19,317.38
2019-09-20,318.62
2019-09-23,317.53
2019-09-24,318.06
2019-09-25,318.32
2019-09-26,319.46
2019-09-27,319.67
2019-09-30,320.25
2019-10-01,319.68
2019-10-02,319.42
2019-10-04,320.9
2019-10-07,319.11
2019-10-08,319.0
2019-10-10,318.54
2019-10-11,318.9
2019-10-14,317.09
2019-10-15,315.59
2019-10-16,315.69
2019-10-17,316.47
2019-10-18,316.36
2019-10-21,314.73
2019-10-22,313.37
2019-10-23,312.32
2019-10-24,312.93
2019-10-25,312.23
2019-10-28,313.05
2019-10-29,311.86
2019-10-30,311.03
2019-10-31,311.55
2019-11-01,309.76
2019-11-04,311.35
2019-11-05,309.42
2019-11-06,309.34
2019-11-07,308.65
2019-11-08,309.48
2019-11-11,308.26
2019-11-12,309.66
2019-11-13,310.25
2019-11-14,311.34
2019-11-15,312.09
2019-11-18,310.99
2019-11-19,310.52
2019-11-20,311.61
2019-11-21,312.01
2019-11-22,313.72
2019-11-25,314.08
2019-11-26,313.64
2019-11-27,313.16
2019-11-28,313.59
2019-11-29,314.49
2019-12-02,314.76
2019-12-03,314.77
2019-12-04,316.32
2019-12-05,318.32
2019-12-06,317.39
2019-12-09,317.25
2019-12-10,317.15
2019-12-11,317.86
2019-12-12,318.2
2019-12-13,316.94
2019-12-16,312.42
2019-12-17,312.73
2019-12-18,311.07
2019-12-19,310.67
2019-12-20,310.41
2019-12-23,309.9
2019-12-24,309.9
2019-12-26,310.07
2019-12-27,309.41
2019-12-30,309.34
2019-12-31,308.64
2020-01-02,308.64
2020-01-03,308.42
2020-01-06,309.88
2020-01-07,311.78
2020-01-08,310.63
2020-01-09,312.98
2020-01-10,309.22
2020-01-13,309.45
2020-01-14,308.06
2020-01-15,307.35
2020-01-16,308.88
