,HKD
2010-01-04,150.58
2010-01-05,149.08
2010-01-06,147.53
2010-01-07,146.79
2010-01-08,146.11
2010-01-11,146.07
2010-01-12,144.39
2010-01-13,144.96
2010-01-14,145.23
2010-01-15,144.65
2010-01-18,144.74
2010-01-19,145.16
2010-01-20,144.82
2010-01-21,145.76
2010-01-22,146.51
2010-01-25,147.97
2010-01-26,147.92
2010-01-27,148.06
2010-01-28,149.09
2010-01-29,148.87
2010-02-01,149.11
2010-02-02,150.33
2010-02-03,149.38
2010-02-04,148.35
2010-02-05,148.42
2010-02-08,150.7
2010-02-09,150.9
2010-02-10,150.14
2010-02-11,149.03
2010-02-12,148.93
2010-02-16,148.59
2010-02-17,148.38
2010-02-18,147.12
2010-02-19,147.75
2010-02-22,149.07
2010-02-23,148.06
2010-02-24,147.96
2010-02-25,148.89
2010-02-26,149.2
2010-03-02,149.44
2010-03-03,148.49
2010-03-04,147.71
2010-03-05,147.34
2010-03-08,147.1
2010-03-09,146.11
2010-03-10,146.21
2010-03-11,145.99
2010-03-12,145.76
2010-03-15,145.8
2010-03-16,146.14
2010-03-17,146.09
2010-03-18,145.53
2010-03-19,145.78
2010-03-22,145.99
2010-03-23,146.43
2010-03-24,146.13
2010-03-25,146.3
2010-03-26,147.03
2010-03-29,147.08
2010-03-30,146.65
2010-03-31,145.64
2010-04-01,145.86
2010-04-02,145.29
2010-04-05,144.75
2010-04-06,144.88
2010-04-07,144.63
2010-04-08,144.54
2010-04-09,144.76
2010-04-12,144.23
2010-04-13,143.47
2010-04-14,144.33
2010-04-15,143.75
2010-04-16,142.87
2010-04-19,143.41
2010-04-20,143.88
2010-04-21,143.72
2010-04-22,143.0
2010-04-23,143.08
2010-04-26,142.99
2010-04-27,142.2
2010-04-28,142.54
2010-04-29,144.03
2010-04-30,143.64
2010-05-03,142.76
2010-05-04,143.73
2010-05-06,143.51
2010-05-07,146.28
2010-05-10,148.94
2010-05-11,145.72
2010-05-12,145.24
2010-05-13,146.26
2010-05-14,145.34
2010-05-17,145.56
2010-05-18,147.43
2010-05-19,147.5
2010-05-20,149.37
2010-05-24,151.06
2010-05-25,155.35
2010-05-26,160.85
2010-05-27,161.06
2010-05-28,158.5
2010-05-31,154.11
2010-06-01,154.31
2010-06-03,155.16
2010-06-04,154.62
2010-06-07,154.12
2010-06-08,158.25
2010-06-09,158.06
2010-06-10,159.2
2010-06-11,161.92
2010-06-14,159.28
2010-06-15,157.21
2010-06-16,157.1
2010-06-17,155.41
2010-06-18,156.13
2010-06-21,155.21
2010-06-22,151.45
2010-06-23,152.07
2010-06-24,152.77
2010-06-25,152.38
2010-06-28,154.87
2010-06-29,154.27
2010-06-30,155.45
2010-07-01,157.94
2010-07-02,158.07
2010-07-05,156.69
2010-07-06,157.05
2010-07-07,157.75
2010-07-08,156.84
2010-07-09,155.57
2010-07-12,154.41
2010-07-13,154.11
2010-07-14,154.97
2010-07-15,154.31
2010-07-16,155.08
2010-07-19,154.48
2010-07-20,156.38
2010-07-21,155.87
2010-07-22,154.79
2010-07-23,155.25
2010-07-26,154.14
2010-07-27,153.8
2010-07-28,152.4
2010-07-29,152.76
2010-07-30,152.85
2010-08-02,152.57
2010-08-03,151.12
2010-08-04,150.58
2010-08-05,150.63
2010-08-06,150.48
2010-08-09,150.16
2010-08-10,149.33
2010-08-11,150.34
2010-08-12,151.59
2010-08-13,153.64
2010-08-16,152.69
2010-08-17,153.5
2010-08-18,151.67
2010-08-19,151.08
2010-08-20,150.99
2010-08-23,151.77
2010-08-24,152.0
2010-08-25,152.9
2010-08-26,153.7
2010-08-27,153.58
2010-08-30,153.66
2010-08-31,152.86
2010-09-01,153.82
2010-09-02,153.12
2010-09-03,151.99
2010-09-06,151.55
2010-09-07,150.79
2010-09-08,151.41
2010-09-09,151.37
2010-09-10,150.46
2010-09-13,150.16
2010-09-14,149.53
2010-09-15,149.55
2010-09-16,149.45
2010-09-17,149.78
2010-09-20,149.78
2010-09-24,149.75
2010-09-27,149.07
2010-09-28,148.08
2010-09-29,148.04
2010-09-30,147.19
2010-10-01,147.08
2010-10-04,146.22
2010-10-05,144.91
2010-10-06,145.78
2010-10-07,144.44
2010-10-08,144.07
2010-10-11,144.32
2010-10-12,143.76
2010-10-13,145.26
2010-10-14,144.27
2010-10-15,143.45
2010-10-18,143.69
2010-10-19,144.03
2010-10-20,144.79
2010-10-21,145.71
2010-10-22,145.06
2010-10-25,145.54
2010-10-26,144.0
2010-10-27,144.05
2010-10-28,145.14
2010-10-29,145.26
2010-11-01,145.0
2010-11-02,144.13
2010-11-03,143.83
2010-11-04,143.25
2010-11-05,142.82
2010-11-08,142.7
2010-11-09,143.61
2010-11-10,143.94
2010-11-11,143.76
2010-11-12,142.88
2010-11-15,144.43
2010-11-16,145.66
2010-11-17,145.59
2010-11-18,146.79
2010-11-19,146.89
2010-11-22,145.95
2010-11-23,145.25
2010-11-24,146.19
2010-11-25,148.06
2010-11-26,147.49
2010-11-29,147.82
2010-11-30,149.03
2010-12-01,148.64
2010-12-02,148.59
2010-12-03,147.99
2010-12-06,147.31
2010-12-07,146.05
2010-12-08,146.11
2010-12-09,146.86
2010-12-10,146.44
2010-12-13,146.84
2010-12-14,147.01
2010-12-15,146.84
2010-12-16,148.04
2010-12-17,148.72
2010-12-20,147.97
2010-12-21,149.81
2010-12-22,148.36
2010-12-23,148.57
2010-12-24,148.05
2010-12-27,148.04
2010-12-28,147.86
2010-12-29,147.47
2010-12-30,147.27
2010-12-31,146.35
2011-01-03,146.51
2011-01-04,145.12
2011-01-05,144.48
2011-01-06,144.76
2011-01-07,144.49
2011-01-10,144.34
2011-01-11,144.1
2011-01-12,144.83
2011-01-13,144.06
2011-01-14,143.07
2011-01-17,143.36
2011-01-18,143.35
2011-01-19,143.59
2011-01-20,143.02
2011-01-21,143.65
2011-01-24,144.04
2011-01-25,143.68
2011-01-26,143.48
2011-01-27,143.64
2011-01-28,143.09
2011-01-31,143.07
2011-02-01,143.99
2011-02-07,143.43
2011-02-08,142.23
2011-02-09,141.89
2011-02-10,141.88
2011-02-11,142.86
2011-02-14,143.77
2011-02-15,144.17
2011-02-16,144.03
2011-02-17,143.87
2011-02-18,143.34
2011-02-21,143.0
2011-02-22,143.42
2011-02-23,144.5
2011-02-24,144.41
2011-02-25,144.54
2011-02-28,144.72
2011-03-02,144.89
2011-03-03,144.82
2011-03-04,144.13
2011-03-07,143.33
2011-03-08,143.57
2011-03-09,143.46
2011-03-10,143.21
2011-03-11,143.58
2011-03-14,144.35
2011-03-15,145.01
2011-03-16,145.12
2011-03-17,145.25
2011-03-18,145.79
2011-03-21,144.63
2011-03-22,144.38
2011-03-23,143.91
2011-03-24,144.16
2011-03-25,144.06
2011-03-28,142.99
2011-03-29,142.88
2011-03-30,143.03
2011-03-31,142.23
2011-04-01,141.42
2011-04-04,140.72
2011-04-05,139.82
2011-04-06,140.16
2011-04-07,139.63
2011-04-08,139.97
2011-04-11,139.72
2011-04-12,139.55
2011-04-13,140.44
2011-04-14,140.49
2011-04-15,140.11
2011-04-18,139.9
2011-04-19,140.14
2011-04-20,140.51
2011-04-21,139.46
2011-04-22,139.05
2011-04-25,139.22
2011-04-26,139.16
2011-04-27,139.69
2011-04-28,138.97
2011-04-29,138.01
2011-05-02,138.2
2011-05-03,137.36
2011-05-04,137.79
2011-05-06,138.27
2011-05-09,139.61
2011-05-11,138.95
2011-05-12,138.3
2011-05-13,139.29
2011-05-16,140.09
2011-05-17,140.52
2011-05-18,140.39
2011-05-19,139.78
2011-05-20,139.54
2011-05-23,139.27
2011-05-24,140.37
2011-05-25,140.77
2011-05-26,140.83
2011-05-27,140.12
2011-05-30,139.06
2011-05-31,138.9
2011-06-01,138.46
2011-06-02,138.37
2011-06-03,138.92
2011-06-07,138.52
2011-06-08,138.9
2011-06-09,138.97
2011-06-10,139.16
2011-06-13,138.91
2011-06-14,139.49
2011-06-15,139.19
2011-06-16,138.95
2011-06-17,139.53
2011-06-20,139.53
2011-06-21,139.0
2011-06-22,138.87
2011-06-23,138.03
2011-06-24,138.2
2011-06-27,138.38
2011-06-28,139.54
2011-06-29,138.95
2011-06-30,138.54
2011-07-01,137.51
2011-07-04,137.02
2011-07-05,136.74
2011-07-06,136.96
2011-07-07,136.83
2011-07-08,136.75
2011-07-11,136.0
2011-07-12,136.04
2011-07-13,136.81
2011-07-14,136.5
2011-07-15,135.66
2011-07-18,135.67
2011-07-19,136.12
2011-07-20,135.95
2011-07-21,135.44
2011-07-22,135.44
2011-07-25,134.92
2011-07-26,135.33
2011-07-27,135.15
2011-07-28,134.8
2011-07-29,135.07
2011-08-01,135.12
2011-08-02,134.71
2011-08-03,134.87
2011-08-04,135.74
2011-08-05,135.69
2011-08-08,137.01
2011-08-09,137.49
2011-08-10,139.9
2011-08-11,138.42
2011-08-12,139.29
2011-08-16,138.44
2011-08-17,137.32
2011-08-18,137.7
2011-08-19,137.56
2011-08-22,138.88
2011-08-23,138.91
2011-08-24,138.64
2011-08-25,138.41
2011-08-26,139.22
2011-08-29,139.12
2011-08-30,138.07
2011-08-31,137.5
2011-09-01,137.44
2011-09-02,136.55
2011-09-05,136.41
2011-09-06,137.13
2011-09-07,137.49
2011-09-08,137.49
2011-09-09,137.63
2011-09-14,137.88
2011-09-15,141.1
2011-09-16,142.24
2011-09-19,142.01
2011-09-20,143.98
2011-09-21,147.72
2011-09-22,147.21
2011-09-23,150.92
2011-09-26,152.0
2011-09-28,151.31
2011-09-29,150.45
2011-09-30,151.37
2011-10-04,151.27
2011-10-05,154.09
2011-10-06,153.17
2011-10-07,152.48
2011-10-10,151.62
2011-10-11,150.75
2011-10-12,149.63
2011-10-13,150.69
2011-10-14,148.87
2011-10-17,149.18
2011-10-18,147.3
2011-10-19,147.5
2011-10-20,146.3
2011-10-21,146.48
2011-10-24,147.75
2011-10-25,146.28
2011-10-26,145.07
2011-10-27,145.43
2011-10-28,144.74
2011-10-31,142.26
2011-11-01,142.27
2011-11-02,143.33
2011-11-03,144.93
2011-11-04,145.66
2011-11-07,143.24
2011-11-08,143.53
2011-11-09,143.69
2011-11-10,143.52
2011-11-11,145.82
2011-11-14,144.93
2011-11-15,144.0
2011-11-16,144.7
2011-11-17,145.76
2011-11-18,146.08
2011-11-21,145.9
2011-11-22,146.31
2011-11-23,147.16
2011-11-24,147.44
2011-11-25,148.4
2011-11-28,148.78
2011-11-29,148.16
2011-11-30,147.67
2011-12-01,146.8
2011-12-02,145.07
2011-12-05,145.2
2011-12-06,145.47
2011-12-07,145.54
2011-12-08,144.97
2011-12-09,145.43
2011-12-12,146.8
2011-12-13,147.11
2011-12-14,148.54
2011-12-15,148.84
2011-12-16,149.27
2011-12-19,148.53
2011-12-20,150.25
2011-12-21,149.97
2011-12-22,147.93
2011-12-23,148.57
2011-12-26,147.78
2011-12-27,147.86
2011-12-28,148.68
2011-12-29,148.86
2011-12-30,148.38
2012-01-02,148.49
2012-01-03,148.77
2012-01-04,148.17
2012-01-05,147.71
2012-01-06,148.12
2012-01-09,149.18
2012-01-10,149.94
2012-01-11,148.87
2012-01-12,149.28
2012-01-13,149.19
2012-01-16,148.13
2012-01-17,148.56
2012-01-18,147.71
2012-01-19,147.28
2012-01-20,146.45
2012-01-25,146.21
2012-01-26,145.15
2012-01-27,144.58
2012-01-30,144.92
2012-01-31,145.05
2012-02-01,145.17
2012-02-02,145.24
2012-02-03,144.23
2012-02-06,144.29
2012-02-07,144.42
2012-02-08,144.64
2012-02-09,144.02
2012-02-10,144.18
2012-02-13,144.56
2012-02-14,144.84
2012-02-15,144.9
2012-02-16,144.84
2012-02-17,145.44
2012-02-20,145.01
2012-02-21,144.79
2012-02-22,144.99
2012-02-23,145.23
2012-02-24,145.48
2012-02-27,145.04
2012-02-28,145.5
2012-02-29,145.25
2012-03-02,144.43
2012-03-05,143.65
2012-03-06,144.06
2012-03-07,144.32
2012-03-08,145.08
2012-03-09,144.36
2012-03-12,143.87
2012-03-13,144.63
2012-03-14,144.52
2012-03-15,144.79
2012-03-16,145.46
2012-03-19,144.84
2012-03-20,144.67
2012-03-21,144.66
2012-03-22,145.21
2012-03-23,145.56
2012-03-26,145.98
2012-03-27,146.49
2012-03-28,146.41
2012-03-29,146.46
2012-03-30,146.55
2012-04-02,146.08
2012-04-03,145.27
2012-04-04,144.67
2012-04-05,145.25
2012-04-06,145.47
2012-04-09,145.61
2012-04-10,146.49
2012-04-12,146.55
2012-04-13,147.13
2012-04-16,146.14
2012-04-17,146.63
2012-04-18,146.77
2012-04-19,146.44
2012-04-20,146.93
2012-04-23,146.91
2012-04-24,146.75
2012-04-25,147.07
2012-04-26,146.83
2012-04-27,146.63
2012-04-30,146.17
2012-05-02,145.86
2012-05-03,145.25
2012-05-04,145.64
2012-05-07,145.78
2012-05-08,146.71
2012-05-09,146.31
2012-05-10,146.84
2012-05-11,147.17
2012-05-14,147.47
2012-05-15,147.92
2012-05-16,148.57
2012-05-17,149.56
2012-05-18,149.72
2012-05-21,151.04
2012-05-22,150.26
2012-05-23,149.88
2012-05-24,150.9
2012-05-25,151.63
2012-05-29,152.06
2012-05-30,151.8
2012-05-31,151.65
2012-06-01,152.22
2012-06-04,152.08
2012-06-05,152.31
2012-06-07,152.31
2012-06-08,150.9
2012-06-11,151.19
2012-06-12,150.39
2012-06-13,150.87
2012-06-14,150.51
2012-06-15,150.39
2012-06-18,150.02
2012-06-19,149.3
2012-06-20,149.27
2012-06-21,148.56
2012-06-22,148.2
2012-06-25,149.11
2012-06-26,149.58
2012-06-27,149.49
2012-06-28,149.14
2012-06-29,148.7
2012-07-02,148.49
2012-07-03,147.43
2012-07-04,147.23
2012-07-05,146.39
2012-07-06,146.56
2012-07-09,146.81
2012-07-10,147.31
2012-07-11,147.42
2012-07-12,147.54
2012-07-13,147.71
2012-07-16,148.45
2012-07-17,147.95
2012-07-18,147.43
2012-07-19,147.0
2012-07-20,146.81
2012-07-23,147.07
2012-07-24,147.85
2012-07-25,147.99
2012-07-26,148.35
2012-07-27,147.86
2012-07-30,146.95
2012-07-31,146.5
2012-08-01,146.14
2012-08-02,145.4
2012-08-03,145.78
2012-08-06,146.45
2012-08-07,145.25
2012-08-08,145.37
2012-08-09,145.43
2012-08-10,145.21
2012-08-13,145.43
2012-08-14,145.83
2012-08-16,145.58
2012-08-17,146.08
2012-08-20,146.11
2012-08-21,146.37
2012-08-22,146.0
2012-08-23,146.14
2012-08-24,145.79
2012-08-27,146.17
2012-08-28,146.41
2012-08-29,146.62
2012-08-30,146.22
2012-08-31,146.28
2012-09-03,146.26
2012-09-04,145.91
2012-09-05,145.92
2012-09-06,146.33
2012-09-07,146.28
2012-09-10,145.76
2012-09-11,145.53
2012-09-12,145.64
2012-09-13,145.23
2012-09-14,145.43
2012-09-17,144.54
2012-09-18,143.84
2012-09-19,144.18
2012-09-20,144.09
2012-09-21,144.23
2012-09-24,144.37
2012-09-25,144.44
2012-09-26,144.26
2012-09-27,144.53
2012-09-28,144.26
2012-10-02,143.52
2012-10-04,143.48
2012-10-05,143.57
2012-10-08,143.26
2012-10-09,143.35
2012-10-10,143.26
2012-10-11,143.72
2012-10-12,143.88
2012-10-15,143.34
2012-10-16,143.48
2012-10-17,142.84
2012-10-18,142.55
2012-10-19,142.55
2012-10-22,142.61
2012-10-23,142.58
2012-10-24,142.23
2012-10-25,142.4
2012-10-26,142.11
2012-10-29,141.47
2012-10-30,141.4
2012-10-31,141.17
2012-11-01,140.72
2012-11-02,140.77
2012-11-05,140.79
2012-11-06,140.86
2012-11-07,140.83
2012-11-08,140.26
2012-11-09,140.39
2012-11-12,140.58
2012-11-13,140.43
2012-11-14,140.68
2012-11-15,140.29
2012-11-16,140.19
2012-11-19,140.52
2012-11-20,140.21
2012-11-21,139.74
2012-11-22,139.76
2012-11-23,139.87
2012-11-26,140.16
2012-11-27,139.98
2012-11-28,139.88
2012-11-29,140.05
2012-11-30,139.96
2012-12-03,139.77
2012-12-04,139.81
2012-12-05,139.83
2012-12-06,139.67
2012-12-07,139.7
2012-12-10,139.69
2012-12-11,139.27
2012-12-12,139.0
2012-12-13,138.8
2012-12-14,138.36
2012-12-17,138.56
2012-12-18,138.44
2012-12-20,138.29
2012-12-21,138.5
2012-12-24,138.76
2012-12-26,138.67
2012-12-27,138.54
2012-12-28,138.36
2012-12-31,138.18
2013-01-02,138.19
2013-01-03,137.37
2013-01-04,137.25
2013-01-07,137.28
2013-01-08,137.2
2013-01-09,137.16
2013-01-10,137.01
2013-01-11,136.88
2013-01-14,136.28
2013-01-15,136.23
2013-01-16,136.14
2013-01-17,136.58
2013-01-18,136.5
2013-01-21,136.22
2013-01-22,136.72
2013-01-23,137.28
2013-01-24,137.42
2013-01-25,137.8
2013-01-29,139.55
2013-01-30,140.23
2013-01-31,139.56
2013-02-01,140.4
2013-02-04,140.88
2013-02-05,140.45
2013-02-06,140.15
2013-02-07,140.42
2013-02-08,140.47
2013-02-12,141.04
2013-02-13,141.09
2013-02-14,140.07
2013-02-15,139.89
2013-02-18,139.14
2013-02-19,139.61
2013-02-20,139.46
2013-02-21,138.99
2013-02-22,139.78
2013-02-25,140.07
2013-02-26,140.19
2013-02-27,140.23
2013-02-28,139.92
2013-03-04,139.52
2013-03-05,140.72
2013-03-06,140.15
2013-03-07,139.72
2013-03-08,140.06
2013-03-11,140.56
2013-03-12,141.59
2013-03-13,141.17
2013-03-14,141.46
2013-03-15,142.43
2013-03-18,143.02
2013-03-19,143.63
2013-03-20,143.03
2013-03-21,143.96
2013-03-22,143.8
2013-03-25,143.91
2013-03-26,143.33
2013-03-27,142.76
2013-03-28,142.87
2013-03-29,143.26
2013-04-01,143.31
2013-04-02,143.7
2013-04-03,143.36
2013-04-04,144.38
2013-04-05,144.76
2013-04-08,145.15
2013-04-09,146.62
2013-04-10,146.69
2013-04-11,146.64
2013-04-12,145.47
2013-04-15,145.72
2013-04-16,144.89
2013-04-17,144.24
2013-04-18,143.67
2013-04-19,144.51
2013-04-22,144.07
2013-04-23,144.47
2013-04-24,144.27
2013-04-25,144.15
2013-04-26,143.45
2013-04-29,142.87
2013-04-30,142.77
2013-05-02,142.03
2013-05-03,141.72
2013-05-06,141.76
2013-05-07,140.99
2013-05-08,140.96
2013-05-09,140.16
2013-05-10,140.08
2013-05-13,142.08
2013-05-14,143.61
2013-05-15,142.93
2013-05-16,143.48
2013-05-20,143.53
2013-05-21,144.04
2013-05-22,143.39
2013-05-23,143.33
2013-05-24,144.74
2013-05-27,145.3
2013-05-28,144.92
2013-05-29,144.97
2013-05-30,145.67
2013-05-31,145.33
2013-06-03,145.12
2013-06-04,145.33
2013-06-05,144.55
2013-06-07,144.17
2013-06-10,143.17
2013-06-11,144.72
2013-06-12,146.02
2013-06-13,145.68
2013-06-14,146.14
2013-06-17,145.36
2013-06-18,145.37
2013-06-19,145.63
2013-06-20,146.05
2013-06-21,147.58
2013-06-24,148.97
2013-06-25,149.16
2013-06-26,149.42
2013-06-27,148.66
2013-06-28,148.21
2013-07-01,147.67
2013-07-02,146.58
2013-07-03,146.11
2013-07-04,147.09
2013-07-05,147.06
2013-07-08,147.23
2013-07-09,148.44
2013-07-10,147.58
2013-07-11,146.81
2013-07-12,145.02
2013-07-15,144.64
2013-07-16,144.69
2013-07-17,144.24
2013-07-18,144.14
2013-07-19,144.67
2013-07-22,144.82
2013-07-23,144.16
2013-07-24,143.92
2013-07-25,143.61
2013-07-26,144.03
2013-07-29,143.32
2013-07-30,143.02
2013-07-31,143.59
2013-08-01,144.36
2013-08-02,144.58
2013-08-05,145.09
2013-08-06,143.91
2013-08-07,143.65
2013-08-08,144.04
2013-08-09,143.57
2013-08-12,143.35
2013-08-13,143.51
2013-08-14,143.96
2013-08-16,144.36
2013-08-19,143.8
2013-08-20,143.62
2013-08-21,144.68
2013-08-22,144.18
2013-08-23,144.97
2013-08-26,144.18
2013-08-27,143.51
2013-08-28,143.85
2013-08-29,144.02
2013-08-30,143.25
2013-09-02,143.08
2013-09-03,142.38
2013-09-04,141.31
2013-09-05,141.81
2013-09-06,141.03
2013-09-09,141.25
2013-09-10,140.32
2013-09-11,139.9
2013-09-12,140.19
2013-09-13,139.69
2013-09-16,139.96
2013-09-17,139.57
2013-09-23,139.96
2013-09-24,138.77
2013-09-25,138.63
2013-09-26,138.87
2013-09-27,138.55
2013-09-30,138.71
2013-10-01,138.63
2013-10-02,138.57
2013-10-04,138.58
2013-10-07,138.19
2013-10-08,138.05
2013-10-10,138.45
2013-10-11,138.72
2013-10-14,138.06
2013-10-15,138.28
2013-10-16,137.71
2013-10-17,137.61
2013-10-18,137.27
2013-10-21,136.89
2013-10-22,136.99
2013-10-23,136.95
2013-10-24,136.27
2013-10-25,136.35
2013-10-28,137.0
2013-10-29,136.9
2013-10-30,136.83
2013-10-31,136.9
2013-11-01,136.7
2013-11-04,137.07
2013-11-05,137.01
2013-11-06,137.0
2013-11-07,137.0
2013-11-08,136.84
2013-11-11,137.2
2013-11-12,137.82
2013-11-13,138.13
2013-11-14,138.38
2013-11-15,137.65
2013-11-18,137.57
2013-11-19,136.82
2013-11-20,136.2
2013-11-21,136.27
2013-11-22,136.98
2013-11-25,136.93
2013-11-26,136.8
2013-11-27,136.77
2013-11-28,136.84
2013-11-29,136.99
2013-12-02,136.58
2013-12-03,136.44
2013-12-04,136.9
2013-12-05,136.88
2013-12-06,136.79
2013-12-09,136.46
2013-12-10,135.83
2013-12-11,135.74
2013-12-12,135.65
2013-12-13,135.87
2013-12-16,135.83
2013-12-17,135.76
2013-12-18,135.63
2013-12-19,135.71
2013-12-20,136.46
2013-12-23,136.94
2013-12-24,136.84
2013-12-26,136.73
2013-12-27,136.6
2013-12-30,136.13
2013-12-31,136.09
2014-01-02,136.09
2014-01-03,135.47
2014-01-06,135.93
2014-01-07,136.98
2014-01-08,137.72
2014-01-09,137.46
2014-01-10,137.32
2014-01-13,137.06
2014-01-14,136.24
2014-01-15,136.49
2014-01-16,137.02
2014-01-17,137.23
2014-01-20,136.81
2014-01-21,137.16
2014-01-22,137.19
2014-01-23,137.72
2014-01-24,138.15
2014-01-27,138.76
2014-01-28,139.59
2014-01-29,138.98
2014-02-03,137.97
2014-02-04,139.36
2014-02-05,139.89
2014-02-06,139.08
2014-02-07,138.72
2014-02-10,138.57
2014-02-11,138.18
2014-02-12,138.21
2014-02-13,137.28
2014-02-14,137.17
2014-02-17,136.93
2014-02-18,136.75
2014-02-19,137.22
2014-02-20,137.6
2014-02-21,138.21
2014-02-24,138.37
2014-02-25,138.72
2014-02-26,137.95
2014-02-27,137.86
2014-02-28,137.57
2014-03-03,137.38
2014-03-04,138.11
2014-03-05,138.13
2014-03-06,137.94
2014-03-07,137.54
2014-03-10,136.92
2014-03-11,137.33
2014-03-12,137.18
2014-03-13,137.7
2014-03-14,137.45
2014-03-17,138.02
2014-03-18,137.76
2014-03-19,137.5
2014-03-20,137.88
2014-03-21,138.49
2014-03-24,139.24
2014-03-25,139.18
2014-03-26,139.0
2014-03-27,138.56
2014-03-28,138.28
2014-03-31,137.77
2014-04-01,137.44
2014-04-02,136.72
2014-04-03,136.28
2014-04-04,136.41
2014-04-07,136.15
2014-04-08,135.83
2014-04-09,135.87
2014-04-10,134.55
2014-04-11,133.62
2014-04-14,133.81
2014-04-15,133.99
2014-04-16,134.27
2014-04-17,134.29
2014-04-18,133.75
2014-04-21,133.76
2014-04-22,133.86
2014-04-23,134.09
2014-04-24,134.07
2014-04-25,133.92
2014-04-28,133.99
2014-04-29,133.77
2014-04-30,133.07
2014-05-02,133.14
2014-05-07,133.02
2014-05-08,132.3
2014-05-09,132.03
2014-05-12,131.97
2014-05-13,132.23
2014-05-14,131.96
2014-05-15,132.18
2014-05-16,132.42
2014-05-19,132.33
2014-05-20,131.92
2014-05-21,132.1
2014-05-22,132.43
2014-05-23,132.22
2014-05-26,132.11
2014-05-27,132.06
2014-05-28,132.0
2014-05-29,131.89
2014-05-30,131.77
2014-06-02,131.62
2014-06-03,132.02
2014-06-05,132.12
2014-06-09,131.91
2014-06-10,131.25
2014-06-11,131.13
2014-06-12,131.13
2014-06-13,131.26
2014-06-16,131.33
2014-06-17,131.53
2014-06-18,131.86
2014-06-19,131.99
2014-06-20,131.38
2014-06-23,131.53
2014-06-24,131.39
2014-06-25,131.33
2014-06-26,131.66
2014-06-27,131.2
2014-06-30,130.87
2014-07-01,130.58
2014-07-02,130.54
2014-07-03,130.29
2014-07-04,130.26
2014-07-07,130.17
2014-07-08,130.3
2014-07-09,130.48
2014-07-10,130.6
2014-07-11,130.57
2014-07-14,131.35
2014-07-15,131.42
2014-07-16,132.09
2014-07-17,133.24
2014-07-18,132.84
2014-07-21,133.13
2014-07-22,132.55
2014-07-23,132.18
2014-07-24,131.96
2014-07-25,132.64
2014-07-28,132.82
2014-07-29,132.28
2014-07-30,132.22
2014-07-31,132.17
2014-08-01,132.41
2014-08-04,133.38
2014-08-05,133.12
2014-08-06,133.0
2014-08-07,133.45
2014-08-08,133.46
2014-08-11,133.83
2014-08-12,132.96
2014-08-13,132.66
2014-08-14,132.64
2014-08-18,132.23
2014-08-19,131.3
2014-08-20,131.35
2014-08-21,131.72
2014-08-22,132.11
2014-08-25,131.54
2014-08-26,131.69
2014-08-27,131.34
2014-08-28,130.91
2014-08-29,130.79
2014-09-01,130.95
2014-09-02,130.87
2014-09-03,131.04
2014-09-04,131.47
2014-09-05,131.35
2014-09-11,132.2
2014-09-12,133.47
2014-09-15,133.93
2014-09-16,134.03
2014-09-17,133.56
2014-09-18,133.39
2014-09-19,134.37
2014-09-22,134.81
2014-09-23,134.26
2014-09-24,134.43
2014-09-25,134.14
2014-09-26,134.46
2014-09-29,134.38
2014-09-30,135.23
2014-10-01,135.83
2014-10-02,136.8
2014-10-06,136.75
2014-10-07,137.93
2014-10-08,137.52
2014-10-10,138.26
2014-10-13,138.06
2014-10-14,137.8
2014-10-15,137.13
2014-10-16,137.4
2014-10-17,136.61
2014-10-20,136.99
2014-10-21,136.69
2014-10-22,135.96
2014-10-23,135.84
2014-10-24,136.05
2014-10-27,136.55
2014-10-28,135.69
2014-10-29,135.43
2014-10-30,135.01
2014-10-31,135.9
2014-11-03,136.53
2014-11-04,138.66
2014-11-05,139.3
2014-11-06,139.15
2014-11-07,140.47
2014-11-10,140.92
2014-11-11,139.94
2014-11-12,140.55
2014-11-13,141.66
2014-11-14,141.53
2014-11-17,141.8
2014-11-18,141.46
2014-11-19,141.7
2014-11-20,142.38
2014-11-21,143.51
2014-11-24,143.2
2014-11-25,143.4
2014-11-26,143.51
2014-11-27,142.77
2014-11-28,142.03
2014-12-01,142.5
2014-12-02,143.92
2014-12-03,142.73
2014-12-04,143.73
2014-12-05,143.95
2014-12-08,143.61
2014-12-09,144.28
2014-12-10,143.44
2014-12-11,142.5
2014-12-12,141.66
2014-12-15,142.41
2014-12-16,142.27
2014-12-17,140.88
2014-12-18,140.3
2014-12-19,142.23
2014-12-22,142.04
2014-12-23,141.49
2014-12-24,141.88
2014-12-26,142.31
2014-12-29,141.67
2014-12-30,141.55
2014-12-31,141.7
2015-01-02,141.72
2015-01-05,142.17
2015-01-06,142.95
2015-01-07,142.36
2015-01-08,141.81
2015-01-09,141.65
2015-01-12,140.86
2015-01-13,139.69
2015-01-14,139.49
2015-01-15,139.27
2015-01-16,139.83
2015-01-19,138.99
2015-01-20,139.29
2015-01-21,139.88
2015-01-22,140.2
2015-01-23,140.0
2015-01-26,139.85
2015-01-27,139.22
2015-01-28,139.59
2015-01-29,139.69
2015-01-30,140.7
2015-02-02,141.36
2015-02-03,142.04
2015-02-04,141.63
2015-02-05,140.5
2015-02-06,140.5
2015-02-09,140.39
2015-02-10,141.49
2015-02-11,140.67
2015-02-12,141.46
2015-02-13,142.82
2015-02-16,141.63
2015-02-17,141.61
2015-02-23,141.94
2015-02-24,143.07
2015-02-25,142.92
2015-02-26,142.13
2015-02-27,141.74
2015-03-02,141.79
2015-03-03,142.17
2015-03-04,141.84
2015-03-05,141.39
2015-03-06,141.85
2015-03-09,141.74
2015-03-10,143.09
2015-03-11,144.24
2015-03-12,145.0
2015-03-13,145.59
2015-03-16,144.93
2015-03-17,146.04
2015-03-18,145.58
2015-03-19,145.19
2015-03-20,143.59
2015-03-23,144.58
2015-03-24,143.87
2015-03-25,142.73
2015-03-26,142.19
2015-03-27,142.41
2015-03-30,142.42
2015-03-31,142.49
2015-04-01,143.1
2015-04-02,142.37
2015-04-03,141.63
2015-04-06,141.2
2015-04-07,140.09
2015-04-08,140.56
2015-04-09,141.08
2015-04-10,141.15
2015-04-13,141.24
2015-04-14,141.49
2015-04-15,141.48
2015-04-16,141.39
2015-04-17,140.48
2015-04-20,139.99
2015-04-21,139.7
2015-04-22,139.8
2015-04-23,139.59
2015-04-24,139.77
2015-04-27,139.22
2015-04-28,138.64
2015-04-29,138.17
2015-04-30,137.82
2015-05-04,137.97
2015-05-06,139.39
2015-05-07,139.45
2015-05-08,140.14
2015-05-11,140.75
2015-05-12,140.59
2015-05-13,141.41
2015-05-14,141.25
2015-05-15,141.09
2015-05-18,140.52
2015-05-19,140.05
2015-05-20,140.72
2015-05-21,141.28
2015-05-22,141.15
2015-05-26,140.72
2015-05-27,141.68
2015-05-28,142.71
2015-05-29,142.91
2015-06-01,142.86
2015-06-02,143.34
2015-06-03,143.7
2015-06-04,142.65
2015-06-05,143.17
2015-06-08,143.45
2015-06-09,144.67
2015-06-10,144.37
2015-06-11,144.11
2015-06-12,143.23
2015-06-15,143.41
2015-06-16,143.97
2015-06-17,144.12
2015-06-18,144.16
2015-06-19,143.16
2015-06-22,142.42
2015-06-23,141.9
2015-06-24,142.41
2015-06-25,142.98
2015-06-26,143.14
2015-06-29,143.84
2015-06-30,145.0
2015-07-01,144.27
2015-07-02,144.28
2015-07-03,144.9
2015-07-06,144.47
2015-07-07,145.27
2015-07-08,145.65
2015-07-09,146.5
2015-07-10,146.57
2015-07-13,145.78
2015-07-14,145.97
2015-07-15,147.0
2015-07-16,147.27
2015-07-17,148.16
2015-07-20,147.9
2015-07-21,148.61
2015-07-22,149.45
2015-07-23,148.71
2015-07-24,149.95
2015-07-27,150.24
2015-07-28,150.81
2015-07-29,150.45
2015-07-30,149.38
2015-07-31,150.43
2015-08-03,150.85
2015-08-04,150.28
2015-08-05,150.81
2015-08-06,151.2
2015-08-07,150.97
2015-08-10,150.2
2015-08-11,150.31
2015-08-12,150.8
2015-08-13,153.45
2015-08-17,151.4
2015-08-18,152.45
2015-08-19,152.78
2015-08-20,152.84
2015-08-21,152.88
2015-08-24,153.76
2015-08-25,154.56
2015-08-26,154.11
2015-08-27,153.37
2015-08-28,152.81
2015-08-31,151.78
2015-09-01,152.64
2015-09-02,151.69
2015-09-03,152.0
2015-09-04,153.24
2015-09-07,153.67
2015-09-08,155.1
2015-09-09,155.22
2015-09-10,153.78
2015-09-11,154.3
2015-09-14,152.75
2015-09-15,152.39
2015-09-16,152.56
2015-09-17,152.17
2015-09-18,150.93
2015-09-21,150.54
2015-09-22,151.35
2015-09-23,151.89
2015-09-24,153.23
2015-09-25,153.77
2015-09-30,154.13
2015-10-01,153.6
2015-10-02,152.13
2015-10-05,152.32
2015-10-06,151.24
2015-10-07,150.3
2015-10-08,150.35
2015-10-12,149.6
2015-10-13,148.05
2015-10-14,148.06
2015-10-15,148.4
2015-10-16,146.28
2015-10-19,145.66
2015-10-20,145.2
2015-10-21,145.82
2015-10-22,145.97
2015-10-23,146.86
2015-10-26,145.47
2015-10-27,146.33
2015-10-28,145.96
2015-10-29,146.18
2015-10-30,147.39
2015-11-02,146.91
2015-11-03,147.11
2015-11-04,146.23
2015-11-05,145.72
2015-11-06,146.71
2015-11-09,146.9
2015-11-10,148.88
2015-11-11,149.41
2015-11-12,149.0
2015-11-13,148.96
2015-11-16,149.83
2015-11-17,151.3
2015-11-18,150.85
2015-11-19,151.4
2015-11-20,150.22
2015-11-23,149.28
2015-11-24,149.4
2015-11-25,149.11
2015-11-26,147.75
2015-11-27,147.82
2015-11-30,148.43
2015-12-01,149.32
2015-12-02,149.39
2015-12-03,149.58
2015-12-04,150.63
2015-12-07,149.26
2015-12-08,150.49
2015-12-09,151.74
2015-12-10,152.02
2015-12-11,151.93
2015-12-14,152.21
2015-12-15,153.04
2015-12-16,152.62
2015-12-17,152.02
2015-12-18,152.07
2015-12-21,152.77
2015-12-22,151.98
2015-12-23,151.72
2015-12-24,151.18
2015-12-28,151.08
2015-12-29,150.31
2015-12-30,150.67
2015-12-31,151.21
2016-01-04,151.21
2016-01-05,152.79
2016-01-06,153.23
2016-01-07,154.0
2016-01-08,154.69
2016-01-11,154.09
2016-01-12,155.66
2016-01-13,155.69
2016-01-14,155.43
2016-01-15,155.84
2016-01-18,155.41
2016-01-19,155.45
2016-01-20,154.73
2016-01-21,154.97
2016-01-22,154.78
2016-01-25,154.28
2016-01-26,153.23
2016-01-27,154.16
2016-01-28,154.05
2016-01-29,155.07
2016-02-01,155.03
2016-02-02,154.85
2016-02-03,154.24
2016-02-04,156.09
2016-02-05,154.41
2016-02-11,153.34
2016-02-12,153.63
2016-02-15,154.88
2016-02-16,155.41
2016-02-17,156.16
2016-02-18,157.29
2016-02-19,157.53
2016-02-22,158.72
2016-02-23,158.67
2016-02-24,158.33
2016-02-25,158.93
2016-02-26,159.05
2016-02-29,158.91
2016-03-02,159.68
2016-03-03,158.59
2016-03-04,156.91
2016-03-07,155.66
2016-03-08,154.64
2016-03-09,155.18
2016-03-10,156.38
2016-03-11,155.7
2016-03-14,154.65
2016-03-15,152.93
2016-03-16,153.23
2016-03-17,153.72
2016-03-18,151.45
2016-03-21,149.75
2016-03-22,150.3
2016-03-23,149.55
2016-03-24,149.44
2016-03-25,150.43
2016-03-28,150.74
2016-03-29,150.77
2016-03-30,149.94
2016-03-31,148.77
2016-04-01,147.55
2016-04-04,148.17
2016-04-05,148.02
2016-04-06,148.91
2016-04-07,149.03
2016-04-08,148.79
2016-04-11,149.06
2016-04-12,148.2
2016-04-14,147.59
2016-04-15,148.7
2016-04-18,148.38
2016-04-19,148.43
2016-04-20,147.06
2016-04-21,146.0
2016-04-22,146.3
2016-04-25,147.11
2016-04-26,148.23
2016-04-27,148.24
2016-04-28,147.73
2016-04-29,147.46
2016-05-02,146.71
2016-05-03,147.03
2016-05-04,146.49
2016-05-09,148.63
2016-05-10,150.01
2016-05-11,151.25
2016-05-12,150.52
2016-05-13,150.01
2016-05-16,150.61
2016-05-17,151.81
2016-05-18,151.14
2016-05-19,152.07
2016-05-20,153.31
2016-05-23,152.99
2016-05-24,152.32
2016-05-25,153.01
2016-05-26,152.7
2016-05-27,152.08
2016-05-30,151.86
2016-05-31,153.24
2016-06-01,153.2
2016-06-02,153.42
2016-06-03,153.08
2016-06-07,152.74
2016-06-08,149.79
2016-06-09,149.02
2016-06-10,148.91
2016-06-13,149.84
2016-06-14,151.07
2016-06-15,151.07
2016-06-16,151.58
2016-06-17,150.8
2016-06-20,150.86
2016-06-21,149.88
2016-06-22,149.27
2016-06-23,148.97
2016-06-24,148.41
2016-06-27,150.56
2016-06-28,152.48
2016-06-29,151.57
2016-06-30,150.1
2016-07-01,148.54
2016-07-04,147.91
2016-07-05,147.98
2016-07-06,148.6
2016-07-07,150.26
2016-07-08,149.08
2016-07-11,149.43
2016-07-12,147.95
2016-07-13,148.13
2016-07-14,147.71
2016-07-15,147.25
2016-07-18,146.07
2016-07-19,146.53
2016-07-20,146.79
2016-07-21,147.08
2016-07-22,147.0
2016-07-25,146.31
2016-07-26,146.57
2016-07-27,146.76
2016-07-28,146.21
2016-07-29,145.13
2016-08-01,144.67
2016-08-02,143.16
2016-08-03,142.88
2016-08-04,143.58
2016-08-05,143.6
2016-08-08,143.29
2016-08-09,143.45
2016-08-10,142.74
2016-08-11,141.32
2016-08-12,141.64
2016-08-16,141.96
2016-08-17,141.21
2016-08-18,142.15
2016-08-19,142.7
2016-08-22,143.84
2016-08-23,145.13
2016-08-24,144.12
2016-08-25,144.65
2016-08-26,144.29
2016-08-29,143.61
2016-08-30,145.09
2016-08-31,144.18
2016-09-01,144.04
2016-09-02,144.29
2016-09-05,144.1
2016-09-06,142.9
2016-09-07,142.48
2016-09-08,140.96
2016-09-09,140.93
2016-09-12,141.75
2016-09-13,143.16
2016-09-19,143.36
2016-09-20,144.37
2016-09-21,144.32
2016-09-22,144.01
2016-09-23,142.23
2016-09-26,142.37
2016-09-27,142.72
2016-09-28,142.29
2016-09-29,141.31
2016-09-30,141.35
2016-10-04,142.1
2016-10-05,142.48
2016-10-06,143.58
2016-10-07,143.26
2016-10-10,143.81
2016-10-11,143.2
2016-10-12,144.0
2016-10-13,144.8
2016-10-14,145.73
2016-10-17,146.02
2016-10-18,146.96
2016-10-19,145.93
2016-10-20,144.73
2016-10-21,144.88
2016-10-24,146.24
2016-10-25,146.25
2016-10-26,146.52
2016-10-27,145.98
2016-10-28,147.02
2016-10-31,147.68
2016-11-01,147.6
2016-11-02,147.23
2016-11-03,148.12
2016-11-04,147.08
2016-11-07,147.42
2016-11-08,147.2
2016-11-09,146.68
2016-11-10,147.74
2016-11-11,148.39
2016-11-14,150.08
2016-11-15,150.79
2016-11-16,150.67
2016-11-17,150.46
2016-11-18,151.39
2016-11-21,152.42
2016-11-22,152.6
2016-11-23,151.57
2016-11-24,151.47
2016-11-25,152.44
2016-11-28,152.0
2016-11-29,150.89
2016-11-30,150.65
2016-12-01,150.59
2016-12-02,151.18
2016-12-05,150.93
2016-12-06,151.37
2016-12-07,150.8
2016-12-08,150.77
2016-12-09,149.45
2016-12-12,150.29
2016-12-13,150.84
2016-12-14,150.27
2016-12-15,150.59
2016-12-16,152.07
2016-12-19,152.4
2016-12-20,152.76
2016-12-21,153.39
2016-12-22,153.84
2016-12-23,154.34
2016-12-26,155.03
2016-12-27,154.56
2016-12-28,155.34
2016-12-29,155.66
2016-12-30,155.83
2017-01-02,155.83
2017-01-03,155.71
2017-01-04,155.51
2017-01-05,155.59
2017-01-06,153.67
2017-01-09,153.33
2017-01-10,155.42
2017-01-11,154.58
2017-01-12,154.28
2017-01-13,152.54
2017-01-16,151.86
2017-01-17,152.22
2017-01-18,152.26
2017-01-19,150.28
2017-01-20,151.75
2017-01-23,151.14
2017-01-24,150.42
2017-01-25,150.0
2017-01-26,150.34
2017-01-31,149.23
2017-02-01,150.23
2017-02-02,148.88
2017-02-03,148.1
2017-02-06,147.82
2017-02-07,146.64
2017-02-08,147.21
2017-02-09,147.61
2017-02-10,147.68
2017-02-13,148.41
2017-02-14,148.46
2017-02-15,147.5
2017-02-16,147.12
2017-02-17,146.78
2017-02-20,147.57
2017-02-21,147.87
2017-02-22,147.77
2017-02-23,147.01
2017-02-24,146.76
2017-02-27,145.73
2017-02-28,145.86
2017-03-02,145.86
2017-03-03,147.12
2017-03-06,148.48
2017-03-07,148.9
2017-03-08,148.27
2017-03-09,147.64
2017-03-10,148.89
2017-03-13,149.15
2017-03-14,147.81
2017-03-15,147.71
2017-03-16,147.61
2017-03-17,145.77
2017-03-20,145.76
2017-03-21,144.81
2017-03-22,143.9
2017-03-23,144.71
2017-03-24,144.18
2017-03-27,144.54
2017-03-28,143.44
2017-03-29,143.21
2017-03-30,143.39
2017-03-31,143.63
2017-04-03,144.03
2017-04-04,143.32
2017-04-05,143.99
2017-04-06,144.68
2017-04-07,145.56
2017-04-10,146.04
2017-04-11,146.92
2017-04-12,147.44
2017-04-13,147.37
2017-04-14,145.6
2017-04-17,146.49
2017-04-18,146.22
2017-04-19,146.36
2017-04-20,146.61
2017-04-21,146.81
2017-04-24,146.17
2017-04-25,145.48
2017-04-26,145.3
2017-04-27,144.63
2017-04-28,145.24
2017-05-02,145.71
2017-05-04,145.31
2017-05-08,145.44
2017-05-10,145.48
2017-05-11,145.69
2017-05-12,145.12
2017-05-15,144.58
2017-05-16,144.51
2017-05-17,143.51
2017-05-18,143.66
2017-05-19,144.58
2017-05-22,144.87
2017-05-23,143.49
2017-05-24,143.89
2017-05-25,144.65
2017-05-26,143.49
2017-05-29,143.66
2017-05-30,143.71
2017-05-31,144.22
2017-06-01,143.96
2017-06-02,143.8
2017-06-05,143.91
2017-06-07,143.5
2017-06-08,143.95
2017-06-09,144.28
2017-06-12,143.85
2017-06-13,144.37
2017-06-14,144.77
2017-06-15,144.33
2017-06-16,143.92
2017-06-19,145.25
2017-06-20,145.04
2017-06-21,145.76
2017-06-22,146.42
2017-06-23,146.28
2017-06-26,146.17
2017-06-27,145.56
2017-06-28,145.68
2017-06-29,146.29
2017-06-30,145.99
2017-07-03,146.52
2017-07-04,146.59
2017-07-05,147.21
2017-07-06,147.21
2017-07-07,147.68
2017-07-10,147.96
2017-07-11,147.18
2017-07-12,147.21
2017-07-13,146.66
2017-07-14,145.67
2017-07-17,145.55
2017-07-18,144.58
2017-07-19,144.3
2017-07-20,143.67
2017-07-21,144.02
2017-07-24,143.58
2017-07-25,142.96
2017-07-26,142.93
2017-07-27,143.45
2017-07-28,142.46
2017-07-31,143.31
2017-08-01,143.64
2017-08-02,143.09
2017-08-03,143.69
2017-08-04,144.24
2017-08-07,143.94
2017-08-08,144.15
2017-08-09,143.84
2017-08-10,145.18
2017-08-11,145.96
2017-08-14,146.61
2017-08-16,145.49
2017-08-17,145.7
2017-08-18,145.19
2017-08-21,145.97
2017-08-22,145.49
2017-08-23,145.1
2017-08-24,144.52
2017-08-25,144.09
2017-08-28,144.42
2017-08-29,143.2
2017-08-30,143.94
2017-08-31,143.48
2017-09-01,143.86
2017-09-04,143.48
2017-09-05,144.6
2017-09-06,144.56
2017-09-07,144.88
2017-09-08,144.55
2017-09-11,144.25
2017-09-12,144.6
2017-09-13,144.62
2017-09-14,144.32
2017-09-15,144.96
2017-09-18,144.99
2017-09-19,144.29
2017-09-20,144.77
2017-09-21,144.78
2017-09-22,145.14
2017-09-25,145.5
2017-09-26,144.71
2017-09-27,145.45
2017-09-28,145.89
2017-09-29,146.79
2017-10-10,146.76
2017-10-11,145.85
2017-10-12,145.41
2017-10-13,145.2
2017-10-16,144.86
2017-10-17,144.38
2017-10-18,144.89
2017-10-19,144.77
2017-10-20,145.16
2017-10-23,145.07
2017-10-24,145.11
2017-10-25,144.59
2017-10-26,144.6
2017-10-27,144.15
2017-10-30,144.81
2017-10-31,144.24
2017-11-01,143.73
2017-11-02,143.17
2017-11-03,142.69
2017-11-06,142.61
2017-11-07,143.14
2017-11-08,142.44
2017-11-09,142.92
2017-11-10,142.87
2017-11-13,143.19
2017-11-14,143.66
2017-11-15,143.36
2017-11-16,142.74
2017-11-17,141.37
2017-11-20,140.32
2017-11-21,140.68
2017-11-22,140.48
2017-11-23,139.71
2017-11-24,139.31
2017-11-27,138.95
2017-11-28,139.42
2017-11-29,139.47
2017-11-30,138.63
2017-12-01,138.94
2017-12-04,139.16
2017-12-05,139.22
2017-12-06,138.71
2017-12-07,139.75
2017-12-08,139.97
2017-12-11,140.09
2017-12-12,139.93
2017-12-13,139.63
2017-12-14,139.91
2017-12-15,139.17
2017-12-18,139.46
2017-12-19,139.36
2017-12-20,139.04
2017-12-21,138.44
2017-12-22,138.21
2017-12-26,138.14
2017-12-27,137.9
2017-12-28,137.66
2017-12-29,137.07
2018-01-02,137.13
2018-01-03,136.18
2018-01-04,136.31
2018-01-05,136.31
2018-01-08,135.83
2018-01-09,136.2
2018-01-10,136.44
2018-01-11,136.88
2018-01-12,136.93
2018-01-15,136.1
2018-01-16,135.66
2018-01-17,136.0
2018-01-18,136.31
2018-01-19,136.78
2018-01-22,136.54
2018-01-23,136.71
2018-01-24,136.81
2018-01-25,136.94
2018-01-26,135.81
2018-01-29,136.19
2018-01-30,136.21
2018-01-31,137.01
2018-02-01,136.91
2018-02-02,136.98
2018-02-05,137.66
2018-02-06,139.35
2018-02-07,139.97
2018-02-08,138.56
2018-02-09,139.09
2018-02-12,139.76
2018-02-13,138.56
2018-02-14,138.44
2018-02-19,138.06
2018-02-20,136.54
2018-02-21,136.79
2018-02-22,137.41
2018-02-23,138.4
2018-02-26,137.86
2018-02-27,137.24
2018-02-28,136.82
2018-03-02,138.21
2018-03-05,138.08
2018-03-06,137.97
2018-03-07,137.28
2018-03-08,136.41
2018-03-09,136.27
2018-03-12,136.43
2018-03-13,135.75
2018-03-14,135.94
2018-03-15,135.94
2018-03-16,135.92
2018-03-19,136.37
2018-03-20,136.58
2018-03-21,136.53
2018-03-22,136.57
2018-03-23,136.24
2018-03-26,137.74
2018-03-27,137.8
2018-03-28,136.65
2018-03-29,136.28
2018-03-30,135.89
2018-04-02,135.62
2018-04-03,134.81
2018-04-04,134.78
2018-04-05,134.74
2018-04-06,134.98
2018-04-09,135.82
2018-04-10,136.0
2018-04-11,136.02
2018-04-12,135.85
2018-04-13,136.14
2018-04-16,136.31
2018-04-17,136.7
2018-04-18,136.11
2018-04-19,135.87
2018-04-20,135.52
2018-04-23,136.06
2018-04-24,136.3
2018-04-25,137.24
2018-04-26,137.47
2018-04-27,137.61
2018-04-30,137.14
2018-05-02,136.0
2018-05-03,136.94
2018-05-04,137.15
2018-05-08,137.16
2018-05-09,137.36
2018-05-10,137.76
2018-05-11,136.99
2018-05-14,136.13
2018-05-15,135.88
2018-05-16,136.64
2018-05-17,137.42
2018-05-18,137.49
2018-05-21,137.58
2018-05-23,138.07
2018-05-24,137.45
2018-05-25,137.58
2018-05-28,137.48
2018-05-29,136.8
2018-05-30,137.16
2018-05-31,137.79
2018-06-01,137.21
2018-06-04,137.15
2018-06-05,136.5
2018-06-07,136.3
2018-06-08,136.1
2018-06-11,136.78
2018-06-12,136.81
2018-06-14,136.99
2018-06-15,137.91
2018-06-18,139.04
2018-06-19,140.69
2018-06-20,140.84
2018-06-21,141.21
2018-06-22,141.35
2018-06-25,141.31
2018-06-26,142.24
2018-06-27,142.08
2018-06-28,142.44
2018-06-29,142.93
2018-07-02,142.37
2018-07-03,142.44
2018-07-04,142.91
2018-07-05,142.2
2018-07-06,142.53
2018-07-09,142.43
2018-07-10,141.72
2018-07-11,141.91
2018-07-12,142.8
2018-07-13,143.69
2018-07-16,143.14
2018-07-17,143.81
2018-07-18,143.36
2018-07-19,143.82
2018-07-20,144.11
2018-07-23,144.57
2018-07-24,143.79
2018-07-25,144.68
2018-07-26,143.71
2018-07-27,142.66
2018-07-30,142.71
2018-07-31,142.28
2018-08-01,142.43
2018-08-02,142.62
2018-08-03,143.01
2018-08-06,143.73
2018-08-07,143.13
2018-08-08,143.41
2018-08-09,142.54
2018-08-10,142.41
2018-08-13,143.49
2018-08-14,144.42
2018-08-16,144.22
2018-08-17,144.04
2018-08-20,143.4
2018-08-21,142.9
2018-08-22,142.45
2018-08-23,142.52
2018-08-24,142.78
2018-08-27,142.91
2018-08-28,141.95
2018-08-29,141.4
2018-08-30,141.27
2018-08-31,141.26
2018-09-03,141.84
2018-09-04,141.86
2018-09-05,141.95
2018-09-06,142.39
2018-09-07,142.84
2018-09-10,143.08
2018-09-11,143.71
2018-09-12,143.55
2018-09-13,143.63
2018-09-14,142.87
2018-09-17,142.63
2018-09-18,143.56
2018-09-19,143.6
2018-09-20,143.14
2018-09-21,142.8
2018-09-27,142.92
2018-09-28,142.37
2018-10-01,141.84
2018-10-02,141.92
2018-10-04,142.44
2018-10-05,144.01
2018-10-08,144.3
2018-10-10,144.47
2018-10-11,144.49
2018-10-12,145.83
2018-10-15,144.65
2018-10-16,144.67
2018-10-17,143.95
2018-10-18,143.51
2018-10-19,144.49
2018-10-22,144.67
2018-10-23,144.26
2018-10-24,144.9
2018-10-25,144.4
2018-10-26,145.2
2018-10-29,145.49
2018-10-30,145.16
2018-10-31,145.42
2018-11-01,145.27
2018-11-02,145.36
2018-11-05,143.96
2018-11-06,143.35
2018-11-07,143.33
2018-11-08,143.17
2018-11-09,142.89
2018-11-12,143.74
2018-11-13,144.5
2018-11-14,145.03
2018-11-15,144.61
2018-11-16,144.33
2018-11-19,144.15
2018-11-20,143.95
2018-11-21,143.98
2018-11-22,144.44
2018-11-23,144.18
2018-11-26,144.45
2018-11-27,144.43
2018-11-28,144.32
2018-11-29,144.25
2018-11-30,143.42
2018-12-03,143.19
2018-12-04,142.49
2018-12-05,142.2
2018-12-06,142.52
2018-12-07,143.1
2018-12-10,143.06
2018-12-11,143.93
2018-12-12,144.49
2018-12-13,144.29
2018-12-14,143.86
2018-12-17,144.53
2018-12-18,144.84
2018-12-19,144.51
2018-12-20,143.75
2018-12-21,144.17
2018-12-24,143.47
2018-12-26,143.69
2018-12-27,143.78
2018-12-28,143.21
2018-12-31,142.77
2019-01-02,142.78
2019-01-03,142.85
2019-01-04,143.98
2019-01-07,143.63
2019-01-08,142.69
2019-01-09,143.09
2019-01-10,143.1
2019-01-11,142.74
2019-01-14,142.54
2019-01-15,142.99
2019-01-16,142.81
2019-01-17,143.05
2019-01-18,142.98
2019-01-21,142.96
2019-01-22,143.59
2019-01-23,144.05
2019-01-24,143.8
2019-01-25,143.76
2019-01-28,143.41
2019-01-29,142.35
2019-01-30,142.5
2019-01-31,142.43
2019-02-01,141.67
2019-02-07,142.33
2019-02-08,143.15
2019-02-11,143.31
2019-02-12,143.29
2019-02-13,143.29
2019-02-14,142.93
2019-02-15,143.36
2019-02-18,143.69
2019-02-19,143.32
2019-02-20,143.66
2019-02-21,143.02
2019-02-22,143.28
2019-02-25,143.44
2019-02-26,142.8
2019-02-27,142.48
2019-02-28,142.41
2019-03-04,142.69
2019-03-05,143.33
2019-03-06,143.42
2019-03-07,143.68
2019-03-08,143.74
2019-03-11,144.46
2019-03-12,144.53
2019-03-13,143.79
2019-03-14,144.15
2019-03-15,144.3
2019-03-18,144.73
2019-03-19,144.42
2019-03-20,144.07
2019-03-21,144.01
2019-03-22,143.46
2019-03-25,143.96
2019-03-26,144.63
2019-03-27,144.24
2019-03-28,144.56
2019-03-29,144.95
2019-04-01,144.73
2019-04-02,144.3
2019-04-03,144.7
2019-04-04,144.59
2019-04-05,144.67
2019-04-08,144.77
2019-04-09,145.46
2019-04-10,145.75
2019-04-11,145.63
2019-04-12,145.26
2019-04-15,145.43
2019-04-16,144.62
2019-04-17,144.8
2019-04-18,144.81
2019-04-19,144.82
2019-04-22,144.97
2019-04-23,145.42
2019-04-24,145.5
2019-04-25,146.24
2019-04-26,147.72
2019-04-29,147.85
2019-04-30,147.66
2019-05-02,148.34
2019-05-03,148.4
2019-05-07,149.04
2019-05-08,149.05
2019-05-09,149.06
2019-05-10,149.82
2019-05-13,150.11
2019-05-14,150.72
2019-05-15,151.22
2019-05-16,151.52
2019-05-17,151.58
2019-05-20,151.95
2019-05-21,151.97
2019-05-22,152.02
2019-05-23,152.19
2019-05-24,151.77
2019-05-27,151.56
2019-05-28,150.85
2019-05-29,151.3
2019-05-30,152.0
2019-05-31,151.64
2019-06-03,152.0
2019-06-04,150.97
2019-06-05,150.68
2019-06-07,150.47
2019-06-10,150.43
2019-06-11,150.97
2019-06-12,150.8
2019-06-13,151.03
2019-06-14,151.33
2019-06-17,151.25
2019-06-18,151.43
2019-06-19,151.3
2019-06-20,150.43
2019-06-21,149.47
2019-06-24,148.7
2019-06-25,148.28
2019-06-26,147.82
2019-06-27,148.3
2019-06-28,148.01
2019-07-01,148.03
2019-07-02,147.88
2019-07-03,149.36
2019-07-04,150.1
2019-07-05,150.15
2019-07-08,150.13
2019-07-09,151.09
2019-07-10,151.12
2019-07-11,151.11
2019-07-12,150.04
2019-07-15,150.46
2019-07-16,150.66
2019-07-17,150.75
2019-07-18,151.05
2019-07-19,150.9
2019-07-22,150.26
2019-07-23,150.79
2019-07-24,150.87
2019-07-25,150.78
2019-07-26,150.94
2019-07-29,151.45
2019-07-30,151.29
2019-07-31,151.08
2019-08-01,150.98
2019-08-02,151.87
2019-08-05,152.62
2019-08-06,154.48
2019-08-07,154.92
2019-08-08,154.9
2019-08-09,154.48
2019-08-12,154.24
2019-08-13,154.93
2019-08-14,155.35
2019-08-16,154.51
2019-08-19,154.67
2019-08-20,154.33
2019-08-21,154.31
2019-08-22,153.49
2019-08-23,153.71
2019-08-26,154.56
2019-08-27,155.27
2019-08-28,154.59
2019-08-29,154.69
2019-08-30,154.88
2019-09-02,154.25
2019-09-03,154.53
2019-09-04,154.92
2019-09-05,154.28
2019-09-06,153.05
2019-09-09,152.66
2019-09-10,152.1
2019-09-11,152.03
2019-09-16,152.28
2019-09-17,151.44
2019-09-18,151.91
2019-09-19,152.05
2019-09-20,152.6
2019-09-23,151.97
2019-09-24,152.2
2019-09-25,152.27
2019-09-26,152.86
2019-09-27,152.99
2019-09-30,153.2
2019-10-01,153.0
2019-10-02,152.78
2019-10-04,153.5
2019-10-07,152.63
2019-10-08,152.56
2019-10-10,152.29
2019-10-11,152.52
2019-10-14,151.63
2019-10-15,150.88
2019-10-16,150.93
2019-10-17,151.31
2019-10-18,151.27
2019-10-21,150.53
2019-10-22,149.87
2019-10-23,149.37
2019-10-24,149.68
2019-10-25,149.39
2019-10-28,149.82
2019-10-29,149.19
2019-10-30,148.79
2019-10-31,149.02
2019-11-01,148.23
2019-11-04,148.99
2019-11-05,148.06
2019-11-06,148.12
2019-11-07,147.89
2019-11-08,148.3
2019-11-11,147.7
2019-11-12,148.39
2019-11-13,148.64
2019-11-14,149.15
2019-11-15,149.52
2019-11-18,149.04
2019-11-19,148.76
2019-11-20,149.31
2019-11-21,149.54
2019-11-22,150.44
2019-11-25,150.51
2019-11-26,150.28
2019-11-27,150.01
2019-11-28,150.23
2019-11-29,150.67
2019-12-02,150.77
2019-12-03,150.78
2019-12-04,151.5
2019-12-05,152.47
2019-12-06,152.02
2019-12-09,151.95
2019-12-10,151.93
2019-12-11,152.3
2019-12-12,152.8
2019-12-13,152.34
2019-12-16,150.23
2019-12-17,150.5
2019-12-18,149.84
2019-12-19,149.62
2019-12-20,149.41
2019-12-23,149.08
2019-12-24,149.08
2019-12-26,149.37
2019-12-27,149.11
2019-12-30,149.07
2019-12-31,148.66
2020-01-02,148.58
2020-01-03,148.54
2020-01-06,149.45
2020-01-07,150.51
2020-01-08,149.82
2020-01-09,151.0
2020-01-10,149.34
2020-01-13,149.48
2020-01-14,148.7
2020-01-15,148.28
2020-01-16,149.11
