,MYR
2010-01-04,341.0
2010-01-05,340.31
2010-01-06,337.58
2010-01-07,337.49
2010-01-08,335.69
2010-01-11,335.43
2010-01-12,336.02
2010-01-13,336.16
2010-01-14,337.12
2010-01-15,336.01
2010-01-18,336.34
2010-01-19,337.24
2010-01-20,335.99
2010-01-21,336.54
2010-01-22,337.86
2010-01-25,338.46
2010-01-26,337.85
2010-01-27,336.88
2010-01-28,338.34
2010-01-29,338.78
2010-02-01,339.09
2010-02-02,340.86
2010-02-03,338.96
2010-02-04,338.93
2010-02-05,336.88
2010-02-08,340.01
2010-02-09,340.35
2010-02-10,340.69
2010-02-11,337.38
2010-02-12,338.23
2010-02-16,337.16
2010-02-17,337.5
2010-02-18,337.3
2010-02-19,337.33
2010-02-22,340.18
2010-02-23,337.91
2010-02-24,337.17
2010-02-25,340.05
2010-02-26,340.43
2010-03-02,342.72
2010-03-03,341.21
2010-03-04,340.62
2010-03-05,340.54
2010-03-08,339.8
2010-03-09,339.97
2010-03-10,339.52
2010-03-11,341.07
2010-03-12,340.82
2010-03-15,341.98
2010-03-16,341.48
2010-03-17,342.2
2010-03-18,343.1
2010-03-19,342.04
2010-03-22,342.68
2010-03-23,342.06
2010-03-24,341.71
2010-03-25,342.28
2010-03-26,343.99
2010-03-29,345.19
2010-03-30,348.46
2010-03-31,345.92
2010-04-01,347.23
2010-04-02,347.76
2010-04-05,346.15
2010-04-06,348.22
2010-04-07,349.41
2010-04-08,349.33
2010-04-09,350.92
2010-04-12,351.13
2010-04-13,347.08
2010-04-14,347.88
2010-04-15,348.6
2010-04-16,347.26
2010-04-19,348.86
2010-04-20,347.22
2010-04-21,348.23
2010-04-22,347.01
2010-04-23,346.57
2010-04-26,347.85
2010-04-27,347.8
2010-04-28,346.04
2010-04-29,347.92
2010-04-30,350.13
2010-05-03,347.98
2010-05-04,347.6
2010-05-06,344.81
2010-05-07,348.48
2010-05-10,354.45
2010-05-11,354.26
2010-05-12,352.61
2010-05-13,355.49
2010-05-14,354.82
2010-05-17,354.93
2010-05-18,356.39
2010-05-19,357.32
2010-05-20,357.72
2010-05-24,355.37
2010-05-25,365.06
2010-05-26,372.82
2010-05-27,377.78
2010-05-28,374.8
2010-05-31,363.97
2010-06-01,368.42
2010-06-03,367.11
2010-06-04,368.3
2010-06-07,366.69
2010-06-08,370.37
2010-06-09,370.75
2010-06-10,374.27
2010-06-11,382.04
2010-06-14,377.8
2010-06-15,376.46
2010-06-16,374.45
2010-06-17,371.93
2010-06-18,373.03
2010-06-21,373.52
2010-06-22,369.07
2010-06-23,367.38
2010-06-24,367.98
2010-06-25,366.48
2010-06-28,370.59
2010-06-29,372.39
2010-06-30,372.86
2010-07-01,379.19
2010-07-02,380.47
2010-07-05,378.67
2010-07-06,381.36
2010-07-07,383.22
2010-07-08,379.38
2010-07-09,379.24
2010-07-12,374.74
2010-07-13,373.75
2010-07-14,377.2
2010-07-15,374.93
2010-07-16,376.59
2010-07-19,374.7
2010-07-20,376.73
2010-07-21,377.16
2010-07-22,374.25
2010-07-23,376.39
2010-07-26,373.83
2010-07-27,373.54
2010-07-28,371.68
2010-07-29,371.48
2010-07-30,372.98
2010-08-02,372.2
2010-08-03,371.15
2010-08-04,370.02
2010-08-05,368.99
2010-08-06,369.98
2010-08-09,370.21
2010-08-10,368.85
2010-08-11,370.01
2010-08-12,369.93
2010-08-13,374.76
2010-08-16,374.53
2010-08-17,375.04
2010-08-18,373.47
2010-08-19,373.2
2010-08-20,374.72
2010-08-23,375.51
2010-08-24,377.31
2010-08-25,378.28
2010-08-26,379.84
2010-08-27,380.37
2010-08-30,380.69
2010-08-31,378.56
2010-09-01,379.94
2010-09-02,380.44
2010-09-03,377.62
2010-09-06,378.09
2010-09-07,375.97
2010-09-08,376.39
2010-09-09,377.65
2010-09-10,376.27
2010-09-13,374.87
2010-09-14,374.34
2010-09-15,373.92
2010-09-16,372.35
2010-09-17,373.12
2010-09-20,374.95
2010-09-24,375.42
2010-09-27,373.88
2010-09-28,371.65
2010-09-29,371.98
2010-09-30,370.3
2010-10-01,369.71
2010-10-04,367.66
2010-10-05,363.55
2010-10-06,365.15
2010-10-07,362.2
2010-10-08,361.56
2010-10-11,359.51
2010-10-12,359.63
2010-10-13,362.55
2010-10-14,361.95
2010-10-15,360.95
2010-10-18,361.5
2010-10-19,361.03
2010-10-20,361.46
2010-10-21,362.42
2010-10-22,362.59
2010-10-25,362.72
2010-10-26,361.14
2010-10-27,360.96
2010-10-28,362.33
2010-10-29,362.31
2010-11-01,361.36
2010-11-02,361.33
2010-11-03,360.93
2010-11-04,359.9
2010-11-05,359.05
2010-11-08,358.76
2010-11-09,359.94
2010-11-10,360.23
2010-11-11,360.67
2010-11-12,358.24
2010-11-15,359.79
2010-11-16,359.68
2010-11-17,360.71
2010-11-18,363.68
2010-11-19,364.97
2010-11-22,363.31
2010-11-23,363.15
2010-11-24,362.42
2010-11-25,366.18
2010-11-26,365.39
2010-11-29,363.86
2010-11-30,367.11
2010-12-01,364.48
2010-12-02,366.18
2010-12-03,364.51
2010-12-06,363.25
2010-12-07,360.45
2010-12-08,360.64
2010-12-09,362.7
2010-12-10,362.26
2010-12-13,364.38
2010-12-14,364.17
2010-12-15,364.84
2010-12-16,366.92
2010-12-17,368.72
2010-12-20,367.26
2010-12-21,370.4
2010-12-22,367.88
2010-12-23,368.93
2010-12-24,369.37
2010-12-27,372.15
2010-12-28,371.76
2010-12-29,370.82
2010-12-30,370.97
2010-12-31,369.35
2011-01-03,369.35
2011-01-04,367.92
2011-01-05,366.23
2011-01-06,366.69
2011-01-07,365.65
2011-01-10,365.56
2011-01-11,363.77
2011-01-12,366.6
2011-01-13,365.68
2011-01-14,364.12
2011-01-17,364.4
2011-01-18,364.46
2011-01-19,365.27
2011-01-20,364.46
2011-01-21,366.32
2011-01-24,366.49
2011-01-25,366.65
2011-01-26,366.19
2011-01-27,366.44
2011-01-28,365.05
2011-01-31,364.69
2011-02-01,366.72
2011-02-07,366.91
2011-02-08,364.44
2011-02-09,364.07
2011-02-10,363.6
2011-02-11,365.42
2011-02-14,367.08
2011-02-15,368.07
2011-02-16,367.61
2011-02-17,368.05
2011-02-18,366.51
2011-02-21,366.84
2011-02-22,367.9
2011-02-23,370.06
2011-02-24,369.48
2011-02-25,367.85
2011-02-28,369.5
2011-03-02,371.99
2011-03-03,371.67
2011-03-04,370.37
2011-03-07,368.44
2011-03-08,368.88
2011-03-09,368.35
2011-03-10,367.63
2011-03-11,368.44
2011-03-14,369.9
2011-03-15,371.95
2011-03-16,368.8
2011-03-17,371.41
2011-03-18,372.43
2011-03-21,369.6
2011-03-22,371.25
2011-03-23,370.26
2011-03-24,371.23
2011-03-25,370.81
2011-03-28,368.19
2011-03-29,368.2
2011-03-30,368.4
2011-03-31,365.79
2011-04-01,363.49
2011-04-04,361.68
2011-04-05,359.18
2011-04-06,360.05
2011-04-07,358.84
2011-04-08,359.19
2011-04-11,359.11
2011-04-12,359.01
2011-04-13,360.59
2011-04-14,361.34
2011-04-15,360.43
2011-04-18,359.93
2011-04-19,360.48
2011-04-20,361.32
2011-04-21,359.33
2011-04-22,359.08
2011-04-25,360.12
2011-04-26,361.37
2011-04-27,363.16
2011-04-28,363.42
2011-04-29,361.65
2011-05-02,362.3
2011-05-03,360.1
2011-05-04,359.85
2011-05-06,358.2
2011-05-09,361.25
2011-05-11,361.35
2011-05-12,360.64
2011-05-13,359.22
2011-05-16,362.66
2011-05-17,358.94
2011-05-18,358.72
2011-05-19,358.35
2011-05-20,357.81
2011-05-23,359.46
2011-05-24,356.76
2011-05-25,358.86
2011-05-26,358.09
2011-05-27,358.07
2011-05-30,357.46
2011-05-31,358.05
2011-06-01,357.71
2011-06-02,357.55
2011-06-03,358.04
2011-06-07,358.57
2011-06-08,359.6
2011-06-09,358.53
2011-06-10,358.46
2011-06-13,357.89
2011-06-14,357.03
2011-06-15,357.53
2011-06-16,357.03
2011-06-17,357.19
2011-06-20,357.93
2011-06-21,355.91
2011-06-22,357.11
2011-06-23,355.42
2011-06-24,355.11
2011-06-27,354.57
2011-06-28,355.42
2011-06-29,354.86
2011-06-30,355.16
2011-07-01,354.4
2011-07-04,354.29
2011-07-05,354.19
2011-07-06,354.2
2011-07-07,353.73
2011-07-08,353.65
2011-07-11,353.63
2011-07-12,352.0
2011-07-13,351.65
2011-07-14,351.99
2011-07-15,351.59
2011-07-18,351.67
2011-07-19,352.09
2011-07-20,352.5
2011-07-21,352.06
2011-07-22,352.35
2011-07-25,353.34
2011-07-26,354.69
2011-07-27,356.98
2011-07-28,356.91
2011-07-29,357.0
2011-08-01,355.12
2011-08-02,357.16
2011-08-03,355.35
2011-08-04,356.73
2011-08-05,355.08
2011-08-08,355.34
2011-08-09,355.58
2011-08-10,361.12
2011-08-11,359.47
2011-08-12,362.14
2011-08-16,361.68
2011-08-17,359.0
2011-08-18,359.79
2011-08-19,359.53
2011-08-22,363.21
2011-08-23,365.33
2011-08-24,364.53
2011-08-25,362.51
2011-08-26,363.16
2011-08-29,363.8
2011-08-30,360.71
2011-08-31,359.27
2011-09-01,358.83
2011-09-02,355.7
2011-09-05,358.51
2011-09-06,358.91
2011-09-07,359.48
2011-09-08,359.21
2011-09-09,358.62
2011-09-14,352.04
2011-09-15,357.46
2011-09-16,358.7
2011-09-19,357.7
2011-09-20,360.29
2011-09-21,368.84
2011-09-22,366.14
2011-09-23,373.99
2011-09-26,374.61
2011-09-28,375.16
2011-09-29,370.81
2011-09-30,371.1
2011-10-04,366.95
2011-10-05,375.02
2011-10-06,373.68
2011-10-07,373.32
2011-10-10,373.62
2011-10-11,375.3
2011-10-12,370.47
2011-10-13,375.05
2011-10-14,368.73
2011-10-17,371.0
2011-10-18,369.6
2011-10-19,365.99
2011-10-20,366.41
2011-10-21,364.58
2011-10-24,365.09
2011-10-25,362.96
2011-10-26,360.52
2011-10-27,361.32
2011-10-28,362.51
2011-10-31,360.54
2011-11-01,360.23
2011-11-02,357.02
2011-11-03,359.52
2011-11-04,360.06
2011-11-07,357.35
2011-11-08,357.09
2011-11-09,356.93
2011-11-10,358.0
2011-11-11,359.92
2011-11-14,358.78
2011-11-15,357.36
2011-11-16,357.07
2011-11-17,360.04
2011-11-18,360.34
2011-11-21,359.34
2011-11-22,357.86
2011-11-23,360.85
2011-11-24,360.99
2011-11-25,363.47
2011-11-28,362.92
2011-11-29,361.36
2011-11-30,361.67
2011-12-01,358.85
2011-12-02,358.98
2011-12-05,360.4
2011-12-06,360.6
2011-12-07,360.71
2011-12-08,360.63
2011-12-09,360.91
2011-12-12,362.35
2011-12-13,362.11
2011-12-14,363.16
2011-12-15,363.91
2011-12-16,364.48
2011-12-19,363.91
2011-12-20,367.47
2011-12-21,367.2
2011-12-22,363.92
2011-12-23,365.14
2011-12-26,364.02
2011-12-27,364.21
2011-12-28,364.42
2011-12-29,365.63
2011-12-30,362.96
2012-01-02,363.82
2012-01-03,364.25
2012-01-04,365.48
2012-01-05,365.82
2012-01-06,365.35
2012-01-09,368.04
2012-01-10,369.21
2012-01-11,368.45
2012-01-12,369.29
2012-01-13,368.87
2012-01-16,367.08
2012-01-17,367.57
2012-01-18,367.19
2012-01-19,367.85
2012-01-20,365.93
2012-01-25,365.15
2012-01-26,366.07
2012-01-27,368.77
2012-01-30,369.37
2012-01-31,367.95
2012-02-01,370.15
2012-02-02,370.34
2012-02-03,370.55
2012-02-06,371.57
2012-02-07,371.91
2012-02-08,372.44
2012-02-09,370.94
2012-02-10,371.76
2012-02-13,370.22
2012-02-14,371.18
2012-02-15,368.88
2012-02-16,369.99
2012-02-17,368.74
2012-02-20,369.44
2012-02-21,371.66
2012-02-22,372.41
2012-02-23,372.08
2012-02-24,374.23
2012-02-27,373.34
2012-02-28,373.15
2012-02-29,374.19
2012-03-02,373.21
2012-03-05,371.78
2012-03-06,370.27
2012-03-07,370.53
2012-03-08,372.24
2012-03-09,372.03
2012-03-12,370.86
2012-03-13,370.64
2012-03-14,370.13
2012-03-15,368.28
2012-03-16,369.14
2012-03-19,367.75
2012-03-20,367.83
2012-03-21,364.35
2012-03-22,366.75
2012-03-23,366.74
2012-03-26,368.48
2012-03-27,370.14
2012-03-28,371.87
2012-03-29,371.06
2012-03-30,371.31
2012-04-02,370.44
2012-04-03,369.32
2012-04-04,368.63
2012-04-05,368.14
2012-04-06,368.34
2012-04-09,368.97
2012-04-10,370.37
2012-04-12,370.89
2012-04-13,371.99
2012-04-16,371.04
2012-04-17,370.13
2012-04-18,371.27
2012-04-19,370.95
2012-04-20,372.01
2012-04-23,371.89
2012-04-24,371.49
2012-04-25,372.3
2012-04-26,372.69
2012-04-27,373.55
2012-04-30,372.72
2012-05-02,373.07
2012-05-03,372.17
2012-05-04,372.38
2012-05-07,371.26
2012-05-08,373.1
2012-05-09,371.78
2012-05-10,371.31
2012-05-11,372.51
2012-05-14,372.82
2012-05-15,373.35
2012-05-16,374.65
2012-05-17,372.82
2012-05-18,373.6
2012-05-21,374.46
2012-05-22,372.33
2012-05-23,373.1
2012-05-24,372.56
2012-05-25,373.89
2012-05-29,375.15
2012-05-30,374.13
2012-05-31,372.37
2012-06-01,372.54
2012-06-04,369.02
2012-06-05,369.37
2012-06-07,369.37
2012-06-08,370.42
2012-06-11,368.35
2012-06-12,368.14
2012-06-13,367.97
2012-06-14,367.64
2012-06-15,365.94
2012-06-18,368.24
2012-06-19,366.87
2012-06-20,366.93
2012-06-21,365.3
2012-06-22,362.07
2012-06-25,362.7
2012-06-26,363.15
2012-06-27,363.32
2012-06-28,362.44
2012-06-29,361.07
2012-07-02,363.32
2012-07-03,361.53
2012-07-04,362.18
2012-07-05,359.9
2012-07-06,359.37
2012-07-09,357.82
2012-07-10,358.26
2012-07-11,360.09
2012-07-12,360.06
2012-07-13,359.18
2012-07-16,361.62
2012-07-17,361.68
2012-07-18,361.35
2012-07-19,360.65
2012-07-20,361.4
2012-07-23,362.13
2012-07-24,361.4
2012-07-25,361.26
2012-07-26,362.6
2012-07-27,362.64
2012-07-30,360.56
2012-07-31,360.53
2012-08-01,362.68
2012-08-02,362.05
2012-08-03,361.61
2012-08-06,363.28
2012-08-07,362.69
2012-08-08,363.47
2012-08-09,362.88
2012-08-10,362.76
2012-08-13,361.98
2012-08-14,362.97
2012-08-16,361.68
2012-08-17,361.76
2012-08-20,361.76
2012-08-21,362.49
2012-08-22,361.53
2012-08-23,363.48
2012-08-24,365.42
2012-08-27,365.71
2012-08-28,365.2
2012-08-29,364.14
2012-08-30,363.29
2012-08-31,363.13
2012-09-03,363.07
2012-09-04,363.69
2012-09-05,364.22
2012-09-06,364.37
2012-09-07,364.06
2012-09-10,363.33
2012-09-11,363.77
2012-09-12,365.59
2012-09-13,366.54
2012-09-14,366.11
2012-09-17,368.92
2012-09-18,367.14
2012-09-19,365.08
2012-09-20,365.01
2012-09-21,364.29
2012-09-24,366.96
2012-09-25,364.64
2012-09-26,364.25
2012-09-27,363.63
2012-09-28,364.04
2012-10-02,363.63
2012-10-04,363.92
2012-10-05,364.57
2012-10-08,363.59
2012-10-09,362.28
2012-10-10,361.7
2012-10-11,362.49
2012-10-12,363.68
2012-10-15,363.28
2012-10-16,363.79
2012-10-17,362.63
2012-10-18,363.97
2012-10-19,363.9
2012-10-22,362.33
2012-10-23,362.09
2012-10-24,360.58
2012-10-25,360.86
2012-10-26,362.3
2012-10-29,360.69
2012-10-30,358.49
2012-10-31,358.78
2012-11-01,358.04
2012-11-02,357.44
2012-11-05,357.48
2012-11-06,356.36
2012-11-07,356.52
2012-11-08,356.54
2012-11-09,355.21
2012-11-12,355.85
2012-11-13,355.01
2012-11-14,355.73
2012-11-15,355.44
2012-11-16,354.9
2012-11-19,354.65
2012-11-20,354.85
2012-11-21,353.98
2012-11-22,353.87
2012-11-23,354.17
2012-11-26,355.12
2012-11-27,355.09
2012-11-28,355.91
2012-11-29,355.46
2012-11-30,356.16
2012-12-03,356.35
2012-12-04,356.18
2012-12-05,356.13
2012-12-06,355.94
2012-12-07,355.33
2012-12-10,354.31
2012-12-11,352.8
2012-12-12,352.4
2012-12-13,352.52
2012-12-14,351.11
2012-12-17,351.35
2012-12-18,350.91
2012-12-20,351.01
2012-12-21,351.3
2012-12-24,351.44
2012-12-26,350.67
2012-12-27,350.03
2012-12-28,350.43
2012-12-31,349.8
2013-01-02,350.26
2013-01-03,350.75
2013-01-04,350.92
2013-01-07,349.05
2013-01-08,349.46
2013-01-09,349.15
2013-01-10,349.43
2013-01-11,350.82
2013-01-14,349.78
2013-01-15,350.11
2013-01-16,350.51
2013-01-17,350.75
2013-01-18,350.98
2013-01-21,350.51
2013-01-22,349.32
2013-01-23,349.84
2013-01-24,350.32
2013-01-25,351.3
2013-01-29,355.56
2013-01-30,353.42
2013-01-31,351.18
2013-02-01,350.47
2013-02-04,351.75
2013-02-05,352.06
2013-02-06,351.89
2013-02-07,351.4
2013-02-08,352.35
2013-02-12,353.01
2013-02-13,353.14
2013-02-14,351.53
2013-02-15,351.04
2013-02-18,348.74
2013-02-19,349.39
2013-02-20,348.56
2013-02-21,348.07
2013-02-22,348.36
2013-02-25,350.28
2013-02-26,350.89
2013-02-27,350.74
2013-02-28,349.96
2013-03-04,349.62
2013-03-05,351.27
2013-03-06,350.36
2013-03-07,348.99
2013-03-08,349.66
2013-03-11,351.03
2013-03-12,352.95
2013-03-13,352.2
2013-03-14,353.06
2013-03-15,355.08
2013-03-18,355.62
2013-03-19,356.0
2013-03-20,355.55
2013-03-21,357.89
2013-03-22,357.58
2013-03-25,358.94
2013-03-26,359.1
2013-03-27,357.85
2013-03-28,357.69
2013-03-29,358.92
2013-04-01,359.63
2013-04-02,360.57
2013-04-03,360.36
2013-04-04,363.77
2013-04-05,364.87
2013-04-08,368.63
2013-04-09,371.93
2013-04-10,375.07
2013-04-11,375.68
2013-04-12,371.99
2013-04-15,371.77
2013-04-16,369.78
2013-04-17,368.29
2013-04-18,368.03
2013-04-19,369.87
2013-04-22,368.41
2013-04-23,367.95
2013-04-24,366.44
2013-04-25,367.07
2013-04-26,366.84
2013-04-29,365.44
2013-04-30,365.35
2013-05-02,362.27
2013-05-03,360.44
2013-05-06,362.46
2013-05-07,367.42
2013-05-08,366.81
2013-05-09,367.03
2013-05-10,365.5
2013-05-13,369.19
2013-05-14,371.97
2013-05-15,371.35
2013-05-16,370.77
2013-05-20,368.73
2013-05-21,370.97
2013-05-22,368.69
2013-05-23,368.16
2013-05-24,370.31
2013-05-27,371.73
2013-05-28,371.69
2013-05-29,370.05
2013-05-30,367.21
2013-05-31,367.11
2013-06-03,363.54
2013-06-04,364.02
2013-06-05,362.51
2013-06-07,363.02
2013-06-10,359.27
2013-06-11,359.15
2013-06-12,360.19
2013-06-13,361.23
2013-06-14,362.27
2013-06-17,362.12
2013-06-18,360.1
2013-06-19,358.13
2013-06-20,359.51
2013-06-21,357.85
2013-06-24,360.73
2013-06-25,359.23
2013-06-26,363.98
2013-06-27,359.99
2013-06-28,362.11
2013-07-01,362.49
2013-07-02,359.27
2013-07-03,357.52
2013-07-04,358.06
2013-07-05,358.1
2013-07-08,358.07
2013-07-09,358.75
2013-07-10,359.23
2013-07-11,358.06
2013-07-12,355.03
2013-07-15,353.42
2013-07-16,351.86
2013-07-17,350.89
2013-07-18,350.34
2013-07-19,351.32
2013-07-22,351.75
2013-07-23,351.67
2013-07-24,351.27
2013-07-25,349.52
2013-07-26,349.48
2013-07-29,346.54
2013-07-30,344.0
2013-07-31,344.23
2013-08-01,344.86
2013-08-02,345.84
2013-08-05,345.48
2013-08-06,345.44
2013-08-07,343.2
2013-08-08,343.31
2013-08-09,342.17
2013-08-12,341.62
2013-08-13,342.62
2013-08-14,342.64
2013-08-16,341.57
2013-08-19,340.3
2013-08-20,338.92
2013-08-21,341.16
2013-08-22,339.69
2013-08-23,339.62
2013-08-26,338.75
2013-08-27,336.76
2013-08-28,334.97
2013-08-29,334.98
2013-08-30,335.47
2013-09-02,337.62
2013-09-03,337.39
2013-09-04,333.46
2013-09-05,335.05
2013-09-06,330.95
2013-09-09,329.1
2013-09-10,330.51
2013-09-11,331.12
2013-09-12,333.47
2013-09-13,330.49
2013-09-16,329.88
2013-09-17,328.94
2013-09-23,342.82
2013-09-24,336.17
2013-09-25,334.13
2013-09-26,334.15
2013-09-27,334.08
2013-09-30,333.26
2013-10-01,330.02
2013-10-02,332.3
2013-10-04,336.44
2013-10-07,336.82
2013-10-08,335.63
2013-10-10,335.92
2013-10-11,337.05
2013-10-14,336.64
2013-10-15,337.04
2013-10-16,335.66
2013-10-17,336.36
2013-10-18,338.07
2013-10-21,336.05
2013-10-22,335.17
2013-10-23,334.45
2013-10-24,333.86
2013-10-25,334.61
2013-10-28,337.88
2013-10-29,338.56
2013-10-30,337.11
2013-10-31,337.11
2013-11-01,335.78
2013-11-04,334.99
2013-11-05,334.73
2013-11-06,334.7
2013-11-07,334.07
2013-11-08,333.08
2013-11-11,334.54
2013-11-12,334.27
2013-11-13,333.46
2013-11-14,334.08
2013-11-15,333.06
2013-11-18,332.82
2013-11-19,332.98
2013-11-20,332.17
2013-11-21,332.12
2013-11-22,331.22
2013-11-25,330.36
2013-11-26,329.53
2013-11-27,329.23
2013-11-28,328.4
2013-11-29,328.57
2013-12-02,328.39
2013-12-03,329.55
2013-12-04,329.8
2013-12-05,328.9
2013-12-06,328.49
2013-12-09,327.26
2013-12-10,328.22
2013-12-11,328.09
2013-12-12,327.13
2013-12-13,326.11
2013-12-16,325.68
2013-12-17,324.83
2013-12-18,323.69
2013-12-19,322.83
2013-12-20,323.18
2013-12-23,323.01
2013-12-24,322.37
2013-12-26,321.97
2013-12-27,321.27
2013-12-30,320.95
2013-12-31,320.32
2014-01-02,321.89
2014-01-03,319.61
2014-01-06,320.74
2014-01-07,323.3
2014-01-08,325.13
2014-01-09,325.74
2014-01-10,324.98
2014-01-13,325.06
2014-01-14,323.93
2014-01-15,324.51
2014-01-16,323.19
2014-01-17,322.78
2014-01-20,321.81
2014-01-21,320.79
2014-01-22,320.16
2014-01-23,321.47
2014-01-24,321.65
2014-01-27,323.1
2014-01-28,324.05
2014-01-29,323.55
2014-02-03,320.07
2014-02-04,323.38
2014-02-05,326.6
2014-02-06,325.74
2014-02-07,323.92
2014-02-10,322.8
2014-02-11,321.26
2014-02-12,322.07
2014-02-13,320.4
2014-02-14,319.92
2014-02-17,321.01
2014-02-18,321.9
2014-02-19,322.02
2014-02-20,323.9
2014-02-21,324.13
2014-02-24,325.72
2014-02-25,327.84
2014-02-26,326.1
2014-02-27,327.24
2014-02-28,325.17
2014-03-03,325.31
2014-03-04,326.55
2014-03-05,326.93
2014-03-06,327.3
2014-03-07,327.52
2014-03-10,326.15
2014-03-11,324.77
2014-03-12,324.49
2014-03-13,325.18
2014-03-14,326.37
2014-03-17,326.88
2014-03-18,326.49
2014-03-19,326.03
2014-03-20,326.68
2014-03-21,326.19
2014-03-24,326.52
2014-03-25,327.13
2014-03-26,326.43
2014-03-27,326.0
2014-03-28,326.08
2014-03-31,326.65
2014-04-01,326.57
2014-04-02,324.96
2014-04-03,323.24
2014-04-04,322.35
2014-04-07,322.03
2014-04-08,321.94
2014-04-09,325.19
2014-04-10,323.22
2014-04-11,321.39
2014-04-14,320.56
2014-04-15,319.66
2014-04-16,321.11
2014-04-17,321.14
2014-04-18,320.29
2014-04-21,320.07
2014-04-22,319.21
2014-04-23,318.36
2014-04-24,318.33
2014-04-25,317.67
2014-04-28,318.05
2014-04-29,317.54
2014-04-30,316.59
2014-05-02,316.38
2014-05-07,317.1
2014-05-08,315.42
2014-05-09,316.38
2014-05-12,316.87
2014-05-13,316.5
2014-05-14,315.86
2014-05-15,318.35
2014-05-16,318.2
2014-05-19,317.93
2014-05-20,318.4
2014-05-21,317.8
2014-05-22,318.8
2014-05-23,319.23
2014-05-26,318.9
2014-05-27,318.92
2014-05-28,318.0
2014-05-29,316.94
2014-05-30,317.81
2014-06-02,317.29
2014-06-03,317.15
2014-06-05,316.24
2014-06-09,318.27
2014-06-10,318.19
2014-06-11,316.91
2014-06-12,316.52
2014-06-13,317.18
2014-06-16,316.32
2014-06-17,316.12
2014-06-18,317.27
2014-06-19,316.41
2014-06-20,316.93
2014-06-23,316.3
2014-06-24,316.52
2014-06-25,316.79
2014-06-26,316.54
2014-06-27,316.08
2014-06-30,315.77
2014-07-01,315.2
2014-07-02,315.45
2014-07-03,315.22
2014-07-04,316.04
2014-07-07,316.67
2014-07-08,316.68
2014-07-09,318.84
2014-07-10,319.05
2014-07-11,318.01
2014-07-14,319.62
2014-07-15,320.23
2014-07-16,321.87
2014-07-17,323.83
2014-07-18,324.08
2014-07-21,324.14
2014-07-22,323.88
2014-07-23,322.71
2014-07-24,322.9
2014-07-25,323.78
2014-07-28,324.27
2014-07-29,322.95
2014-07-30,322.79
2014-07-31,322.06
2014-08-01,320.99
2014-08-04,321.87
2014-08-05,322.2
2014-08-06,323.39
2014-08-07,323.22
2014-08-08,322.49
2014-08-11,323.43
2014-08-12,322.31
2014-08-13,321.75
2014-08-14,321.99
2014-08-18,324.9
2014-08-19,322.41
2014-08-20,322.41
2014-08-21,322.36
2014-08-22,323.0
2014-08-25,322.52
2014-08-26,322.77
2014-08-27,322.2
2014-08-28,322.3
2014-08-29,321.91
2014-09-01,322.04
2014-09-02,321.85
2014-09-03,319.32
2014-09-04,320.51
2014-09-05,320.33
2014-09-11,320.04
2014-09-12,323.96
2014-09-15,324.68
2014-09-16,322.04
2014-09-17,320.89
2014-09-18,321.39
2014-09-19,322.3
2014-09-22,323.3
2014-09-23,320.86
2014-09-24,321.19
2014-09-25,320.78
2014-09-26,320.5
2014-09-29,319.99
2014-09-30,320.45
2014-10-01,321.55
2014-10-02,324.55
2014-10-06,325.74
2014-10-07,328.38
2014-10-08,327.25
2014-10-10,330.91
2014-10-13,328.78
2014-10-14,327.79
2014-10-15,325.58
2014-10-16,325.14
2014-10-17,323.04
2014-10-20,324.49
2014-10-21,324.08
2014-10-22,323.22
2014-10-23,322.97
2014-10-24,322.46
2014-10-27,323.15
2014-10-28,321.31
2014-10-29,320.94
2014-10-30,319.94
2014-10-31,320.51
2014-11-03,321.77
2014-11-04,324.07
2014-11-05,324.34
2014-11-06,322.72
2014-11-07,326.42
2014-11-10,326.51
2014-11-11,325.84
2014-11-12,325.68
2014-11-13,329.43
2014-11-14,328.89
2014-11-17,328.53
2014-11-18,327.76
2014-11-19,327.74
2014-11-20,328.63
2014-11-21,330.69
2014-11-24,331.22
2014-11-25,331.75
2014-11-26,331.88
2014-11-27,330.35
2014-11-28,328.93
2014-12-01,326.68
2014-12-02,325.09
2014-12-03,323.39
2014-12-04,323.81
2014-12-05,323.8
2014-12-08,320.76
2014-12-09,319.97
2014-12-10,319.27
2014-12-11,317.43
2014-12-12,314.78
2014-12-15,315.85
2014-12-16,315.46
2014-12-17,313.14
2014-12-18,312.4
2014-12-19,318.29
2014-12-22,316.78
2014-12-23,314.68
2014-12-24,314.79
2014-12-26,315.88
2014-12-29,315.0
2014-12-30,314.04
2014-12-31,314.24
2015-01-02,314.37
2015-01-05,313.59
2015-01-06,313.77
2015-01-07,310.39
2015-01-08,307.09
2015-01-09,308.01
2015-01-12,306.58
2015-01-13,303.62
2015-01-14,300.96
2015-01-15,300.47
2015-01-16,304.22
2015-01-19,302.74
2015-01-20,302.34
2015-01-21,299.93
2015-01-22,300.72
2015-01-23,301.35
2015-01-26,301.01
2015-01-27,298.23
2015-01-28,300.54
2015-01-29,299.31
2015-01-30,300.54
2015-02-02,301.86
2015-02-03,303.32
2015-02-04,302.52
2015-02-05,306.11
2015-02-06,305.03
2015-02-09,307.28
2015-02-10,308.02
2015-02-11,304.74
2015-02-12,304.91
2015-02-13,307.08
2015-02-16,306.86
2015-02-17,306.86
2015-02-23,304.18
2015-02-24,305.35
2015-02-25,304.43
2015-02-26,305.91
2015-02-27,306.74
2015-03-02,304.49
2015-03-03,303.59
2015-03-04,303.45
2015-03-05,300.74
2015-03-06,301.4
2015-03-09,300.99
2015-03-10,301.88
2015-03-11,302.44
2015-03-12,304.61
2015-03-13,306.44
2015-03-16,305.16
2015-03-17,306.05
2015-03-18,305.64
2015-03-19,303.87
2015-03-20,300.72
2015-03-23,300.64
2015-03-24,301.92
2015-03-25,303.44
2015-03-26,300.79
2015-03-27,301.82
2015-03-30,299.67
2015-03-31,297.6
2015-04-01,299.23
2015-04-02,298.4
2015-04-03,299.14
2015-04-06,298.26
2015-04-07,299.05
2015-04-08,299.7
2015-04-09,301.34
2015-04-10,301.47
2015-04-13,298.5
2015-04-14,295.86
2015-04-15,296.39
2015-04-16,295.86
2015-04-17,297.91
2015-04-20,299.3
2015-04-21,298.96
2015-04-22,297.91
2015-04-23,299.63
2015-04-24,298.69
2015-04-27,301.1
2015-04-28,301.23
2015-04-29,301.2
2015-04-30,300.07
2015-05-04,300.21
2015-05-06,299.22
2015-05-07,302.67
2015-05-08,302.34
2015-05-11,303.43
2015-05-12,302.75
2015-05-13,303.11
2015-05-14,304.31
2015-05-15,305.35
2015-05-18,305.61
2015-05-19,304.15
2015-05-20,303.74
2015-05-21,303.04
2015-05-22,304.16
2015-05-26,301.74
2015-05-27,302.8
2015-05-28,304.41
2015-05-29,304.19
2015-06-01,302.17
2015-06-02,301.78
2015-06-03,301.34
2015-06-04,300.05
2015-06-05,300.26
2015-06-08,299.07
2015-06-09,297.68
2015-06-10,298.52
2015-06-11,299.18
2015-06-12,296.38
2015-06-15,295.76
2015-06-16,296.82
2015-06-17,297.91
2015-06-18,297.35
2015-06-19,299.16
2015-06-22,295.07
2015-06-23,294.72
2015-06-24,295.26
2015-06-25,295.41
2015-06-26,295.29
2015-06-29,295.88
2015-06-30,297.03
2015-07-01,296.2
2015-07-02,298.39
2015-07-03,297.3
2015-07-06,296.44
2015-07-07,295.64
2015-07-08,296.65
2015-07-09,298.22
2015-07-10,299.32
2015-07-13,297.84
2015-07-14,297.12
2015-07-15,299.2
2015-07-16,299.88
2015-07-17,301.56
2015-07-20,301.01
2015-07-21,302.5
2015-07-22,304.22
2015-07-23,303.75
2015-07-24,305.35
2015-07-27,305.66
2015-07-28,305.96
2015-07-29,305.64
2015-07-30,303.46
2015-07-31,305.36
2015-08-03,306.21
2015-08-04,302.41
2015-08-05,303.38
2015-08-06,302.19
2015-08-07,299.63
2015-08-10,296.48
2015-08-11,296.01
2015-08-12,295.44
2015-08-13,294.67
2015-08-17,287.74
2015-08-18,287.89
2015-08-19,290.2
2015-08-20,288.62
2015-08-21,286.43
2015-08-24,285.34
2015-08-25,281.05
2015-08-26,283.55
2015-08-27,279.81
2015-08-28,279.85
2015-08-31,280.41
2015-09-01,282.0
2015-09-02,282.16
2015-09-03,279.74
2015-09-04,280.92
2015-09-07,279.68
2015-09-08,277.6
2015-09-09,277.08
2015-09-10,274.53
2015-09-11,275.4
2015-09-14,274.19
2015-09-15,274.01
2015-09-16,274.43
2015-09-17,275.34
2015-09-18,275.0
2015-09-21,277.09
2015-09-22,274.8
2015-09-23,274.02
2015-09-24,273.21
2015-09-25,274.2
2015-09-30,267.89
2015-10-01,270.7
2015-10-02,267.5
2015-10-05,267.44
2015-10-06,267.45
2015-10-07,266.27
2015-10-08,276.11
2015-10-12,280.05
2015-10-13,277.12
2015-10-14,274.42
2015-10-15,275.04
2015-10-16,275.0
2015-10-19,270.4
2015-10-20,267.32
2015-10-21,264.99
2015-10-22,264.32
2015-10-23,265.66
2015-10-26,266.62
2015-10-27,268.43
2015-10-28,265.26
2015-10-29,265.32
2015-10-30,265.84
2015-11-02,265.04
2015-11-03,265.02
2015-11-04,264.47
2015-11-05,264.8
2015-11-06,264.78
2015-11-09,264.08
2015-11-10,263.95
2015-11-11,264.88
2015-11-12,264.65
2015-11-13,264.49
2015-11-16,266.08
2015-11-17,267.46
2015-11-18,265.97
2015-11-19,267.32
2015-11-20,267.97
2015-11-23,269.96
2015-11-24,269.09
2015-11-25,271.97
2015-11-26,271.77
2015-11-27,271.4
2015-11-30,270.05
2015-12-01,271.79
2015-12-02,273.62
2015-12-03,273.84
2015-12-04,276.11
2015-12-07,273.73
2015-12-08,276.73
2015-12-09,276.22
2015-12-10,275.89
2015-12-11,276.41
2015-12-14,274.83
2015-12-15,274.15
2015-12-16,274.77
2015-12-17,272.92
2015-12-18,273.05
2015-12-21,276.03
2015-12-22,274.0
2015-12-23,273.83
2015-12-24,272.01
2015-12-28,271.85
2015-12-29,271.02
2015-12-30,272.29
2015-12-31,273.07
2016-01-04,272.97
2016-01-05,272.5
2016-01-06,273.51
2016-01-07,271.8
2016-01-08,273.09
2016-01-11,273.11
2016-01-12,275.72
2016-01-13,273.88
2016-01-14,275.56
2016-01-15,275.96
2016-01-18,275.23
2016-01-19,275.79
2016-01-20,277.17
2016-01-21,275.65
2016-01-22,276.45
2016-01-25,280.01
2016-01-26,277.96
2016-01-27,279.95
2016-01-28,282.16
2016-01-29,286.76
2016-02-01,290.3
2016-02-02,290.14
2016-02-03,285.94
2016-02-04,288.22
2016-02-05,289.91
2016-02-11,289.9
2016-02-12,289.13
2016-02-15,289.36
2016-02-16,292.99
2016-02-17,292.98
2016-02-18,290.58
2016-02-19,294.29
2016-02-22,293.3
2016-02-23,293.86
2016-02-24,292.85
2016-02-25,292.78
2016-02-26,292.95
2016-02-29,293.34
2016-03-02,297.69
2016-03-03,295.97
2016-03-04,294.81
2016-03-07,293.65
2016-03-08,293.93
2016-03-09,292.95
2016-03-10,294.53
2016-03-11,295.33
2016-03-14,293.53
2016-03-15,289.11
2016-03-16,287.63
2016-03-17,288.3
2016-03-18,289.32
2016-03-21,286.74
2016-03-22,286.88
2016-03-23,289.66
2016-03-24,290.03
2016-03-25,289.24
2016-03-28,289.6
2016-03-29,291.42
2016-03-30,290.9
2016-03-31,292.62
2016-04-01,293.16
2016-04-04,295.2
2016-04-05,293.89
2016-04-06,294.27
2016-04-07,295.1
2016-04-08,294.93
2016-04-11,296.35
2016-04-12,295.42
2016-04-14,295.6
2016-04-15,296.16
2016-04-18,294.48
2016-04-19,293.09
2016-04-20,293.6
2016-04-21,292.96
2016-04-22,291.71
2016-04-25,292.7
2016-04-26,294.42
2016-04-27,293.07
2016-04-28,292.88
2016-04-29,293.87
2016-05-02,291.33
2016-05-03,292.03
2016-05-04,289.26
2016-05-09,287.8
2016-05-10,290.23
2016-05-11,289.55
2016-05-12,289.49
2016-05-13,289.58
2016-05-16,290.25
2016-05-17,292.57
2016-05-18,291.97
2016-05-19,291.76
2016-05-20,291.83
2016-05-23,291.2
2016-05-24,289.48
2016-05-25,288.29
2016-05-26,288.97
2016-05-27,289.35
2016-05-30,289.11
2016-05-31,289.19
2016-06-01,288.5
2016-06-02,287.59
2016-06-03,286.55
2016-06-07,289.5
2016-06-08,286.64
2016-06-09,284.68
2016-06-10,285.56
2016-06-13,285.91
2016-06-14,286.85
2016-06-15,285.63
2016-06-16,287.46
2016-06-17,285.22
2016-06-20,285.56
2016-06-21,286.08
2016-06-22,287.15
2016-06-23,286.53
2016-06-24,288.52
2016-06-27,285.35
2016-06-28,288.26
2016-06-29,288.56
2016-06-30,288.58
2016-07-01,286.18
2016-07-04,286.98
2016-07-05,287.35
2016-07-06,286.46
2016-07-07,289.64
2016-07-08,287.35
2016-07-11,287.46
2016-07-12,287.13
2016-07-13,289.86
2016-07-14,288.37
2016-07-15,288.7
2016-07-18,286.94
2016-07-19,285.68
2016-07-20,284.32
2016-07-21,283.29
2016-07-22,282.19
2016-07-25,279.8
2016-07-26,279.61
2016-07-27,280.26
2016-07-28,278.1
2016-07-29,277.98
2016-08-01,276.11
2016-08-02,276.02
2016-08-03,274.82
2016-08-04,274.35
2016-08-05,274.91
2016-08-08,275.93
2016-08-09,275.59
2016-08-10,274.74
2016-08-11,274.64
2016-08-12,274.34
2016-08-16,274.76
2016-08-17,274.75
2016-08-18,274.61
2016-08-19,276.98
2016-08-22,277.86
2016-08-23,279.72
2016-08-24,277.27
2016-08-25,277.73
2016-08-26,278.7
2016-08-29,277.33
2016-08-30,278.15
2016-08-31,276.14
2016-09-01,275.87
2016-09-02,274.57
2016-09-05,273.49
2016-09-06,272.25
2016-09-07,270.73
2016-09-08,269.39
2016-09-09,270.43
2016-09-12,270.15
2016-09-13,272.87
2016-09-19,268.67
2016-09-20,270.79
2016-09-21,270.48
2016-09-22,269.82
2016-09-23,268.49
2016-09-26,268.43
2016-09-27,268.08
2016-09-28,267.55
2016-09-29,264.76
2016-09-30,265.8
2016-10-04,266.47
2016-10-05,267.74
2016-10-06,269.13
2016-10-07,268.2
2016-10-10,268.36
2016-10-11,267.49
2016-10-12,267.75
2016-10-13,267.77
2016-10-14,268.27
2016-10-17,269.64
2016-10-18,270.37
2016-10-19,269.15
2016-10-20,267.81
2016-10-21,268.61
2016-10-24,271.02
2016-10-25,271.57
2016-10-26,273.36
2016-10-27,272.08
2016-10-28,272.48
2016-10-31,272.7
2016-11-01,272.85
2016-11-02,273.06
2016-11-03,274.28
2016-11-04,272.38
2016-11-07,272.27
2016-11-08,271.2
2016-11-09,271.48
2016-11-10,271.07
2016-11-11,269.27
2016-11-14,271.74
2016-11-15,270.16
2016-11-16,269.0
2016-11-17,268.32
2016-11-18,267.3
2016-11-21,267.7
2016-11-22,267.78
2016-11-23,265.89
2016-11-24,264.47
2016-11-25,265.71
2016-11-28,264.53
2016-11-29,262.25
2016-11-30,261.64
2016-12-01,261.53
2016-12-02,262.71
2016-12-05,262.89
2016-12-06,263.86
2016-12-07,263.67
2016-12-08,263.85
2016-12-09,262.12
2016-12-12,263.64
2016-12-13,264.54
2016-12-14,262.71
2016-12-15,262.78
2016-12-16,264.33
2016-12-19,264.3
2016-12-20,264.94
2016-12-21,265.92
2016-12-22,266.59
2016-12-23,267.53
2016-12-26,268.86
2016-12-27,268.08
2016-12-28,269.13
2016-12-29,269.43
2016-12-30,269.48
2017-01-02,269.39
2017-01-03,269.24
2017-01-04,268.49
2017-01-05,268.3
2017-01-06,265.69
2017-01-09,265.87
2017-01-10,269.27
2017-01-11,267.9
2017-01-12,267.56
2017-01-13,265.32
2017-01-16,263.94
2017-01-17,264.33
2017-01-18,264.63
2017-01-19,262.26
2017-01-20,264.58
2017-01-23,263.75
2017-01-24,262.89
2017-01-25,262.37
2017-01-26,262.75
2017-01-31,261.27
2017-02-01,263.12
2017-02-02,260.8
2017-02-03,259.76
2017-02-06,258.99
2017-02-07,256.85
2017-02-08,257.46
2017-02-09,258.03
2017-02-10,258.1
2017-02-13,259.06
2017-02-14,258.94
2017-02-15,257.22
2017-02-16,256.6
2017-02-17,255.73
2017-02-20,257.2
2017-02-21,257.42
2017-02-22,257.27
2017-02-23,256.24
2017-02-24,255.97
2017-02-27,254.7
2017-02-28,255.06
2017-03-02,254.62
2017-03-03,256.69
2017-03-06,258.89
2017-03-07,259.91
2017-03-08,258.87
2017-03-09,257.4
2017-03-10,259.19
2017-03-13,260.18
2017-03-14,258.11
2017-03-15,257.85
2017-03-16,257.71
2017-03-17,254.92
2017-03-20,255.08
2017-03-21,254.04
2017-03-22,252.51
2017-03-23,253.82
2017-03-24,252.88
2017-03-27,253.69
2017-03-28,252.6
2017-03-29,251.92
2017-03-30,252.09
2017-03-31,252.48
2017-04-03,252.92
2017-04-04,251.56
2017-04-05,252.49
2017-04-06,253.67
2017-04-07,254.93
2017-04-10,255.83
2017-04-11,257.38
2017-04-12,258.44
2017-04-13,258.66
2017-04-14,256.52
2017-04-17,258.38
2017-04-18,258.03
2017-04-19,258.0
2017-04-20,259.05
2017-04-21,259.53
2017-04-24,258.38
2017-04-25,257.26
2017-04-26,258.61
2017-04-27,258.79
2017-04-28,260.0
2017-05-02,261.09
2017-05-04,261.8
2017-05-08,261.0
2017-05-10,260.5
2017-05-11,260.98
2017-05-12,259.95
2017-05-15,259.3
2017-05-16,260.06
2017-05-17,258.64
2017-05-18,258.71
2017-05-19,260.01
2017-05-22,260.9
2017-05-23,259.52
2017-05-24,261.0
2017-05-25,262.43
2017-05-26,261.31
2017-05-29,262.27
2017-05-30,262.2
2017-05-31,262.44
2017-06-01,262.04
2017-06-02,261.29
2017-06-05,261.86
2017-06-07,262.14
2017-06-08,263.35
2017-06-09,263.56
2017-06-12,262.98
2017-06-13,264.01
2017-06-14,264.84
2017-06-15,264.35
2017-06-16,263.1
2017-06-19,264.94
2017-06-20,264.5
2017-06-21,265.44
2017-06-22,266.4
2017-06-23,266.11
2017-06-26,265.88
2017-06-27,264.74
2017-06-28,265.02
2017-06-29,265.67
2017-06-30,265.42
2017-07-03,266.51
2017-07-04,266.4
2017-07-05,267.43
2017-07-06,267.47
2017-07-07,268.35
2017-07-10,268.88
2017-07-11,267.64
2017-07-12,267.62
2017-07-13,266.82
2017-07-14,265.0
2017-07-17,264.65
2017-07-18,263.14
2017-07-19,262.85
2017-07-20,261.71
2017-07-21,262.12
2017-07-24,261.75
2017-07-25,260.89
2017-07-26,260.65
2017-07-27,261.48
2017-07-28,260.08
2017-07-31,261.38
2017-08-01,262.03
2017-08-02,260.88
2017-08-03,262.09
2017-08-04,263.55
2017-08-07,263.04
2017-08-08,263.17
2017-08-09,262.61
2017-08-10,264.56
2017-08-11,265.9
2017-08-14,266.89
2017-08-16,264.94
2017-08-17,265.12
2017-08-18,264.44
2017-08-21,266.23
2017-08-22,265.52
2017-08-23,265.27
2017-08-24,264.29
2017-08-25,263.42
2017-08-28,264.26
2017-08-29,262.54
2017-08-30,263.93
2017-08-31,262.92
2017-09-01,263.62
2017-09-04,262.9
2017-09-05,264.96
2017-09-06,265.56
2017-09-07,267.48
2017-09-08,268.35
2017-09-11,268.64
2017-09-12,269.09
2017-09-13,268.52
2017-09-14,268.96
2017-09-15,269.29
2017-09-18,270.56
2017-09-19,269.28
2017-09-20,269.59
2017-09-21,269.64
2017-09-22,269.84
2017-09-25,270.68
2017-09-26,268.93
2017-09-27,270.13
2017-09-28,269.9
2017-09-29,270.99
2017-10-10,270.72
2017-10-11,269.75
2017-10-12,268.85
2017-10-13,268.52
2017-10-16,267.84
2017-10-17,267.32
2017-10-18,267.88
2017-10-19,267.65
2017-10-20,268.1
2017-10-23,267.91
2017-10-24,267.12
2017-10-25,266.52
2017-10-26,266.39
2017-10-27,265.64
2017-10-30,266.38
2017-10-31,265.49
2017-11-01,264.93
2017-11-02,263.93
2017-11-03,263.16
2017-11-06,262.71
2017-11-07,263.9
2017-11-08,262.82
2017-11-09,263.49
2017-11-10,264.9
2017-11-13,266.54
2017-11-14,267.37
2017-11-15,266.69
2017-11-16,266.95
2017-11-17,264.36
2017-11-20,263.39
2017-11-21,264.83
2017-11-22,265.05
2017-11-23,265.43
2017-11-24,264.93
2017-11-27,263.54
2017-11-28,264.33
2017-11-29,265.24
2017-11-30,265.2
2017-12-01,265.34
2017-12-04,265.83
2017-12-05,267.89
2017-12-06,266.54
2017-12-07,267.92
2017-12-08,267.33
2017-12-11,267.47
2017-12-12,267.97
2017-12-13,267.28
2017-12-14,267.2
2017-12-15,266.05
2017-12-18,267.02
2017-12-19,266.84
2017-12-20,266.31
2017-12-21,265.81
2017-12-22,264.98
2017-12-26,264.61
2017-12-27,263.7
2017-12-28,263.34
2017-12-29,263.47
2018-01-02,264.74
2018-01-03,264.78
2018-01-04,265.45
2018-01-05,265.94
2018-01-08,265.69
2018-01-09,266.5
2018-01-10,266.18
2018-01-11,267.37
2018-01-12,268.64
2018-01-15,268.09
2018-01-16,268.28
2018-01-17,268.92
2018-01-18,269.55
2018-01-19,270.36
2018-01-22,271.03
2018-01-23,271.64
2018-01-24,272.43
2018-01-25,273.64
2018-01-26,273.25
2018-01-29,275.11
2018-01-30,274.33
2018-01-31,274.67
2018-02-01,274.54
2018-02-02,274.57
2018-02-05,277.0
2018-02-06,279.47
2018-02-07,279.51
2018-02-08,277.17
2018-02-09,277.08
2018-02-12,277.41
2018-02-13,275.08
2018-02-14,274.93
2018-02-19,277.29
2018-02-20,274.51
2018-02-21,274.15
2018-02-22,275.51
2018-02-23,276.46
2018-02-26,275.23
2018-02-27,275.1
2018-02-28,274.05
2018-03-02,275.4
2018-03-05,277.01
2018-03-06,276.59
2018-03-07,275.5
2018-03-08,273.64
2018-03-09,273.35
2018-03-12,273.31
2018-03-13,272.58
2018-03-14,273.21
2018-03-15,272.86
2018-03-16,271.92
2018-03-19,273.59
2018-03-20,273.44
2018-03-21,273.39
2018-03-22,272.93
2018-03-23,273.17
2018-03-26,275.89
2018-03-27,277.55
2018-03-28,276.55
2018-03-29,276.76
2018-03-30,275.72
2018-04-02,275.5
2018-04-03,273.98
2018-04-04,273.62
2018-04-05,273.32
2018-04-06,274.02
2018-04-09,275.45
2018-04-10,275.77
2018-04-11,276.0
2018-04-12,275.24
2018-04-13,275.69
2018-04-16,275.77
2018-04-17,275.97
2018-04-18,274.62
2018-04-19,274.2
2018-04-20,273.36
2018-04-23,273.84
2018-04-24,274.22
2018-04-25,275.74
2018-04-26,275.78
2018-04-27,275.61
2018-04-30,274.63
2018-05-02,272.22
2018-05-03,273.2
2018-05-04,273.71
2018-05-08,272.96
2018-05-09,272.93
2018-05-10,273.71
2018-05-11,272.19
2018-05-14,270.5
2018-05-15,269.99
2018-05-16,271.13
2018-05-17,271.88
2018-05-18,271.93
2018-05-21,271.9
2018-05-23,273.2
2018-05-24,270.89
2018-05-25,271.25
2018-05-28,270.96
2018-05-29,269.48
2018-05-30,270.21
2018-05-31,271.1
2018-06-01,270.45
2018-06-04,270.45
2018-06-05,269.61
2018-06-07,269.18
2018-06-08,268.55
2018-06-11,269.07
2018-06-12,269.18
2018-06-14,269.18
2018-06-15,271.61
2018-06-18,273.84
2018-06-19,276.27
2018-06-20,276.13
2018-06-21,276.62
2018-06-22,276.18
2018-06-25,277.05
2018-06-26,277.81
2018-06-27,277.21
2018-06-28,277.43
2018-06-29,277.48
2018-07-02,276.57
2018-07-03,276.58
2018-07-04,277.33
2018-07-05,275.65
2018-07-06,276.63
2018-07-09,276.68
2018-07-10,276.18
2018-07-11,276.89
2018-07-12,277.53
2018-07-13,279.09
2018-07-16,277.28
2018-07-17,279.21
2018-07-18,278.07
2018-07-19,278.12
2018-07-20,278.38
2018-07-23,279.4
2018-07-24,277.75
2018-07-25,279.23
2018-07-26,278.02
2018-07-27,275.73
2018-07-30,275.69
2018-07-31,275.22
2018-08-01,275.01
2018-08-02,275.28
2018-08-03,275.42
2018-08-06,276.33
2018-08-07,275.4
2018-08-08,276.14
2018-08-09,274.52
2018-08-10,274.3
2018-08-13,275.72
2018-08-14,277.02
2018-08-16,275.89
2018-08-17,275.44
2018-08-20,274.1
2018-08-21,273.55
2018-08-22,272.9
2018-08-23,273.02
2018-08-24,273.03
2018-08-27,273.04
2018-08-28,271.78
2018-08-29,270.96
2018-08-30,270.01
2018-08-31,269.81
2018-09-03,270.91
2018-09-04,269.65
2018-09-05,269.16
2018-09-06,269.43
2018-09-07,270.53
2018-09-10,270.95
2018-09-11,272.16
2018-09-12,271.85
2018-09-13,272.03
2018-09-14,270.53
2018-09-17,270.44
2018-09-18,272.13
2018-09-19,271.89
2018-09-20,271.06
2018-09-21,270.67
2018-09-27,269.68
2018-09-28,268.67
2018-10-01,268.26
2018-10-02,268.33
2018-10-04,269.73
2018-10-05,272.08
2018-10-08,272.69
2018-10-10,272.21
2018-10-11,272.69
2018-10-12,274.71
2018-10-15,272.79
2018-10-16,272.71
2018-10-17,271.6
2018-10-18,271.02
2018-10-19,272.49
2018-10-22,272.77
2018-10-23,271.82
2018-10-24,272.8
2018-10-25,271.74
2018-10-26,273.05
2018-10-29,273.2
2018-10-30,272.42
2018-10-31,272.74
2018-11-01,272.24
2018-11-02,272.47
2018-11-05,270.39
2018-11-06,268.88
2018-11-07,268.83
2018-11-08,269.09
2018-11-09,268.56
2018-11-12,269.34
2018-11-13,270.3
2018-11-14,270.79
2018-11-15,269.88
2018-11-16,269.6
2018-11-19,269.25
2018-11-20,269.1
2018-11-21,269.13
2018-11-22,269.71
2018-11-23,269.07
2018-11-26,269.55
2018-11-27,269.79
2018-11-28,269.62
2018-11-29,268.79
2018-11-30,268.02
2018-12-03,267.73
2018-12-04,267.36
2018-12-05,267.58
2018-12-06,268.08
2018-12-07,268.41
2018-12-10,268.41
2018-12-11,269.55
2018-12-12,269.9
2018-12-13,269.41
2018-12-14,268.9
2018-12-17,269.79
2018-12-18,270.65
2018-12-19,270.47
2018-12-20,269.23
2018-12-21,270.2
2018-12-24,268.81
2018-12-26,268.9
2018-12-27,269.48
2018-12-28,269.03
2018-12-31,269.26
2019-01-02,270.56
2019-01-03,270.49
2019-01-04,272.11
2019-01-07,272.08
2019-01-08,271.85
2019-01-09,272.39
2019-01-10,272.6
2019-01-11,273.07
2019-01-14,272.85
2019-01-15,273.55
2019-01-16,272.83
2019-01-17,273.03
2019-01-18,272.61
2019-01-21,272.66
2019-01-22,273.92
2019-01-23,273.49
2019-01-24,272.68
2019-01-25,272.27
2019-01-28,272.75
2019-01-29,271.75
2019-01-30,271.91
2019-01-31,271.99
2019-02-01,271.39
2019-02-07,272.82
2019-02-08,275.75
2019-02-11,276.32
2019-02-12,276.12
2019-02-13,275.74
2019-02-14,275.43
2019-02-15,276.01
2019-02-18,276.06
2019-02-19,275.29
2019-02-20,276.25
2019-02-21,276.03
2019-02-22,275.69
2019-02-25,276.01
2019-02-26,275.55
2019-02-27,275.21
2019-02-28,274.88
2019-03-04,274.86
2019-03-05,276.04
2019-03-06,276.2
2019-03-07,275.81
2019-03-08,276.0
2019-03-11,277.19
2019-03-12,277.42
2019-03-13,276.37
2019-03-14,276.75
2019-03-15,276.84
2019-03-18,277.67
2019-03-19,278.0
2019-03-20,277.39
2019-03-21,277.94
2019-03-22,277.12
2019-03-25,277.97
2019-03-26,278.95
2019-03-27,278.05
2019-03-28,278.62
2019-03-29,279.01
2019-04-01,278.29
2019-04-02,277.59
2019-04-03,278.04
2019-04-04,278.23
2019-04-05,278.14
2019-04-08,277.95
2019-04-09,278.56
2019-04-10,279.14
2019-04-11,277.83
2019-04-12,276.91
2019-04-15,277.19
2019-04-16,275.92
2019-04-17,274.79
2019-04-18,274.79
2019-04-19,274.25
2019-04-22,275.16
2019-04-23,276.06
2019-04-24,276.46
2019-04-25,277.87
2019-04-26,280.15
2019-04-29,280.63
2019-04-30,280.2
2019-05-02,281.49
2019-05-03,281.34
2019-05-07,281.95
2019-05-08,281.98
2019-05-09,282.01
2019-05-10,283.09
2019-05-13,283.3
2019-05-14,284.09
2019-05-15,284.62
2019-05-16,284.92
2019-05-17,285.7
2019-05-20,285.57
2019-05-21,285.62
2019-05-22,285.07
2019-05-23,285.38
2019-05-24,284.13
2019-05-27,284.02
2019-05-28,282.8
2019-05-29,283.54
2019-05-30,284.48
2019-05-31,283.87
2019-06-03,284.13
2019-06-04,282.88
2019-06-05,283.03
2019-06-07,282.62
2019-06-10,283.57
2019-06-11,284.38
2019-06-12,283.86
2019-06-13,284.23
2019-06-14,284.34
2019-06-17,284.14
2019-06-18,283.91
2019-06-19,283.39
2019-06-20,282.02
2019-06-21,281.51
2019-06-24,280.03
2019-06-25,279.69
2019-06-26,278.54
2019-06-27,279.25
2019-06-28,279.15
2019-07-01,279.83
2019-07-02,279.25
2019-07-03,281.45
2019-07-04,282.94
2019-07-05,282.89
2019-07-08,283.01
2019-07-09,284.63
2019-07-10,284.83
2019-07-11,285.98
2019-07-12,285.21
2019-07-15,286.24
2019-07-16,287.01
2019-07-17,286.64
2019-07-18,286.89
2019-07-19,286.7
2019-07-22,285.26
2019-07-23,286.31
2019-07-24,286.12
2019-07-25,286.08
2019-07-26,286.74
2019-07-29,287.46
2019-07-30,286.88
2019-07-31,286.55
2019-08-01,286.42
2019-08-02,286.87
2019-08-05,287.38
2019-08-06,290.01
2019-08-07,289.71
2019-08-08,289.93
2019-08-09,289.44
2019-08-12,289.09
2019-08-13,290.5
2019-08-14,290.39
2019-08-16,288.95
2019-08-19,290.37
2019-08-20,289.85
2019-08-21,289.28
2019-08-22,288.21
2019-08-23,287.65
2019-08-26,289.2
2019-08-27,289.84
2019-08-28,288.56
2019-08-29,288.04
2019-08-30,288.13
2019-09-02,287.62
2019-09-03,288.17
2019-09-04,287.79
2019-09-05,287.65
2019-09-06,286.33
2019-09-09,286.31
2019-09-10,285.23
2019-09-11,285.72
2019-09-16,286.08
2019-09-17,284.31
2019-09-18,284.08
2019-09-19,284.54
2019-09-20,285.06
2019-09-23,285.64
2019-09-24,285.57
2019-09-25,285.54
2019-09-26,285.99
2019-09-27,285.81
2019-09-30,286.84
2019-10-01,286.41
2019-10-02,285.66
2019-10-04,287.45
2019-10-07,285.99
2019-10-08,285.36
2019-10-10,284.62
2019-10-11,285.53
2019-10-14,284.35
2019-10-15,282.64
2019-10-16,282.57
2019-10-17,283.19
2019-10-18,283.91
2019-10-21,281.98
2019-10-22,281.06
2019-10-23,279.67
2019-10-24,280.35
2019-10-25,279.81
2019-10-28,280.51
2019-10-29,279.41
2019-10-30,278.87
2019-10-31,279.52
2019-11-01,278.02
2019-11-04,280.3
2019-11-05,279.58
2019-11-06,280.86
2019-11-07,279.83
2019-11-08,281.43
2019-11-11,279.69
2019-11-12,280.27
2019-11-13,280.87
2019-11-14,281.11
2019-11-15,281.52
2019-11-18,280.83
2019-11-19,280.23
2019-11-20,281.08
2019-11-21,280.9
2019-11-22,282.17
2019-11-25,282.28
2019-11-26,281.49
2019-11-27,280.76
2019-11-28,281.88
2019-11-29,282.5
2019-12-02,282.61
2019-12-03,282.39
2019-12-04,284.15
2019-12-05,285.88
2019-12-06,285.45
2019-12-09,286.02
2019-12-10,285.79
2019-12-11,286.37
2019-12-12,286.54
2019-12-13,285.76
2019-12-16,283.4
2019-12-17,283.17
2019-12-18,281.71
2019-12-19,281.51
2019-12-20,281.18
2019-12-23,280.82
2019-12-24,280.82
2019-12-26,281.32
2019-12-27,280.99
2019-12-30,281.26
2019-12-31,281.94
2020-01-02,283.05
2020-01-03,283.03
2020-01-06,283.45
2020-01-07,284.99
2020-01-08,284.71
2020-01-09,286.26
2020-01-10,283.58
2020-01-13,284.83
2020-01-14,284.62
2020-01-15,283.0
2020-01-16,284.61
