,KWD
2010-01-04,4074.68
2010-01-05,4031.1
2010-01-06,3987.8
2010-01-07,3967.24
2010-01-08,3953.94
2010-01-11,3949.86
2010-01-12,3911.28
2010-01-13,3925.96
2010-01-14,3934.33
2010-01-15,3922.19
2010-01-18,3926.59
2010-01-19,3936.22
2010-01-20,3921.52
2010-01-21,3944.06
2010-01-22,3966.9
2010-01-25,4005.92
2010-01-26,4001.04
2010-01-27,4012.97
2010-01-28,4038.31
2010-01-29,4026.81
2010-02-01,4026.08
2010-02-02,4060.92
2010-02-03,4029.38
2010-02-04,4004.73
2010-02-05,3995.91
2010-02-08,4058.22
2010-02-09,4066.16
2010-02-10,4050.69
2010-02-11,4017.14
2010-02-12,4013.53
2010-02-16,4003.12
2010-02-17,4001.74
2010-02-18,3959.6
2010-02-19,3955.67
2010-02-22,3998.62
2010-02-23,3968.58
2010-02-24,3963.08
2010-02-25,4000.35
2010-02-26,4014.97
2010-03-02,4017.45
2010-03-03,3994.66
2010-03-04,3964.73
2010-03-05,3966.02
2010-03-08,3956.69
2010-03-09,3931.0
2010-03-10,3932.14
2010-03-11,3925.63
2010-03-12,3922.32
2010-03-15,3933.58
2010-03-16,3934.97
2010-03-17,3938.1
2010-03-18,3923.24
2010-03-19,3922.68
2010-03-22,3925.5
2010-03-23,3940.3
2010-03-24,3931.85
2010-03-25,3925.53
2010-03-26,3944.69
2010-03-29,3956.68
2010-03-30,3942.52
2010-03-31,3916.19
2010-04-01,3922.62
2010-04-02,3887.87
2010-04-05,3899.35
2010-04-06,3901.58
2010-04-07,3892.35
2010-04-08,3884.35
2010-04-09,3889.33
2010-04-12,3872.62
2010-04-13,3871.71
2010-04-14,3897.49
2010-04-15,3884.75
2010-04-16,3862.39
2010-04-19,3877.39
2010-04-20,3879.82
2010-04-21,3871.62
2010-04-22,3851.04
2010-04-23,3846.55
2010-04-26,3850.16
2010-04-27,3831.34
2010-04-28,3832.68
2010-04-29,3875.78
2010-04-30,3862.53
2010-05-03,3841.62
2010-05-04,3859.43
2010-05-06,3844.77
2010-05-07,3923.74
2010-05-10,4002.42
2010-05-11,3922.5
2010-05-12,3896.9
2010-05-13,3925.84
2010-05-14,3901.35
2010-05-17,3916.7
2010-05-18,3950.19
2010-05-19,3958.7
2010-05-20,3999.66
2010-05-24,4049.48
2010-05-25,4166.38
2010-05-26,4342.16
2010-05-27,4304.02
2010-05-28,4239.78
2010-05-31,4137.91
2010-06-01,3650.06
2010-06-03,4167.18
2010-06-04,4135.6
2010-06-07,4097.92
2010-06-08,4256.46
2010-06-09,4216.37
2010-06-10,4282.71
2010-06-11,4338.03
2010-06-14,4277.49
2010-06-15,4193.77
2010-06-16,4205.12
2010-06-17,4160.08
2010-06-18,4177.63
2010-06-21,4186.43
2010-06-22,4056.89
2010-06-23,4077.23
2010-06-24,4061.53
2010-06-25,4086.19
2010-06-28,4139.15
2010-06-29,4131.47
2010-06-30,4157.68
2010-07-01,4240.99
2010-07-02,4237.48
2010-07-05,4203.06
2010-07-06,4225.87
2010-07-07,4243.14
2010-07-08,4218.92
2010-07-09,4182.32
2010-07-12,4139.5
2010-07-13,4135.73
2010-07-14,4160.25
2010-07-15,4140.88
2010-07-16,4167.79
2010-07-19,4171.93
2010-07-20,4219.82
2010-07-21,4199.62
2010-07-22,4168.31
2010-07-23,4189.17
2010-07-26,4169.98
2010-07-27,4147.94
2010-07-28,4113.29
2010-07-29,4122.8
2010-07-30,4129.39
2010-08-02,4135.4
2010-08-03,4092.64
2010-08-04,4079.23
2010-08-05,4082.45
2010-08-06,4075.64
2010-08-09,4075.16
2010-08-10,4048.55
2010-08-11,4071.44
2010-08-12,4096.67
2010-08-13,4146.17
2010-08-16,4169.42
2010-08-17,4140.47
2010-08-18,4100.97
2010-08-19,4078.45
2010-08-20,4072.4
2010-08-23,4088.36
2010-08-24,4102.76
2010-08-25,4117.04
2010-08-26,4137.05
2010-08-27,4146.5
2010-08-30,4156.49
2010-08-31,4128.1
2010-09-01,4148.64
2010-09-02,4140.5
2010-09-03,4107.11
2010-09-06,4110.28
2010-09-07,4080.13
2010-09-08,4091.11
2010-09-09,4084.74
2010-09-10,4065.73
2010-09-13,4047.89
2010-09-14,4038.95
2010-09-15,4038.95
2010-09-16,4043.89
2010-09-17,4052.26
2010-09-20,4058.98
2010-09-24,4066.84
2010-09-27,4060.25
2010-09-28,4002.09
2010-09-29,4032.09
2010-09-30,4013.35
2010-10-01,4007.09
2010-10-04,4003.53
2010-10-05,3964.38
2010-10-06,3987.66
2010-10-07,3958.09
2010-10-08,3961.71
2010-10-11,3966.35
2010-10-12,3954.62
2010-10-13,3988.67
2010-10-14,3969.15
2010-10-15,3952.41
2010-10-18,3957.75
2010-10-19,3962.4
2010-10-20,3980.87
2010-10-21,4013.84
2010-10-22,3998.58
2010-10-25,4011.01
2010-10-26,3969.44
2010-10-27,3967.84
2010-10-28,3994.32
2010-10-29,4008.54
2010-11-01,4003.85
2010-11-02,3980.76
2010-11-03,3963.38
2010-11-04,3960.41
2010-11-05,3956.26
2010-11-08,3948.24
2010-11-09,3971.95
2010-11-10,3977.33
2010-11-11,3992.05
2010-11-12,3943.67
2010-11-15,3991.09
2010-11-16,4014.93
2010-11-17,4009.94
2010-11-18,4045.12
2010-11-19,4049.42
2010-11-22,4030.99
2010-11-23,4011.75
2010-11-24,4031.42
2010-11-25,4080.34
2010-11-26,4064.93
2010-11-29,4073.11
2010-11-30,4100.27
2010-12-01,4081.67
2010-12-02,4085.23
2010-12-03,4071.2
2010-12-06,4070.55
2010-12-07,4026.14
2010-12-08,4023.13
2010-12-09,4038.02
2010-12-10,4032.59
2010-12-13,4062.63
2010-12-14,4052.81
2010-12-15,4047.52
2010-12-16,4080.82
2010-12-17,4100.92
2010-12-20,4077.09
2010-12-21,4121.93
2010-12-22,4078.15
2010-12-23,4085.78
2010-12-24,4075.1
2010-12-27,4094.54
2010-12-28,4075.66
2010-12-29,4063.67
2010-12-30,4068.66
2010-12-31,4044.82
2011-01-03,4056.2
2011-01-04,4013.17
2011-01-05,3991.39
2011-01-06,3996.87
2011-01-07,3980.37
2011-01-10,3973.44
2011-01-11,3967.57
2011-01-12,3988.53
2011-01-13,3973.6
2011-01-14,3958.15
2011-01-17,3969.02
2011-01-18,3966.9
2011-01-19,3978.62
2011-01-20,3969.1
2011-01-21,3986.45
2011-01-24,4018.62
2011-01-25,4003.22
2011-01-26,3995.14
2011-01-27,4000.72
2011-01-28,3985.05
2011-01-31,3992.48
2011-02-01,4008.93
2011-02-07,3984.8
2011-02-08,3951.03
2011-02-09,3943.58
2011-02-10,3945.01
2011-02-11,3973.37
2011-02-14,3997.5
2011-02-15,4010.35
2011-02-16,4004.78
2011-02-17,4001.79
2011-02-18,3984.29
2011-02-21,3989.96
2011-02-22,3994.56
2011-02-23,4026.68
2011-02-24,4031.51
2011-02-25,4042.84
2011-02-28,4043.96
2011-03-02,4056.49
2011-03-03,4053.89
2011-03-04,4040.02
2011-03-07,4014.96
2011-03-08,4024.12
2011-03-09,4010.05
2011-03-10,4008.77
2011-03-11,4019.41
2011-03-14,4047.15
2011-03-15,4064.17
2011-03-16,4068.11
2011-03-17,4074.09
2011-03-18,4101.38
2011-03-21,4069.61
2011-03-22,4068.44
2011-03-23,4050.92
2011-03-24,4051.56
2011-03-25,4047.58
2011-03-28,4014.77
2011-03-29,4016.44
2011-03-30,4019.33
2011-03-31,3992.21
2011-04-01,3971.48
2011-04-04,3948.2
2011-04-05,3919.16
2011-04-06,3930.1
2011-04-07,3918.91
2011-04-08,3926.95
2011-04-11,3926.92
2011-04-12,3915.93
2011-04-13,3946.71
2011-04-14,3950.46
2011-04-15,3939.25
2011-04-18,3933.83
2011-04-19,3937.22
2011-04-20,3948.69
2011-04-21,3924.89
2011-04-22,3912.7
2011-04-25,3928.82
2011-04-26,3924.88
2011-04-27,3943.4
2011-04-28,3921.21
2011-04-29,3907.09
2011-05-02,3911.87
2011-05-03,3891.3
2011-05-04,3899.44
2011-05-06,3914.75
2011-05-09,3941.87
2011-05-11,3923.34
2011-05-12,3905.18
2011-05-13,3927.81
2011-05-16,3948.87
2011-05-17,3948.69
2011-05-18,3952.2
2011-05-19,3938.03
2011-05-20,3930.78
2011-05-23,3924.25
2011-05-24,3949.42
2011-05-25,3962.36
2011-05-26,3964.2
2011-05-27,3940.38
2011-05-30,3931.56
2011-05-31,3928.74
2011-06-01,3919.56
2011-06-02,3907.08
2011-06-03,3925.16
2011-06-07,3928.18
2011-06-08,3940.2
2011-06-09,3943.48
2011-06-10,3949.32
2011-06-13,3934.5
2011-06-14,3952.32
2011-06-15,3947.18
2011-06-16,3934.22
2011-06-17,3952.45
2011-06-20,3955.32
2011-06-21,3942.49
2011-06-22,3941.05
2011-06-23,3918.35
2011-06-24,3913.14
2011-06-27,3916.08
2011-06-28,3952.35
2011-06-29,3937.4
2011-06-30,3920.08
2011-07-01,3899.07
2011-07-04,3888.42
2011-07-05,3878.94
2011-07-06,3884.94
2011-07-07,3878.85
2011-07-08,3873.7
2011-07-11,3858.55
2011-07-12,3858.37
2011-07-13,3869.35
2011-07-14,3864.07
2011-07-15,3855.87
2011-07-18,3853.84
2011-07-19,3864.53
2011-07-20,3861.46
2011-07-21,3852.02
2011-07-22,3858.22
2011-07-25,3843.51
2011-07-26,3855.58
2011-07-27,3856.78
2011-07-28,3843.23
2011-07-29,3850.74
2011-08-01,3860.2
2011-08-02,3839.68
2011-08-03,3844.72
2011-08-04,3880.5
2011-08-05,3870.2
2011-08-08,3921.53
2011-08-09,3925.05
2011-08-10,4000.73
2011-08-11,3960.41
2011-08-12,3976.92
2011-08-16,3949.55
2011-08-17,3925.89
2011-08-18,3940.13
2011-08-19,3932.88
2011-08-22,3976.13
2011-08-23,3978.7
2011-08-24,3969.16
2011-08-25,3959.63
2011-08-26,3983.48
2011-08-29,3980.25
2011-08-30,3955.16
2011-08-31,3936.46
2011-09-01,3933.85
2011-09-02,3900.92
2011-09-05,3899.1
2011-09-06,3906.75
2011-09-07,3915.25
2011-09-08,3913.31
2011-09-09,3909.05
2011-09-14,3904.92
2011-09-15,3990.57
2011-09-16,4031.65
2011-09-19,4027.29
2011-09-20,4071.02
2011-09-21,4172.62
2011-09-22,4155.62
2011-09-23,4249.37
2011-09-26,4282.67
2011-09-28,4261.77
2011-09-29,4239.24
2011-09-30,4268.14
2011-10-04,4263.07
2011-10-05,4314.75
2011-10-06,4298.8
2011-10-07,4283.75
2011-10-10,4258.49
2011-10-11,4238.48
2011-10-12,4215.82
2011-10-13,4252.29
2011-10-14,4198.09
2011-10-17,4207.8
2011-10-18,4154.85
2011-10-19,4158.12
2011-10-20,4124.79
2011-10-21,4132.37
2011-10-24,4177.11
2011-10-25,4137.09
2011-10-26,4103.39
2011-10-27,4110.69
2011-10-28,4106.26
2011-10-31,4036.92
2011-11-01,4017.89
2011-11-02,4040.7
2011-11-03,4084.13
2011-11-04,4106.33
2011-11-07,4034.81
2011-11-08,4047.19
2011-11-09,4053.82
2011-11-10,4039.9
2011-11-11,4110.08
2011-11-14,4100.02
2011-11-15,4064.27
2011-11-16,4093.34
2011-11-17,4102.33
2011-11-18,4118.01
2011-11-21,4106.98
2011-11-22,4120.77
2011-11-23,4149.09
2011-11-24,4160.0
2011-11-25,4178.92
2011-11-28,4185.1
2011-11-29,4167.06
2011-11-30,4150.46
2011-12-01,4119.47
2011-12-02,4071.81
2011-12-05,4071.12
2011-12-06,4081.54
2011-12-07,4086.71
2011-12-08,4072.28
2011-12-09,4080.46
2011-12-12,4123.68
2011-12-13,4126.13
2011-12-14,4162.85
2011-12-15,4174.02
2011-12-16,4170.05
2011-12-19,4154.09
2011-12-20,4202.3
2011-12-21,4192.47
2011-12-22,4134.28
2011-12-23,4154.36
2011-12-26,4129.04
2011-12-27,4131.79
2011-12-28,4155.53
2011-12-29,4153.15
2011-12-30,4139.18
2012-01-02,4139.48
2012-01-03,4147.52
2012-01-04,4138.14
2012-01-05,4123.04
2012-01-06,4124.27
2012-01-09,4149.0
2012-01-10,4166.55
2012-01-11,4139.78
2012-01-12,4148.12
2012-01-13,4149.98
2012-01-16,4113.99
2012-01-17,4125.11
2012-01-18,4104.93
2012-01-19,4097.28
2012-01-20,4079.26
2012-01-25,4074.33
2012-01-26,4050.71
2012-01-27,4034.53
2012-01-30,4048.27
2012-01-31,4053.32
2012-02-01,4055.33
2012-02-02,4061.0
2012-02-03,4031.5
2012-02-06,4030.76
2012-02-07,4034.8
2012-02-08,4043.04
2012-02-09,4025.59
2012-02-10,4027.88
2012-02-13,4041.38
2012-02-14,4047.86
2012-02-15,4043.33
2012-02-16,4037.46
2012-02-17,4059.32
2012-02-20,4042.13
2012-02-21,4040.52
2012-02-22,4045.85
2012-02-23,4053.77
2012-02-24,4065.07
2012-02-27,4058.24
2012-02-28,4069.83
2012-02-29,4062.24
2012-03-02,4034.8
2012-03-05,4009.28
2012-03-06,4021.43
2012-03-07,4023.49
2012-03-08,4048.16
2012-03-09,4028.78
2012-03-12,4003.95
2012-03-13,4027.78
2012-03-14,4020.29
2012-03-15,4022.33
2012-03-16,4044.2
2012-03-19,4036.62
2012-03-20,4030.43
2012-03-21,4034.85
2012-03-22,4050.3
2012-03-23,4059.69
2012-03-26,4076.51
2012-03-27,4097.86
2012-03-28,4089.94
2012-03-29,4090.94
2012-03-30,4095.6
2012-04-02,4085.44
2012-04-03,4064.35
2012-04-04,4036.51
2012-04-05,4049.99
2012-04-06,4051.73
2012-04-09,4059.67
2012-04-10,4086.5
2012-04-12,4091.25
2012-04-13,4110.32
2012-04-16,4073.64
2012-04-17,4092.59
2012-04-18,4097.5
2012-04-19,4082.61
2012-04-20,4096.62
2012-04-23,4098.49
2012-04-24,4095.73
2012-04-25,4105.77
2012-04-26,4100.48
2012-04-27,4093.1
2012-04-30,4076.92
2012-05-02,4080.93
2012-05-03,4056.52
2012-05-04,4061.83
2012-05-07,4067.22
2012-05-08,4093.82
2012-05-09,4081.43
2012-05-10,4095.27
2012-05-11,4106.76
2012-05-14,4116.46
2012-05-15,4119.42
2012-05-16,4134.48
2012-05-17,4160.04
2012-05-18,4161.72
2012-05-21,4202.4
2012-05-22,4174.99
2012-05-23,4165.71
2012-05-24,4186.89
2012-05-25,4199.79
2012-05-29,4211.2
2012-05-30,4201.48
2012-05-31,4190.12
2012-06-01,4205.73
2012-06-04,4205.29
2012-06-05,4215.75
2012-06-07,4215.75
2012-06-08,4175.7
2012-06-11,4192.13
2012-06-12,4156.43
2012-06-13,4174.54
2012-06-14,4166.7
2012-06-15,4167.89
2012-06-18,4163.24
2012-06-19,4138.03
2012-06-20,4144.27
2012-06-21,4121.94
2012-06-22,4113.08
2012-06-25,4126.23
2012-06-26,4138.62
2012-06-27,4137.92
2012-06-28,4125.13
2012-06-29,4108.54
2012-07-02,4115.99
2012-07-03,4080.56
2012-07-04,4078.02
2012-07-05,4049.29
2012-07-06,4046.93
2012-07-09,4044.19
2012-07-10,4063.46
2012-07-11,4056.85
2012-07-12,4060.26
2012-07-13,4064.99
2012-07-16,4085.88
2012-07-17,4077.6
2012-07-18,4058.13
2012-07-19,4048.72
2012-07-20,4041.46
2012-07-23,4042.17
2012-07-24,4063.71
2012-07-25,4067.09
2012-07-26,4078.75
2012-07-27,4069.53
2012-07-30,4042.92
2012-07-31,4028.22
2012-08-01,4019.44
2012-08-02,4000.0
2012-08-03,4009.93
2012-08-06,4025.67
2012-08-07,3995.67
2012-08-08,4001.49
2012-08-09,3996.46
2012-08-10,3985.98
2012-08-13,4002.48
2012-08-14,4007.08
2012-08-16,3993.14
2012-08-17,4010.69
2012-08-20,4012.68
2012-08-21,4021.18
2012-08-22,4018.09
2012-08-23,4025.21
2012-08-24,4009.93
2012-08-27,4018.79
2012-08-28,4027.24
2012-08-29,4031.19
2012-08-30,4017.57
2012-08-31,4022.69
2012-09-03,4023.69
2012-09-04,4012.76
2012-09-05,4010.06
2012-09-06,4026.54
2012-09-07,4022.12
2012-09-10,4015.84
2012-09-11,4007.81
2012-09-12,4016.15
2012-09-13,4006.12
2012-09-14,4018.96
2012-09-17,3995.58
2012-09-18,3977.17
2012-09-19,3982.82
2012-09-20,3982.25
2012-09-21,3984.04
2012-09-24,3987.6
2012-09-25,3987.89
2012-09-26,3981.92
2012-09-27,3988.26
2012-09-28,3984.33
2012-10-02,3955.57
2012-10-04,3958.66
2012-10-05,3968.56
2012-10-08,3953.3
2012-10-09,3954.8
2012-10-10,3948.8
2012-10-11,3961.11
2012-10-12,3965.44
2012-10-15,3950.16
2012-10-16,3956.1
2012-10-17,3939.44
2012-10-18,3937.57
2012-10-19,3936.16
2012-10-22,3935.55
2012-10-23,3930.92
2012-10-24,3918.59
2012-10-25,3927.06
2012-10-26,3918.88
2012-10-29,3901.44
2012-10-30,3896.53
2012-10-31,3890.69
2012-11-01,3877.28
2012-11-02,3877.1
2012-11-05,3872.11
2012-11-06,3874.02
2012-11-07,3875.24
2012-11-08,3854.28
2012-11-09,3859.14
2012-11-12,3859.72
2012-11-13,3853.29
2012-11-14,3862.34
2012-11-15,3851.58
2012-11-16,3850.41
2012-11-19,3860.03
2012-11-20,3851.52
2012-11-21,3836.62
2012-11-22,3838.55
2012-11-23,3841.19
2012-11-26,3845.31
2012-11-27,3852.63
2012-11-28,3848.42
2012-11-29,3851.8
2012-11-30,3850.55
2012-12-03,3845.5
2012-12-04,3850.12
2012-12-05,3852.33
2012-12-06,3848.48
2012-12-07,3849.19
2012-12-10,3848.83
2012-12-11,3835.14
2012-12-12,3824.82
2012-12-13,3822.81
2012-12-14,3806.53
2012-12-17,3816.28
2012-12-18,3815.03
2012-12-20,3809.76
2012-12-21,3817.08
2012-12-24,3819.16
2012-12-26,3816.9
2012-12-27,3816.6
2012-12-28,3814.55
2012-12-31,3808.76
2013-01-02,3809.17
2013-01-03,3781.16
2013-01-04,3779.71
2013-01-07,3773.81
2013-01-08,3772.93
2013-01-09,3769.95
2013-01-10,3761.78
2013-01-11,3767.62
2013-01-14,3752.98
2013-01-15,3750.49
2013-01-16,3745.34
2013-01-17,3757.76
2013-01-18,3761.15
2013-01-21,3753.69
2013-01-22,3761.93
2013-01-23,3778.89
2013-01-24,3782.04
2013-01-25,3792.69
2013-01-29,3844.11
2013-01-30,3866.52
2013-01-31,3852.2
2013-02-01,3869.58
2013-02-04,3883.8
2013-02-05,3869.94
2013-02-06,3861.43
2013-02-07,3868.54
2013-02-08,3867.57
2013-02-12,3877.35
2013-02-13,3877.12
2013-02-14,3853.85
2013-02-15,3845.77
2013-02-18,3819.74
2013-02-19,3832.89
2013-02-20,3830.68
2013-02-21,3811.85
2013-02-22,3831.01
2013-02-25,3841.58
2013-02-26,3843.08
2013-02-27,3845.2
2013-02-28,3832.63
2013-03-04,3820.27
2013-03-05,3842.96
2013-03-06,3827.46
2013-03-07,3815.09
2013-03-08,3821.32
2013-03-11,3832.2
2013-03-12,3862.09
2013-03-13,3850.08
2013-03-14,3857.64
2013-03-15,3884.83
2013-03-18,3895.89
2013-03-19,3917.9
2013-03-20,3896.12
2013-03-21,3919.54
2013-03-22,3914.71
2013-03-25,3925.37
2013-03-26,3911.74
2013-03-27,3887.78
2013-03-28,3886.07
2013-03-29,3896.91
2013-04-01,3888.09
2013-04-02,3909.92
2013-04-03,3897.31
2013-04-04,3927.8
2013-04-05,3939.01
2013-04-08,3950.58
2013-04-09,3983.55
2013-04-10,3991.52
2013-04-11,3989.42
2013-04-12,3961.4
2013-04-15,3968.77
2013-04-16,3947.7
2013-04-17,3935.05
2013-04-18,3913.47
2013-04-19,3938.09
2013-04-22,3923.87
2013-04-23,3936.34
2013-04-24,3926.67
2013-04-25,3923.99
2013-04-26,3907.74
2013-04-29,3893.3
2013-04-30,3894.63
2013-05-02,3879.76
2013-05-03,3862.53
2013-05-06,3863.77
2013-05-07,3844.67
2013-05-08,3841.02
2013-05-09,3824.95
2013-05-10,3817.38
2013-05-13,3862.67
2013-05-14,3901.57
2013-05-15,3885.13
2013-05-16,3891.67
2013-05-20,3894.11
2013-05-21,3903.98
2013-05-22,3885.42
2013-05-23,3881.23
2013-05-24,3920.11
2013-05-27,3943.5
2013-05-28,3925.0
2013-05-29,3926.8
2013-05-30,3962.44
2013-05-31,3946.07
2013-06-03,3943.99
2013-06-04,3953.53
2013-06-05,3929.25
2013-06-07,3927.02
2013-06-10,3899.65
2013-06-11,3943.56
2013-06-12,3978.87
2013-06-13,3984.5
2013-06-14,4006.64
2013-06-17,3983.05
2013-06-18,3982.77
2013-06-19,3989.06
2013-06-20,4000.71
2013-06-21,4041.67
2013-06-24,4080.51
2013-06-25,4066.13
2013-06-26,4070.59
2013-06-27,4047.73
2013-06-28,4030.5
2013-07-01,4011.7
2013-07-02,3983.11
2013-07-03,3963.96
2013-07-04,3993.56
2013-07-05,3984.21
2013-07-08,3981.1
2013-07-09,4018.99
2013-07-10,3989.2
2013-07-11,3970.02
2013-07-12,3921.56
2013-07-15,3924.81
2013-07-16,3928.88
2013-07-17,3921.64
2013-07-18,3919.03
2013-07-19,3929.62
2013-07-22,3937.96
2013-07-23,3924.97
2013-07-24,3918.09
2013-07-25,3907.61
2013-07-26,3922.0
2013-07-29,3906.87
2013-07-30,3901.12
2013-07-31,3913.55
2013-08-01,3937.4
2013-08-02,3943.73
2013-08-05,3957.8
2013-08-06,3926.49
2013-08-07,3911.4
2013-08-08,3925.17
2013-08-09,3912.17
2013-08-12,3905.85
2013-08-13,3912.81
2013-08-14,3922.5
2013-08-16,3933.04
2013-08-19,3917.92
2013-08-20,3912.66
2013-08-21,3945.49
2013-08-22,3932.96
2013-08-23,3946.85
2013-08-26,3932.48
2013-08-27,3911.85
2013-08-28,3922.52
2013-08-29,3917.1
2013-08-30,3906.12
2013-09-02,3885.15
2013-09-03,3862.38
2013-09-04,3831.55
2013-09-05,3846.93
2013-09-06,3825.01
2013-09-09,3832.62
2013-09-10,3815.84
2013-09-11,3807.33
2013-09-12,3818.41
2013-09-13,3806.58
2013-09-16,3817.85
2013-09-17,3810.3
2013-09-23,3823.82
2013-09-24,3799.08
2013-09-25,3793.81
2013-09-26,3802.26
2013-09-27,3792.45
2013-09-30,3799.23
2013-10-01,3799.56
2013-10-02,3795.34
2013-10-04,3803.22
2013-10-07,3788.58
2013-10-08,3780.01
2013-10-10,3793.51
2013-10-11,3807.79
2013-10-14,3789.38
2013-10-15,3787.84
2013-10-16,3780.18
2013-10-17,3767.08
2013-10-18,3767.79
2013-10-21,3759.03
2013-10-22,3762.62
2013-10-23,3767.43
2013-10-24,3748.45
2013-10-25,3752.26
2013-10-28,3770.36
2013-10-29,3765.43
2013-10-30,3765.39
2013-10-31,3762.5
2013-11-01,3756.51
2013-11-04,3766.08
2013-11-05,3764.31
2013-11-06,3750.66
2013-11-07,3755.3
2013-11-08,3746.07
2013-11-11,3755.96
2013-11-12,3762.32
2013-11-13,3777.43
2013-11-14,3784.48
2013-11-15,3764.73
2013-11-18,3767.79
2013-11-19,3741.45
2013-11-20,3724.16
2013-11-21,3725.93
2013-11-22,3750.71
2013-11-25,3753.76
2013-11-26,3747.84
2013-11-27,3750.88
2013-11-28,3751.15
2013-11-29,3757.52
2013-12-02,3743.68
2013-12-03,3737.46
2013-12-04,3752.3
2013-12-05,3747.84
2013-12-06,3754.56
2013-12-09,3742.53
2013-12-10,3728.18
2013-12-11,3728.04
2013-12-12,3723.54
2013-12-13,3729.07
2013-12-16,3727.79
2013-12-17,3728.66
2013-12-18,3724.76
2013-12-19,3726.89
2013-12-20,3740.85
2013-12-23,3758.67
2013-12-24,3755.09
2013-12-26,3751.64
2013-12-27,3749.42
2013-12-30,3740.08
2013-12-31,3742.07
2014-01-02,3736.9
2014-01-03,3719.55
2014-01-06,3732.65
2014-01-07,3761.33
2014-01-08,3781.52
2014-01-09,3774.79
2014-01-10,3763.21
2014-01-13,3763.46
2014-01-14,3741.15
2014-01-15,3744.83
2014-01-16,3754.68
2014-01-17,3766.41
2014-01-20,3733.29
2014-01-21,3758.04
2014-01-22,3759.1
2014-01-23,3776.07
2014-01-24,3795.28
2014-01-27,3813.77
2014-01-28,3839.42
2014-01-29,3819.91
2014-02-03,3785.88
2014-02-04,3825.11
2014-02-05,3839.57
2014-02-06,3818.27
2014-02-07,3806.22
2014-02-10,3802.7
2014-02-11,3795.81
2014-02-12,3795.36
2014-02-13,3771.12
2014-02-14,3772.7
2014-02-17,3768.28
2014-02-18,3762.37
2014-02-19,3776.89
2014-02-20,3787.67
2014-02-21,3803.63
2014-02-24,3809.64
2014-02-25,3819.92
2014-02-26,3801.31
2014-02-27,3795.99
2014-02-28,3790.74
2014-03-03,3789.18
2014-03-04,3807.27
2014-03-05,3806.82
2014-03-06,3801.85
2014-03-07,3790.48
2014-03-10,3773.44
2014-03-11,3789.33
2014-03-12,3785.15
2014-03-13,3796.88
2014-03-14,3790.48
2014-03-17,3816.03
2014-03-18,3799.36
2014-03-19,3792.26
2014-03-20,3807.88
2014-03-21,3819.22
2014-03-24,3836.29
2014-03-25,3832.12
2014-03-26,3828.84
2014-03-27,3817.47
2014-03-28,3809.66
2014-03-31,3792.63
2014-04-01,3785.33
2014-04-02,3765.31
2014-04-03,3751.29
2014-04-04,3751.86
2014-04-07,3744.11
2014-04-08,3740.24
2014-04-09,3744.67
2014-04-10,3708.23
2014-04-11,3687.75
2014-04-14,3684.3
2014-04-15,3689.28
2014-04-16,3697.44
2014-04-17,3702.53
2014-04-18,3682.88
2014-04-21,3687.3
2014-04-22,3685.07
2014-04-23,3695.44
2014-04-24,3695.08
2014-04-25,3692.78
2014-04-28,3695.18
2014-04-29,3688.52
2014-04-30,3666.31
2014-05-02,3674.62
2014-05-07,3673.67
2014-05-08,3653.46
2014-05-09,3641.7
2014-05-12,3637.33
2014-05-13,3642.5
2014-05-14,3630.78
2014-05-15,3635.91
2014-05-16,3649.78
2014-05-19,3640.95
2014-05-20,3627.24
2014-05-21,3633.75
2014-05-22,3643.88
2014-05-23,3637.65
2014-05-26,3641.96
2014-05-27,3630.85
2014-05-28,3628.82
2014-05-29,3635.91
2014-05-30,3621.54
2014-06-02,3628.09
2014-06-03,3639.47
2014-06-05,3629.7
2014-06-09,3625.6
2014-06-10,3606.39
2014-06-11,3601.03
2014-06-12,3601.67
2014-06-13,3608.16
2014-06-16,3609.29
2014-06-17,3613.97
2014-06-18,3622.67
2014-06-19,3629.17
2014-06-20,3611.63
2014-06-23,3614.06
2014-06-24,3611.35
2014-06-25,3609.29
2014-06-26,3619.79
2014-06-27,3607.28
2014-06-30,3599.33
2014-07-01,3595.13
2014-07-02,3589.73
2014-07-03,3581.87
2014-07-04,3579.13
2014-07-07,3576.01
2014-07-08,3581.46
2014-07-09,3585.82
2014-07-10,3590.0
2014-07-11,3588.3
2014-07-14,3609.29
2014-07-15,3610.68
2014-07-16,3628.08
2014-07-17,3659.07
2014-07-18,3646.02
2014-07-21,3654.04
2014-07-22,3638.71
2014-07-23,3626.0
2014-07-24,3618.48
2014-07-25,3635.08
2014-07-28,3637.97
2014-07-29,3624.02
2014-07-30,3619.82
2014-07-31,3615.09
2014-08-01,3622.95
2014-08-04,3645.57
2014-08-05,3644.3
2014-08-06,3638.03
2014-08-07,3652.58
2014-08-08,3650.09
2014-08-11,3661.58
2014-08-12,3637.71
2014-08-13,3629.98
2014-08-14,3626.97
2014-08-18,3615.81
2014-08-19,3587.75
2014-08-20,3587.41
2014-08-21,3593.58
2014-08-22,3607.19
2014-08-25,3584.36
2014-08-26,3588.1
2014-08-27,3576.32
2014-08-28,3568.26
2014-08-29,3562.62
2014-09-01,3563.93
2014-09-02,3562.07
2014-09-03,3563.13
2014-09-04,3575.84
2014-09-05,3558.69
2014-09-11,3573.15
2014-09-12,3608.58
2014-09-15,3622.91
2014-09-16,3624.28
2014-09-17,3611.37
2014-09-18,3600.56
2014-09-19,3628.41
2014-09-22,3637.85
2014-09-23,3622.72
2014-09-24,3626.34
2014-09-25,3616.07
2014-09-26,3624.54
2014-09-29,3616.97
2014-09-30,3646.9
2014-10-01,3657.2
2014-10-02,3683.88
2014-10-06,3669.21
2014-10-07,3706.77
2014-10-08,3698.89
2014-10-10,3715.78
2014-10-13,3711.02
2014-10-14,3704.31
2014-10-15,3679.68
2014-10-16,3699.28
2014-10-17,3673.32
2014-10-20,3679.33
2014-10-21,3676.46
2014-10-22,3646.01
2014-10-23,3641.23
2014-10-24,3647.99
2014-10-27,3661.85
2014-10-28,3639.44
2014-10-29,3633.91
2014-10-30,3613.21
2014-10-31,3640.38
2014-11-03,3647.76
2014-11-04,3702.13
2014-11-05,3722.77
2014-11-06,3707.76
2014-11-07,3734.4
2014-11-10,3752.88
2014-11-11,3724.22
2014-11-12,3746.39
2014-11-13,3770.12
2014-11-14,3769.02
2014-11-17,3777.01
2014-11-18,3763.16
2014-11-19,3776.16
2014-11-20,3793.59
2014-11-21,3823.77
2014-11-24,3810.85
2014-11-25,3821.07
2014-11-26,3823.92
2014-11-27,3804.78
2014-11-28,3783.2
2014-12-01,3791.26
2014-12-02,3835.21
2014-12-03,3791.19
2014-12-04,3818.01
2014-12-05,3826.87
2014-12-08,3810.24
2014-12-09,3833.6
2014-12-10,3812.66
2014-12-11,3791.1
2014-12-12,3762.68
2014-12-15,3787.09
2014-12-16,3782.19
2014-12-17,3744.94
2014-12-18,3716.06
2014-12-19,3772.4
2014-12-22,3763.2
2014-12-23,3747.87
2014-12-24,3755.2
2014-12-26,3772.03
2014-12-29,3755.25
2014-12-30,3746.72
2014-12-31,3755.89
2015-01-02,3753.33
2015-01-05,3752.89
2015-01-06,3775.33
2015-01-07,3755.66
2015-01-08,3740.22
2015-01-09,3734.36
2015-01-12,3717.12
2015-01-13,3684.05
2015-01-14,3676.95
2015-01-15,3672.88
2015-01-16,3691.68
2015-01-19,3662.42
2015-01-20,3670.67
2015-01-21,3687.93
2015-01-22,3697.86
2015-01-23,3675.49
2015-01-26,3667.33
2015-01-27,3656.78
2015-01-28,3671.87
2015-01-29,3666.25
2015-01-30,3695.25
2015-02-02,3713.78
2015-02-03,3732.63
2015-02-04,3732.29
2015-02-05,3689.45
2015-02-06,3698.47
2015-02-09,3683.03
2015-02-10,3712.48
2015-02-11,3690.37
2015-02-12,3710.88
2015-02-13,3751.82
2015-02-16,3722.76
2015-02-17,3713.46
2015-02-23,3724.13
2015-02-24,3750.72
2015-02-25,3747.8
2015-02-26,3729.95
2015-02-27,3708.38
2015-03-02,3712.77
2015-03-03,3715.75
2015-03-04,3710.32
2015-03-05,3691.05
2015-03-06,3701.3
2015-03-09,3685.89
2015-03-10,3721.59
2015-03-11,3743.77
2015-03-12,3757.59
2015-03-13,3775.2
2015-03-16,3749.25
2015-03-17,3780.04
2015-03-18,3768.0
2015-03-19,3768.52
2015-03-20,3713.46
2015-03-23,3743.87
2015-03-24,3728.62
2015-03-25,3695.01
2015-03-26,3683.52
2015-03-27,3682.26
2015-03-30,3688.38
2015-03-31,3677.57
2015-04-01,3688.41
2015-04-02,3671.13
2015-04-03,3653.79
2015-04-06,3644.41
2015-04-07,3612.89
2015-04-08,3618.22
2015-04-09,3628.7
2015-04-10,3620.15
2015-04-13,3624.5
2015-04-14,3627.28
2015-04-15,3633.59
2015-04-16,3630.1
2015-04-17,3609.07
2015-04-20,3594.24
2015-04-21,3582.13
2015-04-22,3587.04
2015-04-23,3577.03
2015-04-24,3584.62
2015-04-27,3567.3
2015-04-28,3557.83
2015-04-29,3550.26
2015-04-30,3545.44
2015-05-04,3544.09
2015-05-06,3579.24
2015-05-07,3582.67
2015-05-08,3600.16
2015-05-11,3615.97
2015-05-12,3611.09
2015-05-13,3630.88
2015-05-14,3637.18
2015-05-15,3634.19
2015-05-18,3619.57
2015-05-19,3599.5
2015-05-20,3610.34
2015-05-21,3625.05
2015-05-22,3623.84
2015-05-26,3605.24
2015-05-27,3624.48
2015-05-28,3652.5
2015-05-29,3658.34
2015-06-01,3657.01
2015-06-02,3666.23
2015-06-03,3687.59
2015-06-04,3662.37
2015-06-05,3672.73
2015-06-08,3676.0
2015-06-09,3714.19
2015-06-10,3704.94
2015-06-11,3701.51
2015-06-12,3677.43
2015-06-15,3679.72
2015-06-16,3697.25
2015-06-17,3699.67
2015-06-18,3700.66
2015-06-19,3680.04
2015-06-22,3660.48
2015-06-23,3648.09
2015-06-24,3655.36
2015-06-25,3666.31
2015-06-26,3669.8
2015-06-29,3680.56
2015-06-30,3719.6
2015-07-01,3697.23
2015-07-02,3695.08
2015-07-03,3716.13
2015-07-06,3700.85
2015-07-07,3723.43
2015-07-08,3731.99
2015-07-09,3755.5
2015-07-10,3754.79
2015-07-13,3738.87
2015-07-14,3735.43
2015-07-15,3766.74
2015-07-16,3771.68
2015-07-17,3788.47
2015-07-20,3781.92
2015-07-21,3797.26
2015-07-22,3821.84
2015-07-23,3803.33
2015-07-24,3836.23
2015-07-27,3845.09
2015-07-28,3861.71
2015-07-29,3853.04
2015-07-30,3821.2
2015-07-31,3848.29
2015-08-03,3859.53
2015-08-04,3845.04
2015-08-05,3857.8
2015-08-06,3863.98
2015-08-07,3858.61
2015-08-10,3841.56
2015-08-11,3849.05
2015-08-12,3865.0
2015-08-13,3936.31
2015-08-17,3880.5
2015-08-18,3904.1
2015-08-19,3912.1
2015-08-20,3917.94
2015-08-21,3920.41
2015-08-24,3951.99
2015-08-25,3983.57
2015-08-26,3966.14
2015-08-27,3932.59
2015-08-28,3924.77
2015-08-31,3893.61
2015-09-01,3914.24
2015-09-02,3892.33
2015-09-03,3896.92
2015-09-04,3926.86
2015-09-07,3939.79
2015-09-08,3977.1
2015-09-09,3981.8
2015-09-10,3944.15
2015-09-11,3955.41
2015-09-14,3919.22
2015-09-15,3911.5
2015-09-16,3915.88
2015-09-17,3905.94
2015-09-18,3873.82
2015-09-21,3863.88
2015-09-22,3884.75
2015-09-23,3895.18
2015-09-24,3927.57
2015-09-25,3939.83
2015-09-30,3952.42
2015-10-01,3939.9
2015-10-02,3898.16
2015-10-05,3908.94
2015-10-06,3877.27
2015-10-07,3851.85
2015-10-08,3857.26
2015-10-12,3838.44
2015-10-13,3801.23
2015-10-14,3799.04
2015-10-15,3812.7
2015-10-16,3756.46
2015-10-19,3740.56
2015-10-20,3728.63
2015-10-21,3744.53
2015-10-22,3748.51
2015-10-23,3771.12
2015-10-26,3722.63
2015-10-27,3745.38
2015-10-28,3736.91
2015-10-29,3738.94
2015-10-30,3767.48
2015-11-02,3760.11
2015-11-03,3765.81
2015-11-04,3740.59
2015-11-05,3720.85
2015-11-06,3750.33
2015-11-09,3746.13
2015-11-10,3797.63
2015-11-11,3810.87
2015-11-12,3800.56
2015-11-13,3798.95
2015-11-16,3821.57
2015-11-17,3859.98
2015-11-18,3846.05
2015-11-19,3858.6
2015-11-20,3828.35
2015-11-23,3802.09
2015-11-24,3806.38
2015-11-25,3797.57
2015-11-26,3760.59
2015-11-27,3759.72
2015-11-30,3774.9
2015-12-01,3799.47
2015-12-02,3803.03
2015-12-03,3807.22
2015-12-04,3845.82
2015-12-07,3810.9
2015-12-08,3836.84
2015-12-09,3872.24
2015-12-10,3884.6
2015-12-11,3882.81
2015-12-14,3890.06
2015-12-15,3912.58
2015-12-16,3899.46
2015-12-17,3882.04
2015-12-18,3879.24
2015-12-21,3899.44
2015-12-22,3880.89
2015-12-23,3875.12
2015-12-24,3858.72
2015-12-28,3860.86
2015-12-29,3841.71
2015-12-30,3848.71
2015-12-31,3861.61
2016-01-04,3859.07
2016-01-05,3900.86
2016-01-06,3907.55
2016-01-07,3921.5
2016-01-08,3945.08
2016-01-11,3941.35
2016-01-12,3981.42
2016-01-13,3974.28
2016-01-14,3966.72
2016-01-15,3984.3
2016-01-18,3983.55
2016-01-19,3984.95
2016-01-20,3967.41
2016-01-21,3980.03
2016-01-22,3973.92
2016-01-25,3955.29
2016-01-26,3928.69
2016-01-27,3955.23
2016-01-28,3957.95
2016-01-29,3982.6
2016-02-01,3973.65
2016-02-02,3973.94
2016-02-03,3970.76
2016-02-04,4035.49
2016-02-05,4001.66
2016-02-11,3999.0
2016-02-12,4013.41
2016-02-15,4042.69
2016-02-16,4048.79
2016-02-17,4069.44
2016-02-18,4091.53
2016-02-19,4097.0
2016-02-22,4128.83
2016-02-23,4119.87
2016-02-24,4101.43
2016-02-25,4115.73
2016-02-26,4113.89
2016-02-29,4113.89
2016-03-02,4132.2
2016-03-03,4098.07
2016-03-04,4054.76
2016-03-07,4016.95
2016-03-08,3992.35
2016-03-09,4012.25
2016-03-10,4038.77
2016-03-11,4017.28
2016-03-14,3991.68
2016-03-15,3944.22
2016-03-16,3951.49
2016-03-17,3963.12
2016-03-18,3906.41
2016-03-21,3861.35
2016-03-22,3874.78
2016-03-23,3848.32
2016-03-24,3840.39
2016-03-25,3864.83
2016-03-28,3874.75
2016-03-29,3875.41
2016-03-30,3848.06
2016-03-31,3819.54
2016-04-01,3790.36
2016-04-04,3804.93
2016-04-05,3804.44
2016-04-06,3827.04
2016-04-07,3830.65
2016-04-08,3827.92
2016-04-11,3835.82
2016-04-12,3812.87
2016-04-14,3796.05
2016-04-15,3824.9
2016-04-18,3814.69
2016-04-19,3814.49
2016-04-20,3780.62
2016-04-21,3753.44
2016-04-22,3762.06
2016-04-25,3777.85
2016-04-26,3810.99
2016-04-27,3810.99
2016-04-28,3796.51
2016-04-29,3789.88
2016-05-02,3778.55
2016-05-03,3791.92
2016-05-04,3783.15
2016-05-09,3837.58
2016-05-10,3874.84
2016-05-11,3895.29
2016-05-12,3875.58
2016-05-13,3862.05
2016-05-16,3879.64
2016-05-17,3910.16
2016-05-18,3889.35
2016-05-19,3911.82
2016-05-20,3942.79
2016-05-23,3935.1
2016-05-24,3917.55
2016-05-25,3934.85
2016-05-26,3926.49
2016-05-27,3910.6
2016-05-30,3904.71
2016-05-31,3942.12
2016-06-01,3937.75
2016-06-02,3943.11
2016-06-03,3938.16
2016-06-07,3935.71
2016-06-08,3860.35
2016-06-09,3839.0
2016-06-10,3837.7
2016-06-13,3859.25
2016-06-14,3891.56
2016-06-15,3890.57
2016-06-16,3902.27
2016-06-17,3883.89
2016-06-20,3888.02
2016-06-21,3865.99
2016-06-22,3850.4
2016-06-23,3838.64
2016-06-24,3828.02
2016-06-27,3869.85
2016-06-28,3916.53
2016-06-29,3892.03
2016-06-30,3854.96
2016-07-01,3815.04
2016-07-04,3798.16
2016-07-05,3800.15
2016-07-06,3822.06
2016-07-07,3860.9
2016-07-08,3832.97
2016-07-11,3840.95
2016-07-12,3802.55
2016-07-13,3804.75
2016-07-14,3791.57
2016-07-15,3778.67
2016-07-18,3748.55
2016-07-19,3758.23
2016-07-20,3765.17
2016-07-21,3771.24
2016-07-22,3768.88
2016-07-25,3751.69
2016-07-26,3757.97
2016-07-27,3762.93
2016-07-28,3748.72
2016-07-29,3720.95
2016-08-01,3722.1
2016-08-02,3683.69
2016-08-03,3678.31
2016-08-04,3693.02
2016-08-05,3691.14
2016-08-08,3683.46
2016-08-09,3683.83
2016-08-10,3664.77
2016-08-11,3631.63
2016-08-12,3639.92
2016-08-16,3649.05
2016-08-17,3630.64
2016-08-18,3657.02
2016-08-19,3673.06
2016-08-22,3702.28
2016-08-23,3735.81
2016-08-24,3710.2
2016-08-25,3723.52
2016-08-26,3714.89
2016-08-29,3697.96
2016-08-30,3735.35
2016-08-31,3705.24
2016-09-01,3701.59
2016-09-02,3707.27
2016-09-05,3701.64
2016-09-06,3671.36
2016-09-07,3660.15
2016-09-08,3628.28
2016-09-09,3627.68
2016-09-12,3648.58
2016-09-13,3685.42
2016-09-19,3691.06
2016-09-20,3716.61
2016-09-21,3714.95
2016-09-22,3705.99
2016-09-23,3659.07
2016-09-26,3661.5
2016-09-27,3670.46
2016-09-28,3661.25
2016-09-29,3635.37
2016-09-30,3637.36
2016-10-04,3655.66
2016-10-05,3662.3
2016-10-06,3689.91
2016-10-07,3681.63
2016-10-10,3691.32
2016-10-11,3678.81
2016-10-12,3695.67
2016-10-13,3714.62
2016-10-14,3734.1
2016-10-17,3742.03
2016-10-18,3766.47
2016-10-19,3740.05
2016-10-20,3708.67
2016-10-21,3712.63
2016-10-24,3747.32
2016-10-25,3747.32
2016-10-26,3747.73
2016-10-27,3734.21
2016-10-28,3759.93
2016-10-31,3779.54
2016-11-01,3776.31
2016-11-02,3769.81
2016-11-03,3794.22
2016-11-04,3773.7
2016-11-07,3781.08
2016-11-08,3771.52
2016-11-09,3756.36
2016-11-10,3785.52
2016-11-11,3794.17
2016-11-14,3837.21
2016-11-15,3846.76
2016-11-16,3842.97
2016-11-17,3834.81
2016-11-18,3859.48
2016-11-21,3878.3
2016-11-22,3881.93
2016-11-23,3857.64
2016-11-24,3848.35
2016-11-25,3874.18
2016-11-28,3864.61
2016-11-29,3836.92
2016-11-30,3829.77
2016-12-01,3827.75
2016-12-02,3845.85
2016-12-05,3838.96
2016-12-06,3848.15
2016-12-07,3834.05
2016-12-08,3833.72
2016-12-09,3799.95
2016-12-12,3818.6
2016-12-13,3834.21
2016-12-14,3820.94
2016-12-15,3830.12
2016-12-16,3854.65
2016-12-19,3866.69
2016-12-20,3879.03
2016-12-21,3886.46
2016-12-22,3900.07
2016-12-23,3912.48
2016-12-26,3930.4
2016-12-27,3919.61
2016-12-28,3938.25
2016-12-29,3945.76
2016-12-30,3948.7
2017-01-02,3954.13
2017-01-03,3945.51
2017-01-04,3938.23
2017-01-05,3943.08
2017-01-06,3900.75
2017-01-09,3887.22
2017-01-10,3943.41
2017-01-11,3920.78
2017-01-12,3914.54
2017-01-13,3868.77
2017-01-16,3856.89
2017-01-17,3861.76
2017-01-18,3871.93
2017-01-19,3815.13
2017-01-20,3854.29
2017-01-23,3839.23
2017-01-24,3822.49
2017-01-25,3812.08
2017-01-26,3821.73
2017-01-31,3793.45
2017-02-01,3821.69
2017-02-02,3790.65
2017-02-03,3769.72
2017-02-06,3763.7
2017-02-07,3729.55
2017-02-08,3745.82
2017-02-09,3756.03
2017-02-10,3755.78
2017-02-13,3775.08
2017-02-14,3770.54
2017-02-15,3749.02
2017-02-16,3736.21
2017-02-17,3730.43
2017-02-20,3755.08
2017-02-21,3758.31
2017-02-22,3753.11
2017-02-23,3736.98
2017-02-24,3727.05
2017-02-27,3703.34
2017-02-28,3705.12
2017-03-02,3705.78
2017-03-03,3737.52
2017-03-06,3773.78
2017-03-07,3782.93
2017-03-08,3767.02
2017-03-09,3751.35
2017-03-10,3780.82
2017-03-13,3791.16
2017-03-14,3754.95
2017-03-15,3753.03
2017-03-16,3760.83
2017-03-17,3707.21
2017-03-20,3710.72
2017-03-21,3687.49
2017-03-22,3667.54
2017-03-23,3690.4
2017-03-24,3677.32
2017-03-27,3685.21
2017-03-28,3659.95
2017-03-29,3654.13
2017-03-30,3659.06
2017-03-31,3662.95
2017-04-03,3673.45
2017-04-04,3655.4
2017-04-05,3672.14
2017-04-06,3685.85
2017-04-07,3708.8
2017-04-10,3720.0
2017-04-11,3733.77
2017-04-12,3753.64
2017-04-13,3754.14
2017-04-14,3714.8
2017-04-17,3737.45
2017-04-18,3729.9
2017-04-19,3732.04
2017-04-20,3740.73
2017-04-21,3747.21
2017-04-24,3731.45
2017-04-25,3717.81
2017-04-26,3713.86
2017-04-27,3696.12
2017-04-28,3712.55
2017-05-02,3723.63
2017-05-04,3715.13
2017-05-08,3719.73
2017-05-10,3721.33
2017-05-11,3728.23
2017-05-12,3714.76
2017-05-15,3697.46
2017-05-16,3692.86
2017-05-17,3673.5
2017-05-18,3678.34
2017-05-19,3705.58
2017-05-22,3713.16
2017-05-23,3681.21
2017-05-24,3692.87
2017-05-25,3710.8
2017-05-26,3684.3
2017-05-29,3689.24
2017-05-30,3691.22
2017-05-31,3703.74
2017-06-01,3696.82
2017-06-02,3692.21
2017-06-05,3690.21
2017-06-07,3689.26
2017-06-08,3701.14
2017-06-09,3711.03
2017-06-12,3699.82
2017-06-13,3714.33
2017-06-14,3718.99
2017-06-15,3709.34
2017-06-16,3701.7
2017-06-19,3735.33
2017-06-20,3730.05
2017-06-21,3748.52
2017-06-22,3765.66
2017-06-23,3756.34
2017-06-26,3754.03
2017-06-27,3737.9
2017-06-28,3741.85
2017-06-29,3763.89
2017-06-30,3756.96
2017-07-03,3771.47
2017-07-04,3774.77
2017-07-05,3789.94
2017-07-06,3789.82
2017-07-07,3803.67
2017-07-10,3811.38
2017-07-11,3791.8
2017-07-12,3792.58
2017-07-13,3780.23
2017-07-14,3750.04
2017-07-17,3750.41
2017-07-18,3726.51
2017-07-19,3721.09
2017-07-20,3700.97
2017-07-21,3716.22
2017-07-24,3718.12
2017-07-25,3693.13
2017-07-26,3693.13
2017-07-27,3704.7
2017-07-28,3683.17
2017-07-31,3705.02
2017-08-01,3717.36
2017-08-02,3700.76
2017-08-03,3721.55
2017-08-04,3736.13
2017-08-07,3728.84
2017-08-08,3733.4
2017-08-09,3727.23
2017-08-10,3757.66
2017-08-11,3779.1
2017-08-14,3796.32
2017-08-16,3769.5
2017-08-17,3772.89
2017-08-18,3762.5
2017-08-21,3781.46
2017-08-22,3770.45
2017-08-23,3761.51
2017-08-24,3745.94
2017-08-25,3734.02
2017-08-28,3740.31
2017-08-29,3711.16
2017-08-30,3739.42
2017-08-31,3724.66
2017-09-01,3734.62
2017-09-04,3724.33
2017-09-05,3753.52
2017-09-06,3752.86
2017-09-07,3760.82
2017-09-08,3747.22
2017-09-11,3737.93
2017-09-12,3746.89
2017-09-13,3747.89
2017-09-14,3741.5
2017-09-15,3758.09
2017-09-18,3761.41
2017-09-19,3742.7
2017-09-20,3749.67
2017-09-21,3746.68
2017-09-22,3758.96
2017-09-25,3770.57
2017-09-26,3751.99
2017-09-27,3769.7
2017-09-28,3780.86
2017-09-29,3805.08
2017-10-10,3792.96
2017-10-11,3767.75
2017-10-12,3754.71
2017-10-13,3751.36
2017-10-16,3741.89
2017-10-17,3731.67
2017-10-18,3744.37
2017-10-19,3740.45
2017-10-20,3746.73
2017-10-23,3745.53
2017-10-24,3745.53
2017-10-25,3733.62
2017-10-26,3733.62
2017-10-27,3721.71
2017-10-30,3733.07
2017-10-31,3716.92
2017-11-01,3704.61
2017-11-02,3692.02
2017-11-03,3678.75
2017-11-06,3675.31
2017-11-07,3689.13
2017-11-08,3671.56
2017-11-09,3681.2
2017-11-10,3681.57
2017-11-13,3690.17
2017-11-14,3704.3
2017-11-15,3698.38
2017-11-16,3685.19
2017-11-17,3654.75
2017-11-20,3627.67
2017-11-21,3641.39
2017-11-22,3630.32
2017-11-23,3612.74
2017-11-24,3603.67
2017-11-27,3598.67
2017-11-28,3605.5
2017-11-29,3606.03
2017-11-30,3588.5
2017-12-01,3594.59
2017-12-04,3605.64
2017-12-05,3607.23
2017-12-06,3593.37
2017-12-07,3617.96
2017-12-08,3620.61
2017-12-11,3618.73
2017-12-12,3615.42
2017-12-13,3608.29
2017-12-14,3614.25
2017-12-15,3599.89
2017-12-18,3605.76
2017-12-19,3606.41
2017-12-20,3597.37
2017-12-21,3586.95
2017-12-22,3578.62
2017-12-26,3574.34
2017-12-27,3566.2
2017-12-28,3560.85
2017-12-29,3547.92
2018-01-02,3545.33
2018-01-03,3531.66
2018-01-04,3536.01
2018-01-05,3535.64
2018-01-08,3523.3
2018-01-09,3533.59
2018-01-10,3539.89
2018-01-11,3552.19
2018-01-12,3550.19
2018-01-15,3540.74
2018-01-16,3529.67
2018-01-17,3539.82
2018-01-18,3545.81
2018-01-19,3556.84
2018-01-22,3551.16
2018-01-23,3556.36
2018-01-24,3560.33
2018-01-25,3568.67
2018-01-26,3544.43
2018-01-29,3554.07
2018-01-30,3551.58
2018-01-31,3575.12
2018-02-01,3573.93
2018-02-02,3574.15
2018-02-05,3592.95
2018-02-06,3635.45
2018-02-07,3651.93
2018-02-08,3610.52
2018-02-09,3622.02
2018-02-12,3639.3
2018-02-13,3607.49
2018-02-14,3610.66
2018-02-19,3606.88
2018-02-20,3564.04
2018-02-21,3574.22
2018-02-22,3585.29
2018-02-23,3609.55
2018-02-26,3595.6
2018-02-27,3580.55
2018-02-28,3569.76
2018-03-02,3601.05
2018-03-05,3607.34
2018-03-06,3602.51
2018-03-07,3587.66
2018-03-08,3565.54
2018-03-09,3558.25
2018-03-12,3565.78
2018-03-13,3544.24
2018-03-14,3553.5
2018-03-15,3552.19
2018-03-16,3553.97
2018-03-19,3566.52
2018-03-20,3571.74
2018-03-21,3569.29
2018-03-22,3573.72
2018-03-23,3567.21
2018-03-26,3606.87
2018-03-27,3609.53
2018-03-28,3579.37
2018-03-29,3572.41
2018-03-30,3562.72
2018-04-02,3555.7
2018-04-03,3534.66
2018-04-04,3527.06
2018-04-05,3526.16
2018-04-06,3530.49
2018-04-09,3552.15
2018-04-10,3557.15
2018-04-11,3559.59
2018-04-12,3556.44
2018-04-13,3564.12
2018-04-16,3569.05
2018-04-17,3578.79
2018-04-18,3563.11
2018-04-19,3556.78
2018-04-20,3546.77
2018-04-23,3559.45
2018-04-24,3564.78
2018-04-25,3591.46
2018-04-26,3586.82
2018-04-27,3590.02
2018-04-30,3575.77
2018-05-02,3545.92
2018-05-03,3566.71
2018-05-04,3571.67
2018-05-08,3572.8
2018-05-09,3575.17
2018-05-10,3585.45
2018-05-11,3564.73
2018-05-14,3543.1
2018-05-15,3537.06
2018-05-16,3554.01
2018-05-17,3572.45
2018-05-18,3573.72
2018-05-21,3576.75
2018-05-23,3589.34
2018-05-24,3572.78
2018-05-25,3575.76
2018-05-28,3568.9
2018-05-29,3550.7
2018-05-30,3558.18
2018-05-31,3575.73
2018-06-01,3559.88
2018-06-04,3558.79
2018-06-05,3543.09
2018-06-07,3539.03
2018-06-08,3535.51
2018-06-11,3553.52
2018-06-12,3555.22
2018-06-14,3557.93
2018-06-15,3583.25
2018-06-18,3612.71
2018-06-19,3649.1
2018-06-20,3652.37
2018-06-21,3659.79
2018-06-22,3664.3
2018-06-25,3666.03
2018-06-26,3690.2
2018-06-27,3686.98
2018-06-28,3695.17
2018-06-29,3708.71
2018-07-02,3693.83
2018-07-03,3694.49
2018-07-04,3703.67
2018-07-05,3685.36
2018-07-06,3695.85
2018-07-09,3694.6
2018-07-10,3676.05
2018-07-11,3681.37
2018-07-12,3703.9
2018-07-13,3727.03
2018-07-16,3709.06
2018-07-17,3725.08
2018-07-18,3716.6
2018-07-19,3725.74
2018-07-20,3732.72
2018-07-23,3744.6
2018-07-24,3723.93
2018-07-25,3745.92
2018-07-26,3726.66
2018-07-27,3694.81
2018-07-30,3696.49
2018-07-31,3686.57
2018-08-01,3691.14
2018-08-02,3697.72
2018-08-03,3707.64
2018-08-06,3723.96
2018-08-07,3711.72
2018-08-08,3716.04
2018-08-09,3692.53
2018-08-10,3690.29
2018-08-13,3714.71
2018-08-14,3739.12
2018-08-16,3731.99
2018-08-17,3727.38
2018-08-20,3710.69
2018-08-21,3697.71
2018-08-22,3687.02
2018-08-23,3692.93
2018-08-24,3697.91
2018-08-27,3702.68
2018-08-28,3678.89
2018-08-29,3667.6
2018-08-30,3663.64
2018-08-31,3663.03
2018-09-03,3677.9
2018-09-04,3678.56
2018-09-05,3678.44
2018-09-06,3689.67
2018-09-07,3701.55
2018-09-10,3707.82
2018-09-11,3724.33
2018-09-12,3719.43
2018-09-13,3720.83
2018-09-14,3701.55
2018-09-17,3696.17
2018-09-18,3717.32
2018-09-19,3718.02
2018-09-20,3708.72
2018-09-21,3701.17
2018-09-27,3687.7
2018-09-28,3674.82
2018-10-01,3666.57
2018-10-02,3668.88
2018-10-04,3674.91
2018-10-05,3726.34
2018-10-08,3734.27
2018-10-10,3725.76
2018-10-11,3737.38
2018-10-12,3773.12
2018-10-15,3742.73
2018-10-16,3739.36
2018-10-17,3721.87
2018-10-18,3712.87
2018-10-19,3734.5
2018-10-22,3739.0
2018-10-23,3727.42
2018-10-24,3743.57
2018-10-25,3730.48
2018-10-26,3749.38
2018-10-29,3757.54
2018-10-30,3748.48
2018-10-31,3754.69
2018-11-01,3750.08
2018-11-02,3748.77
2018-11-05,3705.35
2018-11-06,3697.35
2018-11-07,3696.69
2018-11-08,3689.72
2018-11-09,3681.98
2018-11-12,3704.18
2018-11-13,3720.38
2018-11-14,3731.31
2018-11-15,3720.11
2018-11-16,3713.82
2018-11-19,3717.11
2018-11-20,3709.16
2018-11-21,3710.59
2018-11-22,3720.16
2018-11-23,3712.96
2018-11-26,3721.2
2018-11-27,3712.01
2018-11-28,3713.92
2018-11-29,3709.83
2018-11-30,3688.31
2018-12-03,3685.2
2018-12-04,3660.48
2018-12-05,3650.18
2018-12-06,3661.95
2018-12-07,3675.16
2018-12-10,3679.5
2018-12-11,3697.24
2018-12-12,3712.2
2018-12-13,3706.04
2018-12-14,3694.94
2018-12-17,3711.42
2018-12-18,3719.31
2018-12-19,3714.7
2018-12-20,3700.38
2018-12-21,3713.73
2018-12-24,3694.37
2018-12-26,3704.36
2018-12-27,3703.24
2018-12-28,3690.79
2018-12-31,3685.23
2019-01-02,3685.6
2019-01-03,3686.99
2019-01-04,3716.83
2019-01-07,3711.69
2019-01-08,3687.94
2019-01-09,3699.54
2019-01-10,3700.67
2019-01-11,3696.15
2019-01-14,3692.1
2019-01-15,3701.48
2019-01-16,3697.92
2019-01-17,3700.53
2019-01-18,3699.04
2019-01-21,3695.78
2019-01-22,3713.41
2019-01-23,3725.73
2019-01-24,3718.65
2019-01-25,3718.72
2019-01-28,3709.53
2019-01-29,3684.92
2019-01-30,3687.18
2019-01-31,3683.97
2019-02-01,3669.86
2019-02-07,3677.31
2019-02-08,3700.02
2019-02-11,3704.5
2019-02-12,3700.72
2019-02-13,3699.71
2019-02-14,3691.87
2019-02-15,3702.73
2019-02-18,3713.82
2019-02-19,3700.89
2019-02-20,3712.91
2019-02-21,3697.14
2019-02-22,3703.07
2019-02-25,3707.35
2019-02-26,3691.21
2019-02-27,3682.98
2019-02-28,3681.33
2019-03-04,3687.64
2019-03-05,3706.02
2019-03-06,3701.46
2019-03-07,3709.99
2019-03-08,3711.76
2019-03-11,3728.79
2019-03-12,3732.28
2019-03-13,3712.83
2019-03-14,3722.41
2019-03-15,3727.83
2019-03-18,3739.02
2019-03-19,3733.21
2019-03-20,3725.83
2019-03-21,3723.32
2019-03-22,3711.47
2019-03-25,3723.92
2019-03-26,3740.24
2019-03-27,3729.66
2019-03-28,3736.5
2019-03-29,3742.52
2019-04-01,3736.19
2019-04-02,3721.82
2019-04-03,3728.95
2019-04-04,3728.32
2019-04-05,3728.57
2019-04-08,3730.67
2019-04-09,3749.06
2019-04-10,3753.78
2019-04-11,3747.17
2019-04-12,3740.6
2019-04-15,3744.87
2019-04-16,3729.08
2019-04-17,3735.0
2019-04-18,3735.94
2019-04-19,3736.64
2019-04-22,3739.23
2019-04-23,3752.01
2019-04-24,3751.03
2019-04-25,3769.1
2019-04-26,3806.25
2019-04-29,3809.41
2019-04-30,3804.49
2019-05-02,3824.77
2019-05-03,3827.11
2019-05-07,3844.94
2019-05-08,3844.49
2019-05-09,3846.08
2019-05-10,3864.08
2019-05-13,3872.91
2019-05-14,3890.88
2019-05-15,3901.14
2019-05-16,3909.93
2019-05-17,3910.86
2019-05-20,3920.0
2019-05-21,3919.63
2019-05-22,3920.04
2019-05-23,3923.54
2019-05-24,3912.37
2019-05-27,3907.37
2019-05-28,3889.31
2019-05-29,3902.47
2019-05-30,3920.29
2019-05-31,3908.17
2019-06-03,3913.4
2019-06-04,3887.23
2019-06-05,3882.3
2019-06-07,3883.22
2019-06-10,3880.57
2019-06-11,3896.66
2019-06-12,3889.09
2019-06-13,3889.09
2019-06-14,3898.96
2019-06-17,3896.66
2019-06-18,3904.23
2019-06-19,3899.95
2019-06-20,3873.62
2019-06-21,3843.65
2019-06-24,3826.14
2019-06-25,3811.39
2019-06-26,3808.13
2019-06-27,3812.38
2019-06-28,3807.77
2019-07-01,3806.45
2019-07-02,3803.16
2019-07-03,3834.1
2019-07-04,3852.53
2019-07-05,3848.58
2019-07-08,3852.53
2019-07-09,3872.82
2019-07-10,3877.42
2019-07-11,3882.35
2019-07-12,3857.38
2019-07-15,3868.88
2019-07-16,3874.49
2019-07-17,3870.91
2019-07-18,3876.9
2019-07-19,3872.93
2019-07-22,3852.9
2019-07-23,3866.69
2019-07-24,3869.32
2019-07-25,3868.66
2019-07-26,3873.91
2019-07-29,3888.74
2019-07-30,3885.73
2019-07-31,3881.14
2019-08-01,3881.44
2019-08-02,3903.12
2019-08-05,3924.45
2019-08-06,3984.22
2019-08-07,3992.44
2019-08-08,3993.1
2019-08-09,3982.57
2019-08-12,3977.05
2019-08-13,3996.71
2019-08-14,4007.56
2019-08-16,3983.89
2019-08-19,3989.15
2019-08-20,3980.6
2019-08-21,3978.96
2019-08-22,3958.57
2019-08-23,3962.19
2019-08-26,3985.93
2019-08-27,4013.44
2019-08-28,3996.64
2019-08-29,3994.4
2019-08-30,4000.0
2019-09-02,3981.57
2019-09-03,3989.14
2019-09-04,4000.0
2019-09-05,3979.93
2019-09-06,3946.7
2019-09-09,3937.82
2019-09-10,3923.01
2019-09-11,3921.37
2019-09-16,3919.72
2019-09-17,3895.38
2019-09-18,3907.85
2019-09-19,3916.38
2019-09-20,3931.9
2019-09-23,3921.96
2019-09-24,3928.55
2019-09-25,3931.51
2019-09-26,3945.67
2019-09-27,3948.3
2019-09-30,3955.55
2019-10-01,3948.63
2019-10-02,3933.04
2019-10-04,3963.45
2019-10-07,3941.39
2019-10-08,3935.21
2019-10-10,3929.29
2019-10-11,3933.89
2019-10-14,3911.53
2019-10-15,3893.11
2019-10-16,3894.43
2019-10-17,3903.96
2019-10-18,3909.98
2019-10-21,3891.67
2019-10-22,3877.29
2019-10-23,3861.55
2019-10-24,3867.85
2019-10-25,3857.18
2019-10-28,3865.68
2019-10-29,3850.28
2019-10-30,3840.71
2019-10-31,3846.33
2019-11-01,3829.06
2019-11-04,3848.13
2019-11-05,3823.14
2019-11-06,3821.78
2019-11-07,3813.59
2019-11-08,3821.66
2019-11-11,3804.59
2019-11-12,3822.83
2019-11-13,3829.19
2019-11-14,3843.32
2019-11-15,3852.66
2019-11-18,3840.05
2019-11-19,3834.38
2019-11-20,3849.14
2019-11-21,3854.08
2019-11-22,3874.78
2019-11-25,3877.28
2019-11-26,3869.21
2019-11-27,3863.28
2019-11-28,3867.78
2019-11-29,3878.38
2019-12-02,3880.52
2019-12-03,3881.75
2019-12-04,3904.29
2019-12-05,3933.11
2019-12-06,3919.26
2019-12-09,3926.14
2019-12-10,3915.78
2019-12-11,3926.09
2019-12-12,3930.37
2019-12-13,3916.57
2019-12-16,3863.43
2019-12-17,3865.73
2019-12-18,3844.91
2019-12-19,3838.53
2019-12-20,3835.26
2019-12-23,3828.75
2019-12-24,3828.75
2019-12-26,3834.52
2019-12-27,3826.66
2019-12-30,3826.68
2019-12-31,3819.11
2020-01-02,3819.23
2020-01-03,3815.38
2020-01-06,3836.41
2020-01-07,3857.39
2020-01-08,3843.08
2020-01-09,3870.7
2020-01-10,3821.95
2020-01-13,3822.17
2020-01-14,3808.28
2020-01-15,3800.47
2020-01-16,3819.88
