,NZD
2010-01-04,846.8
2010-01-05,848.54
2010-01-06,839.74
2010-01-07,839.42
2010-01-08,829.5
2010-01-11,837.33
2010-01-12,830.39
2010-01-13,831.06
2010-01-14,833.09
2010-01-15,832.93
2010-01-18,825.61
2010-01-19,833.34
2010-01-20,824.11
2010-01-21,817.63
2010-01-22,809.99
2010-01-25,819.79
2010-01-26,820.51
2010-01-27,813.9
2010-01-28,818.77
2010-01-29,813.31
2010-02-01,813.25
2010-02-02,828.79
2010-02-03,826.57
2010-02-04,804.01
2010-02-05,793.53
2010-02-08,806.94
2010-02-09,801.12
2010-02-10,811.84
2010-02-11,803.06
2010-02-12,807.31
2010-02-16,804.73
2010-02-17,814.41
2010-02-18,802.63
2010-02-19,799.0
2010-02-22,810.11
2010-02-23,806.12
2010-02-24,796.14
2010-02-25,801.52
2010-02-26,800.74
2010-03-02,811.79
2010-03-03,802.28
2010-03-04,796.2
2010-03-05,784.07
2010-03-08,799.44
2010-03-09,793.36
2010-03-10,797.89
2010-03-11,795.04
2010-03-12,791.25
2010-03-15,795.28
2010-03-16,795.32
2010-03-17,807.82
2010-03-18,806.01
2010-03-19,808.6
2010-03-22,800.17
2010-03-23,804.19
2010-03-24,799.91
2010-03-25,798.14
2010-03-26,802.72
2010-03-29,803.47
2010-03-30,807.72
2010-03-31,803.15
2010-04-01,800.85
2010-04-02,798.5
2010-04-05,794.37
2010-04-06,792.3
2010-04-07,793.3
2010-04-08,792.78
2010-04-09,794.55
2010-04-12,804.81
2010-04-13,793.57
2010-04-14,794.82
2010-04-15,798.45
2010-04-16,789.01
2010-04-19,787.92
2010-04-20,792.51
2010-04-21,793.56
2010-04-22,787.84
2010-04-23,787.18
2010-04-26,796.76
2010-04-27,798.41
2010-04-28,788.76
2010-04-29,803.37
2010-04-30,808.12
2010-05-03,807.82
2010-05-04,815.32
2010-05-06,808.87
2010-05-07,808.53
2010-05-10,831.14
2010-05-11,816.0
2010-05-12,810.17
2010-05-13,813.17
2010-05-14,805.78
2010-05-17,799.86
2010-05-18,802.98
2010-05-19,792.49
2010-05-20,795.65
2010-05-24,796.26
2010-05-25,812.28
2010-05-26,839.54
2010-05-27,836.19
2010-05-28,841.54
2010-05-31,812.78
2010-06-01,818.47
2010-06-03,822.17
2010-06-04,823.77
2010-06-07,802.45
2010-06-08,812.99
2010-06-09,822.74
2010-06-10,835.5
2010-06-11,863.62
2010-06-14,858.58
2010-06-15,851.5
2010-06-16,853.79
2010-06-17,845.04
2010-06-18,855.63
2010-06-21,859.57
2010-06-22,834.28
2010-06-23,835.15
2010-06-24,847.31
2010-06-25,839.18
2010-06-28,857.57
2010-06-29,846.28
2010-06-30,838.74
2010-07-01,842.13
2010-07-02,851.87
2010-07-05,839.64
2010-07-06,840.86
2010-07-07,849.95
2010-07-08,859.78
2010-07-09,858.14
2010-07-12,850.37
2010-07-13,851.96
2010-07-14,865.14
2010-07-15,864.98
2010-07-16,872.44
2010-07-19,850.86
2010-07-20,856.97
2010-07-21,868.44
2010-07-22,856.36
2010-07-23,875.49
2010-07-26,869.71
2010-07-27,875.5
2010-07-28,866.51
2010-07-29,857.01
2010-07-30,860.13
2010-08-02,861.67
2010-08-03,860.34
2010-08-04,857.3
2010-08-05,853.03
2010-08-06,852.55
2010-08-09,854.05
2010-08-10,845.33
2010-08-11,843.07
2010-08-12,837.77
2010-08-13,851.04
2010-08-16,838.4
2010-08-17,841.09
2010-08-18,838.88
2010-08-19,837.34
2010-08-20,828.82
2010-08-23,832.89
2010-08-24,833.88
2010-08-25,835.75
2010-08-26,838.57
2010-08-27,838.35
2010-08-30,852.48
2010-08-31,836.89
2010-09-01,837.52
2010-09-02,847.23
2010-09-03,843.47
2010-09-06,846.84
2010-09-07,847.01
2010-09-08,844.89
2010-09-09,849.1
2010-09-10,847.71
2010-09-13,850.42
2010-09-14,847.82
2010-09-15,850.44
2010-09-16,844.95
2010-09-17,842.85
2010-09-20,844.7
2010-09-24,846.71
2010-09-27,850.76
2010-09-28,842.87
2010-09-29,848.86
2010-09-30,840.74
2010-10-01,837.49
2010-10-04,843.99
2010-10-05,830.71
2010-10-06,845.99
2010-10-07,841.98
2010-10-08,838.39
2010-10-11,847.95
2010-10-12,838.0
2010-10-13,852.69
2010-10-14,848.47
2010-10-15,843.84
2010-10-18,841.15
2010-10-19,844.94
2010-10-20,836.18
2010-10-21,851.98
2010-10-22,840.37
2010-10-25,843.68
2010-10-26,839.46
2010-10-27,836.82
2010-10-28,840.78
2010-10-29,849.57
2010-11-01,861.25
2010-11-02,857.27
2010-11-03,860.15
2010-11-04,873.7
2010-11-05,879.18
2010-11-08,874.48
2010-11-09,876.12
2010-11-10,866.42
2010-11-11,869.27
2010-11-12,863.3
2010-11-15,867.95
2010-11-16,872.53
2010-11-17,866.77
2010-11-18,877.04
2010-11-19,886.86
2010-11-22,883.63
2010-11-23,870.11
2010-11-24,860.86
2010-11-25,875.06
2010-11-26,870.14
2010-11-29,863.68
2010-11-30,862.54
2010-12-01,857.1
2010-12-02,864.38
2010-12-03,868.3
2010-12-06,874.49
2010-12-07,863.18
2010-12-08,859.16
2010-12-09,852.1
2010-12-10,852.89
2010-12-13,852.66
2010-12-14,859.0
2010-12-15,857.76
2010-12-16,851.89
2010-12-17,857.43
2010-12-20,846.41
2010-12-21,862.61
2010-12-22,857.48
2010-12-23,857.03
2010-12-24,859.83
2010-12-27,860.54
2010-12-28,862.32
2010-12-29,865.73
2010-12-30,879.52
2010-12-31,877.69
2011-01-03,884.81
2011-01-04,872.12
2011-01-05,860.47
2011-01-06,852.41
2011-01-07,850.64
2011-01-10,853.3
2011-01-11,855.02
2011-01-12,854.9
2011-01-13,854.9
2011-01-14,859.4
2011-01-17,857.09
2011-01-18,860.55
2011-01-19,861.5
2011-01-20,851.51
2011-01-21,843.91
2011-01-24,851.04
2011-01-25,855.12
2011-01-26,858.54
2011-01-27,863.03
2011-01-28,859.24
2011-01-31,857.57
2011-02-01,867.51
2011-02-07,859.24
2011-02-08,853.16
2011-02-09,856.13
2011-02-10,852.24
2011-02-11,846.92
2011-02-14,847.7
2011-02-15,849.33
2011-02-16,844.34
2011-02-17,845.46
2011-02-18,846.64
2011-02-21,849.72
2011-02-22,852.26
2011-02-23,839.64
2011-02-24,839.06
2011-02-25,843.71
2011-02-28,847.17
2011-03-02,843.67
2011-03-03,838.29
2011-03-04,830.61
2011-03-07,822.75
2011-03-08,823.78
2011-03-09,826.76
2011-03-10,820.9
2011-03-11,821.52
2011-03-14,831.91
2011-03-15,835.04
2011-03-16,826.64
2011-03-17,816.18
2011-03-18,817.59
2011-03-21,824.67
2011-03-22,827.87
2011-03-23,829.61
2011-03-24,834.57
2011-03-25,843.73
2011-03-28,837.21
2011-03-29,836.54
2011-03-30,843.36
2011-03-31,843.46
2011-04-01,837.18
2011-04-04,841.2
2011-04-05,834.52
2011-04-06,836.34
2011-04-07,843.98
2011-04-08,846.14
2011-04-11,848.78
2011-04-12,848.16
2011-04-13,856.66
2011-04-14,860.4
2011-04-15,864.77
2011-04-18,865.64
2011-04-19,857.32
2011-04-20,862.98
2011-04-21,862.3
2011-04-22,865.59
2011-04-25,868.36
2011-04-26,865.09
2011-04-27,876.22
2011-04-28,866.84
2011-04-29,861.91
2011-05-02,863.15
2011-05-03,859.25
2011-05-04,854.88
2011-05-06,846.95
2011-05-09,856.77
2011-05-11,859.06
2011-05-12,849.49
2011-05-13,860.21
2011-05-16,855.44
2011-05-17,852.27
2011-05-18,857.4
2011-05-19,858.06
2011-05-20,858.32
2011-05-23,859.12
2011-05-24,861.79
2011-05-25,873.16
2011-05-26,874.63
2011-05-27,882.92
2011-05-30,885.24
2011-05-31,884.58
2011-06-01,888.28
2011-06-02,877.91
2011-06-03,880.96
2011-06-07,877.73
2011-06-08,887.17
2011-06-09,889.64
2011-06-10,893.99
2011-06-13,887.56
2011-06-14,886.96
2011-06-15,886.63
2011-06-16,872.93
2011-06-17,877.11
2011-06-20,881.28
2011-06-21,877.93
2011-06-22,877.8
2011-06-23,875.91
2011-06-24,877.51
2011-06-27,865.39
2011-06-28,875.07
2011-06-29,877.07
2011-06-30,892.13
2011-07-01,885.83
2011-07-04,883.51
2011-07-05,884.98
2011-07-06,880.82
2011-07-07,880.73
2011-07-08,885.28
2011-07-11,883.61
2011-07-12,875.37
2011-07-13,872.95
2011-07-14,902.02
2011-07-15,889.85
2011-07-18,896.7
2011-07-19,896.5
2011-07-20,907.32
2011-07-21,905.76
2011-07-22,909.88
2011-07-25,908.97
2011-07-26,909.77
2011-07-27,918.29
2011-07-28,915.88
2011-07-29,915.92
2011-08-01,929.1
2011-08-02,919.41
2011-08-03,906.75
2011-08-04,916.43
2011-08-05,877.02
2011-08-08,896.42
2011-08-09,877.96
2011-08-10,914.99
2011-08-11,875.5
2011-08-12,899.72
2011-08-16,898.99
2011-08-17,892.54
2011-08-18,897.53
2011-08-19,881.43
2011-08-22,887.27
2011-08-23,891.2
2011-08-24,900.91
2011-08-25,894.81
2011-08-26,899.61
2011-08-29,911.2
2011-08-30,912.88
2011-08-31,913.73
2011-09-01,912.62
2011-09-02,905.57
2011-09-05,895.75
2011-09-06,884.55
2011-09-07,884.77
2011-09-08,893.42
2011-09-09,896.43
2011-09-14,885.66
2011-09-15,901.23
2011-09-16,911.8
2011-09-19,914.08
2011-09-20,918.6
2011-09-21,944.99
2011-09-22,917.19
2011-09-23,922.45
2011-09-26,920.04
2011-09-28,928.54
2011-09-29,908.14
2011-09-30,906.33
2011-10-04,886.17
2011-10-05,911.8
2011-10-06,913.38
2011-10-07,912.61
2011-10-10,906.81
2011-10-11,919.57
2011-10-12,908.54
2011-10-13,932.64
2011-10-14,917.37
2011-10-17,933.35
2011-10-18,908.2
2011-10-19,910.8
2011-10-20,902.08
2011-10-21,904.36
2011-10-24,921.55
2011-10-25,915.34
2011-10-26,899.16
2011-10-27,903.3
2011-10-28,924.56
2011-10-31,904.36
2011-11-01,892.56
2011-11-02,882.21
2011-11-03,883.28
2011-11-04,898.41
2011-11-07,886.91
2011-11-08,887.99
2011-11-09,890.31
2011-11-10,870.02
2011-11-11,881.35
2011-11-14,891.02
2011-11-15,871.55
2011-11-16,868.64
2011-11-17,867.55
2011-11-18,863.89
2011-11-21,858.04
2011-11-22,852.02
2011-11-23,857.37
2011-11-24,849.95
2011-11-25,857.18
2011-11-28,870.85
2011-11-29,872.18
2011-11-30,878.48
2011-12-01,889.1
2011-12-02,878.03
2011-12-05,880.62
2011-12-06,881.63
2011-12-07,881.66
2011-12-08,879.64
2011-12-09,872.94
2011-12-12,884.03
2011-12-13,873.06
2011-12-14,875.1
2011-12-15,868.53
2011-12-16,877.26
2011-12-19,881.72
2011-12-20,883.91
2011-12-21,896.1
2011-12-22,885.62
2011-12-23,894.61
2011-12-26,889.69
2011-12-27,890.62
2011-12-28,893.49
2011-12-29,889.0
2011-12-30,889.66
2012-01-02,897.56
2012-01-03,901.87
2012-01-04,908.92
2012-01-05,903.12
2012-01-06,897.75
2012-01-09,903.44
2012-01-10,916.65
2012-01-11,918.08
2012-01-12,924.04
2012-01-13,920.09
2012-01-16,912.83
2012-01-17,915.64
2012-01-18,917.77
2012-01-19,918.14
2012-01-20,912.3
2012-01-25,921.04
2012-01-26,919.74
2012-01-27,921.84
2012-01-30,925.17
2012-01-31,921.6
2012-02-01,930.14
2012-02-02,937.78
2012-02-03,930.59
2012-02-06,933.33
2012-02-07,933.66
2012-02-08,937.24
2012-02-09,929.65
2012-02-10,931.82
2012-02-13,932.05
2012-02-14,935.4
2012-02-15,938.43
2012-02-16,935.43
2012-02-17,940.3
2012-02-20,945.85
2012-02-21,941.27
2012-02-22,937.67
2012-02-23,932.91
2012-02-24,944.16
2012-02-27,940.81
2012-02-28,947.97
2012-02-29,943.73
2012-03-02,939.88
2012-03-05,923.81
2012-03-06,918.21
2012-03-07,909.68
2012-03-08,918.58
2012-03-09,922.66
2012-03-12,914.64
2012-03-13,919.34
2012-03-14,921.87
2012-03-15,908.93
2012-03-16,925.18
2012-03-19,929.6
2012-03-20,927.09
2012-03-21,917.69
2012-03-22,915.22
2012-03-23,916.05
2012-03-26,927.28
2012-03-27,935.8
2012-03-28,932.06
2012-03-29,930.0
2012-03-30,929.81
2012-04-02,933.22
2012-04-03,930.8
2012-04-04,918.6
2012-04-05,919.44
2012-04-06,921.22
2012-04-09,925.31
2012-04-10,934.31
2012-04-12,932.62
2012-04-13,945.48
2012-04-16,933.7
2012-04-17,932.97
2012-04-18,936.29
2012-04-19,927.35
2012-04-20,929.17
2012-04-23,932.34
2012-04-24,926.32
2012-04-25,928.2
2012-04-26,928.5
2012-04-27,924.35
2012-04-30,933.67
2012-05-02,922.25
2012-05-03,910.03
2012-05-04,904.57
2012-05-07,896.15
2012-05-08,906.91
2012-05-09,893.11
2012-05-10,893.82
2012-05-11,895.49
2012-05-14,893.14
2012-05-15,892.54
2012-05-16,887.39
2012-05-17,888.5
2012-05-18,888.22
2012-05-21,885.1
2012-05-22,894.51
2012-05-23,878.16
2012-05-24,881.65
2012-05-25,887.2
2012-05-29,897.99
2012-05-30,897.15
2012-05-31,885.47
2012-06-01,889.63
2012-06-04,888.65
2012-06-05,894.62
2012-06-07,894.62
2012-06-08,899.39
2012-06-11,911.3
2012-06-12,896.02
2012-06-13,910.77
2012-06-14,905.51
2012-06-15,913.6
2012-06-18,922.12
2012-06-19,918.61
2012-06-20,922.16
2012-06-21,922.16
2012-06-22,905.99
2012-06-25,913.26
2012-06-26,913.67
2012-06-27,916.09
2012-06-28,916.89
2012-06-29,907.41
2012-07-02,922.21
2012-07-03,918.73
2012-07-04,918.07
2012-07-05,912.67
2012-07-06,912.95
2012-07-09,907.99
2012-07-10,909.81
2012-07-11,907.51
2012-07-12,909.04
2012-07-13,905.7
2012-07-16,918.24
2012-07-17,914.06
2012-07-18,912.06
2012-07-19,911.82
2012-07-20,914.75
2012-07-23,909.08
2012-07-24,903.76
2012-07-25,898.62
2012-07-26,910.13
2012-07-27,917.82
2012-07-30,922.98
2012-07-31,919.41
2012-08-01,916.53
2012-08-02,912.12
2012-08-03,914.95
2012-08-06,929.15
2012-08-07,923.84
2012-08-08,918.97
2012-08-09,916.61
2012-08-10,914.02
2012-08-13,915.74
2012-08-14,916.16
2012-08-16,911.23
2012-08-17,919.28
2012-08-20,914.12
2012-08-21,919.3
2012-08-22,917.33
2012-08-23,922.9
2012-08-24,918.61
2012-08-27,919.66
2012-08-28,918.13
2012-08-29,914.76
2012-08-30,908.56
2012-08-31,905.92
2012-09-03,908.65
2012-09-04,903.52
2012-09-05,897.97
2012-09-06,902.33
2012-09-07,908.59
2012-09-10,916.84
2012-09-11,913.6
2012-09-12,922.3
2012-09-13,924.27
2012-09-14,937.43
2012-09-17,929.04
2012-09-18,921.88
2012-09-19,924.84
2012-09-20,926.86
2012-09-21,927.32
2012-09-24,926.98
2012-09-25,920.76
2012-09-26,917.48
2012-09-27,924.07
2012-09-28,929.05
2012-10-02,921.93
2012-10-04,914.36
2012-10-05,914.8
2012-10-08,907.97
2012-10-09,910.49
2012-10-10,907.36
2012-10-11,910.27
2012-10-12,910.95
2012-10-15,905.77
2012-10-16,906.86
2012-10-17,903.45
2012-10-18,907.59
2012-10-19,905.33
2012-10-22,900.93
2012-10-23,903.53
2012-10-24,893.97
2012-10-25,905.92
2012-10-26,901.55
2012-10-29,900.12
2012-10-30,897.05
2012-10-31,900.12
2012-11-01,896.04
2012-11-02,902.94
2012-11-05,899.8
2012-11-06,901.85
2012-11-07,902.83
2012-11-08,890.66
2012-11-09,886.67
2012-11-12,887.86
2012-11-13,889.93
2012-11-14,890.45
2012-11-15,881.15
2012-11-16,880.01
2012-11-19,885.38
2012-11-20,889.52
2012-11-21,885.03
2012-11-22,883.24
2012-11-23,884.41
2012-11-26,895.55
2012-11-27,892.11
2012-11-28,889.34
2012-11-29,894.15
2012-11-30,891.62
2012-12-03,888.17
2012-12-04,889.72
2012-12-05,892.86
2012-12-06,897.83
2012-12-07,900.43
2012-12-10,902.13
2012-12-11,900.44
2012-12-12,904.29
2012-12-13,906.65
2012-12-14,903.9
2012-12-17,908.68
2012-12-18,905.96
2012-12-20,894.26
2012-12-21,895.0
2012-12-24,886.61
2012-12-26,883.32
2012-12-27,879.93
2012-12-28,880.95
2012-12-31,879.32
2013-01-02,885.53
2013-01-03,887.48
2013-01-04,880.08
2013-01-07,884.69
2013-01-08,890.49
2013-01-09,889.79
2013-01-10,891.58
2013-01-11,896.81
2013-01-14,883.92
2013-01-15,889.34
2013-01-16,885.85
2013-01-17,890.22
2013-01-18,885.18
2013-01-21,883.22
2013-01-22,885.84
2013-01-23,895.32
2013-01-24,896.69
2013-01-25,895.05
2013-01-29,902.1
2013-01-30,912.4
2013-01-31,905.68
2013-02-01,913.75
2013-02-04,924.7
2013-02-05,917.75
2013-02-06,918.02
2013-02-07,913.23
2013-02-08,908.04
2013-02-12,914.36
2013-02-13,920.44
2013-02-14,918.28
2013-02-15,924.98
2013-02-18,910.35
2013-02-19,914.42
2013-02-20,915.35
2013-02-21,901.15
2013-02-22,905.28
2013-02-25,908.34
2013-02-26,906.24
2013-02-27,897.98
2013-02-28,897.57
2013-03-04,891.0
2013-03-05,902.7
2013-03-06,903.57
2013-03-07,896.79
2013-03-08,900.19
2013-03-11,894.43
2013-03-12,908.13
2013-03-13,902.06
2013-03-14,897.21
2013-03-15,907.81
2013-03-18,913.39
2013-03-19,921.1
2013-03-20,915.47
2013-03-21,922.55
2013-03-22,928.34
2013-03-25,933.42
2013-03-26,929.22
2013-03-27,929.86
2013-03-28,928.62
2013-03-29,931.22
2013-04-01,930.55
2013-04-02,934.84
2013-04-03,936.48
2013-04-04,943.43
2013-04-05,946.24
2013-04-08,947.55
2013-04-09,963.23
2013-04-10,970.74
2013-04-11,977.06
2013-04-12,974.67
2013-04-15,969.86
2013-04-16,948.91
2013-04-17,952.67
2013-04-18,942.21
2013-04-19,944.05
2013-04-22,940.88
2013-04-23,945.09
2013-04-24,944.83
2013-04-25,948.07
2013-04-26,947.43
2013-04-29,942.54
2013-04-30,947.15
2013-05-02,937.75
2013-05-03,936.01
2013-05-06,938.98
2013-05-07,931.54
2013-05-08,925.09
2013-05-09,919.81
2013-05-10,913.95
2013-05-13,913.95
2013-05-14,919.1
2013-05-15,911.09
2013-05-16,917.38
2013-05-20,900.91
2013-05-21,914.27
2013-05-22,908.07
2013-05-23,895.2
2013-05-24,911.26
2013-05-27,912.66
2013-05-28,909.87
2013-05-29,907.32
2013-05-30,915.49
2013-05-31,913.3
2013-06-03,897.22
2013-06-04,913.08
2013-06-05,900.02
2013-06-07,894.52
2013-06-10,872.34
2013-06-11,886.63
2013-06-12,894.83
2013-06-13,899.42
2013-06-14,918.22
2013-06-17,909.22
2013-06-18,901.22
2013-06-19,902.85
2013-06-20,890.25
2013-06-21,889.35
2013-06-24,897.73
2013-06-25,898.2
2013-06-26,896.68
2013-06-27,897.46
2013-06-28,894.93
2013-07-01,885.37
2013-07-02,889.62
2013-07-03,878.22
2013-07-04,886.99
2013-07-05,891.24
2013-07-08,880.94
2013-07-09,898.38
2013-07-10,896.82
2013-07-11,903.47
2013-07-12,882.65
2013-07-15,874.5
2013-07-16,875.29
2013-07-17,881.88
2013-07-18,883.35
2013-07-19,887.23
2013-07-22,889.25
2013-07-23,892.28
2013-07-24,892.92
2013-07-25,888.33
2013-07-26,901.1
2013-07-29,899.7
2013-07-30,889.57
2013-07-31,889.93
2013-08-01,889.75
2013-08-02,885.91
2013-08-05,875.28
2013-08-06,875.24
2013-08-07,880.11
2013-08-08,889.09
2013-08-09,890.16
2013-08-12,894.33
2013-08-13,888.06
2013-08-14,891.41
2013-08-16,903.16
2013-08-19,905.1
2013-08-20,899.09
2013-08-21,893.2
2013-08-22,878.32
2013-08-23,882.29
2013-08-26,872.42
2013-08-27,873.09
2013-08-28,869.04
2013-08-29,872.66
2013-08-30,862.06
2013-09-02,861.44
2013-09-03,862.58
2013-09-04,855.35
2013-09-05,868.29
2013-09-06,863.06
2013-09-09,875.01
2013-09-10,872.14
2013-09-11,874.27
2013-09-12,883.7
2013-09-13,880.59
2013-09-16,889.89
2013-09-17,884.81
2013-09-23,907.72
2013-09-24,900.15
2013-09-25,885.56
2013-09-26,887.88
2013-09-27,890.89
2013-09-30,889.09
2013-10-01,891.13
2013-10-02,888.45
2013-10-04,892.13
2013-10-07,890.34
2013-10-08,887.82
2013-10-10,890.93
2013-10-11,890.3
2013-10-14,891.08
2013-10-15,895.69
2013-10-16,895.7
2013-10-17,898.71
2013-10-18,900.59
2013-10-21,902.72
2013-10-22,897.55
2013-10-23,903.98
2013-10-24,888.89
2013-10-25,881.28
2013-10-28,880.17
2013-10-29,880.38
2013-10-30,876.3
2013-10-31,874.81
2013-11-01,875.64
2013-11-04,877.5
2013-11-05,879.74
2013-11-06,888.1
2013-11-07,889.58
2013-11-08,882.34
2013-11-11,877.55
2013-11-12,882.15
2013-11-13,879.8
2013-11-14,887.82
2013-11-15,882.98
2013-11-18,890.27
2013-11-19,882.56
2013-11-20,883.23
2013-11-21,873.56
2013-11-22,874.1
2013-11-25,869.24
2013-11-26,872.34
2013-11-27,869.02
2013-11-28,863.1
2013-11-29,861.63
2013-12-02,863.8
2013-12-03,866.31
2013-12-04,874.19
2013-12-05,870.29
2013-12-06,871.52
2013-12-09,877.3
2013-12-10,871.81
2013-12-11,874.1
2013-12-12,869.76
2013-12-13,865.34
2013-12-16,870.44
2013-12-17,869.87
2013-12-18,870.27
2013-12-19,862.83
2013-12-20,866.21
2013-12-23,871.45
2013-12-24,869.54
2013-12-26,868.1
2013-12-27,863.99
2013-12-30,860.47
2013-12-31,865.82
2014-01-02,866.08
2014-01-03,860.28
2014-01-06,872.0
2014-01-07,881.15
2014-01-08,884.38
2014-01-09,880.68
2014-01-10,877.45
2014-01-13,881.17
2014-01-14,885.03
2014-01-15,885.93
2014-01-16,885.22
2014-01-17,888.34
2014-01-20,876.17
2014-01-21,885.59
2014-01-22,884.67
2014-01-23,887.84
2014-01-24,888.98
2014-01-27,887.29
2014-01-28,891.62
2014-01-29,892.23
2014-02-03,867.54
2014-02-04,874.42
2014-02-05,894.08
2014-02-06,887.89
2014-02-07,887.33
2014-02-10,890.02
2014-02-11,886.19
2014-02-12,890.67
2014-02-13,885.78
2014-02-14,887.66
2014-02-17,888.81
2014-02-18,887.16
2014-02-19,883.47
2014-02-20,882.33
2014-02-21,890.16
2014-02-24,888.1
2014-02-25,896.34
2014-02-26,891.17
2014-02-27,889.3
2014-02-28,893.29
2014-03-03,890.92
2014-03-04,897.07
2014-03-05,899.25
2014-03-06,900.75
2014-03-07,904.94
2014-03-10,900.39
2014-03-11,903.19
2014-03-12,900.77
2014-03-13,910.26
2014-03-14,911.61
2014-03-17,914.04
2014-03-18,916.16
2014-03-19,920.64
2014-03-20,913.63
2014-03-21,917.88
2014-03-24,922.47
2014-03-25,922.77
2014-03-26,924.29
2014-03-27,924.61
2014-03-28,929.69
2014-03-31,926.17
2014-04-01,925.27
2014-04-02,914.52
2014-04-03,906.27
2014-04-04,904.68
2014-04-07,908.03
2014-04-08,906.61
2014-04-09,913.05
2014-04-10,909.2
2014-04-11,899.09
2014-04-14,900.81
2014-04-15,902.54
2014-04-16,898.09
2014-04-17,898.12
2014-04-18,889.0
2014-04-21,891.58
2014-04-22,889.84
2014-04-23,895.1
2014-04-24,894.75
2014-04-25,889.56
2014-04-28,891.53
2014-04-29,885.89
2014-04-30,882.72
2014-05-02,890.63
2014-05-07,896.99
2014-05-08,887.45
2014-05-09,885.12
2014-05-12,882.24
2014-05-13,883.91
2014-05-14,882.3
2014-05-15,887.35
2014-05-16,888.18
2014-05-19,886.29
2014-05-20,882.95
2014-05-21,877.14
2014-05-22,880.14
2014-05-23,878.19
2014-05-26,875.26
2014-05-27,875.69
2014-05-28,877.0
2014-05-29,868.49
2014-05-30,867.95
2014-06-02,866.57
2014-06-03,864.28
2014-06-05,862.67
2014-06-09,869.47
2014-06-10,864.48
2014-06-11,866.92
2014-06-12,874.95
2014-06-13,882.99
2014-06-16,882.45
2014-06-17,884.62
2014-06-18,884.68
2014-06-19,891.84
2014-06-20,886.99
2014-06-23,887.36
2014-06-24,887.43
2014-06-25,882.96
2014-06-26,890.88
2014-06-27,893.33
2014-06-30,890.24
2014-07-01,886.7
2014-07-02,887.1
2014-07-03,884.99
2014-07-04,883.55
2014-07-07,881.17
2014-07-08,883.66
2014-07-09,888.74
2014-07-10,892.91
2014-07-11,892.09
2014-07-14,897.47
2014-07-15,897.3
2014-07-16,893.49
2014-07-17,899.89
2014-07-18,891.58
2014-07-21,898.01
2014-07-22,892.38
2014-07-23,888.64
2014-07-24,880.12
2014-07-25,881.61
2014-07-28,880.34
2014-07-29,876.24
2014-07-30,872.22
2014-07-31,869.22
2014-08-01,872.78
2014-08-04,879.68
2014-08-05,879.83
2014-08-06,869.89
2014-08-07,876.47
2014-08-08,875.31
2014-08-11,877.64
2014-08-12,871.17
2014-08-13,867.22
2014-08-14,871.52
2014-08-18,869.06
2014-08-19,861.23
2014-08-20,857.82
2014-08-21,854.75
2014-08-22,860.23
2014-08-25,851.49
2014-08-26,849.14
2014-08-27,848.81
2014-08-28,849.22
2014-08-29,849.14
2014-09-01,848.15
2014-09-02,850.49
2014-09-03,844.47
2014-09-04,848.34
2014-09-05,844.33
2014-09-11,840.12
2014-09-12,847.64
2014-09-15,845.35
2014-09-16,849.72
2014-09-17,848.35
2014-09-18,836.68
2014-09-19,848.87
2014-09-22,851.8
2014-09-23,844.58
2014-09-24,841.34
2014-09-25,838.81
2014-09-26,828.4
2014-09-29,819.72
2014-09-30,816.58
2014-10-01,823.88
2014-10-02,825.78
2014-10-06,819.59
2014-10-07,838.22
2014-10-08,835.6
2014-10-10,842.77
2014-10-13,837.2
2014-10-14,842.72
2014-10-15,833.15
2014-10-16,849.28
2014-10-17,841.08
2014-10-20,842.46
2014-10-21,845.67
2014-10-22,839.54
2014-10-23,829.53
2014-10-24,826.11
2014-10-27,832.19
2014-10-28,830.19
2014-10-29,832.13
2014-10-30,818.18
2014-10-31,825.97
2014-11-03,823.32
2014-11-04,832.29
2014-11-05,845.89
2014-11-06,832.27
2014-11-07,837.68
2014-11-10,848.54
2014-11-11,841.14
2014-11-12,851.97
2014-11-13,864.85
2014-11-14,863.79
2014-11-17,872.2
2014-11-18,868.17
2014-11-19,869.89
2014-11-20,864.75
2014-11-21,875.06
2014-11-24,875.72
2014-11-25,874.8
2014-11-26,868.87
2014-11-27,871.65
2014-11-28,865.52
2014-12-01,863.34
2014-12-02,877.89
2014-12-03,862.47
2014-12-04,863.94
2014-12-05,868.04
2014-12-08,854.99
2014-12-09,856.39
2014-12-10,853.74
2014-12-11,861.23
2014-12-12,857.34
2014-12-15,858.83
2014-12-16,854.22
2014-12-17,849.72
2014-12-18,837.02
2014-12-19,857.46
2014-12-22,852.52
2014-12-23,847.39
2014-12-24,848.32
2014-12-26,854.07
2014-12-29,852.28
2014-12-30,854.67
2014-12-31,860.51
2015-01-02,856.88
2015-01-05,845.53
2015-01-06,852.76
2015-01-07,855.41
2015-01-08,855.24
2015-01-09,857.65
2015-01-12,857.98
2015-01-13,841.76
2015-01-14,837.03
2015-01-15,833.79
2015-01-16,847.71
2015-01-19,838.68
2015-01-20,839.27
2015-01-21,827.99
2015-01-22,822.65
2015-01-23,814.68
2015-01-26,804.51
2015-01-27,802.35
2015-01-28,807.14
2015-01-29,794.31
2015-01-30,793.88
2015-02-02,795.62
2015-02-03,804.04
2015-02-04,807.42
2015-02-05,802.36
2015-02-06,806.88
2015-02-09,800.28
2015-02-10,811.94
2015-02-11,807.52
2015-02-12,808.69
2015-02-13,822.15
2015-02-16,821.38
2015-02-17,823.09
2015-02-23,828.95
2015-02-24,835.51
2015-02-25,830.01
2015-02-26,834.76
2015-02-27,827.86
2015-03-02,830.4
2015-03-03,827.54
2015-03-04,830.45
2015-03-05,831.97
2015-03-06,823.26
2015-03-09,809.84
2015-03-10,815.35
2015-03-11,815.05
2015-03-12,822.7
2015-03-13,836.3
2015-03-16,824.84
2015-03-17,836.36
2015-03-18,826.33
2015-03-19,843.37
2015-03-20,826.09
2015-03-23,848.73
2015-03-24,856.29
2015-03-25,845.38
2015-03-26,837.78
2015-03-27,838.36
2015-03-30,834.96
2015-03-31,828.14
2015-04-01,827.45
2015-04-02,821.01
2015-04-03,824.71
2015-04-06,832.77
2015-04-07,819.12
2015-04-08,817.66
2015-04-09,826.23
2015-04-10,826.93
2015-04-13,823.91
2015-04-14,817.62
2015-04-15,823.92
2015-04-16,831.86
2015-04-17,834.17
2015-04-20,834.93
2015-04-21,829.19
2015-04-22,830.77
2015-04-23,827.09
2015-04-24,821.72
2015-04-27,819.93
2015-04-28,820.76
2015-04-29,828.13
2015-04-30,813.04
2015-05-04,805.49
2015-05-06,808.7
2015-05-07,809.72
2015-05-08,808.81
2015-05-11,809.85
2015-05-12,800.04
2015-05-13,810.37
2015-05-14,824.68
2015-05-15,819.76
2015-05-18,811.62
2015-05-19,800.5
2015-05-20,801.7
2015-05-21,799.61
2015-05-22,803.95
2015-05-26,797.87
2015-05-27,796.07
2015-05-28,803.18
2015-05-29,795.93
2015-06-01,786.06
2015-06-02,789.07
2015-06-03,799.32
2015-06-04,790.46
2015-06-05,790.58
2015-06-08,783.92
2015-06-09,800.69
2015-06-10,799.29
2015-06-11,788.31
2015-06-12,779.61
2015-06-15,776.94
2015-06-16,781.9
2015-06-17,780.83
2015-06-18,772.93
2015-06-19,769.38
2015-06-22,762.31
2015-06-23,755.36
2015-06-24,757.69
2015-06-25,763.58
2015-06-26,765.18
2015-06-29,760.78
2015-06-30,768.88
2015-07-01,758.49
2015-07-02,750.51
2015-07-03,755.58
2015-07-06,749.79
2015-07-07,751.41
2015-07-08,752.37
2015-07-09,762.79
2015-07-10,767.5
2015-07-13,758.74
2015-07-14,756.18
2015-07-15,764.37
2015-07-16,752.13
2015-07-17,748.53
2015-07-20,748.08
2015-07-21,756.91
2015-07-22,767.27
2015-07-23,763.48
2015-07-24,769.44
2015-07-27,766.19
2015-07-28,772.41
2015-07-29,782.35
2015-07-30,770.58
2015-07-31,770.57
2015-08-03,770.52
2015-08-04,765.07
2015-08-05,764.14
2015-08-06,764.56
2015-08-07,766.48
2015-08-10,769.95
2015-08-11,770.61
2015-08-12,766.61
2015-08-13,787.2
2015-08-17,768.04
2015-08-18,777.3
2015-08-19,780.07
2015-08-20,781.69
2015-08-21,784.42
2015-08-24,790.83
2015-08-25,772.3
2015-08-26,772.73
2015-08-27,766.6
2015-08-28,767.31
2015-08-31,758.48
2015-09-01,752.86
2015-09-02,743.21
2015-09-03,750.09
2015-09-04,758.76
2015-09-07,749.14
2015-09-08,753.29
2015-09-09,764.93
2015-09-10,748.64
2015-09-11,755.15
2015-09-14,747.69
2015-09-15,748.64
2015-09-16,750.35
2015-09-17,747.62
2015-09-18,745.45
2015-09-21,746.63
2015-09-22,741.57
2015-09-23,739.99
2015-09-24,745.33
2015-09-25,755.06
2015-09-30,758.87
2015-10-01,760.55
2015-10-02,755.15
2015-10-05,760.24
2015-10-06,760.63
2015-10-07,762.01
2015-10-08,770.02
2015-10-12,774.94
2015-10-13,770.42
2015-10-14,762.63
2015-10-15,781.72
2015-10-16,774.77
2015-10-19,768.44
2015-10-20,764.87
2015-10-21,763.16
2015-10-22,759.89
2015-10-23,772.78
2015-10-26,761.0
2015-10-27,768.92
2015-10-28,765.99
2015-10-29,757.23
2015-10-30,764.83
2015-11-02,769.81
2015-11-03,769.4
2015-11-04,754.56
2015-11-05,744.96
2015-11-06,751.57
2015-11-09,742.99
2015-11-10,753.8
2015-11-11,756.88
2015-11-12,758.36
2015-11-13,755.62
2015-11-16,758.91
2015-11-17,760.5
2015-11-18,757.12
2015-11-19,760.48
2015-11-20,763.83
2015-11-23,758.81
2015-11-24,754.37
2015-11-25,757.73
2015-11-26,753.13
2015-11-27,752.27
2015-11-30,750.92
2015-12-01,762.52
2015-12-02,772.16
2015-12-03,769.78
2015-12-04,779.47
2015-12-07,778.47
2015-12-08,774.2
2015-12-09,781.92
2015-12-10,792.46
2015-12-11,793.58
2015-12-14,790.87
2015-12-15,802.28
2015-12-16,801.53
2015-12-17,796.23
2015-12-18,788.98
2015-12-21,797.33
2015-12-22,797.29
2015-12-23,800.45
2015-12-24,796.05
2015-12-28,800.85
2015-12-29,798.08
2015-12-30,801.63
2015-12-31,801.36
2016-01-04,800.65
2016-01-05,798.99
2016-01-06,796.41
2016-01-07,792.03
2016-01-08,795.52
2016-01-11,779.5
2016-01-12,792.78
2016-01-13,789.88
2016-01-14,784.22
2016-01-15,786.01
2016-01-18,779.94
2016-01-19,782.73
2016-01-20,774.15
2016-01-21,780.76
2016-01-22,789.94
2016-01-25,779.49
2016-01-26,771.1
2016-01-27,780.07
2016-01-28,772.24
2016-01-29,782.2
2016-02-01,780.29
2016-02-02,788.1
2016-02-03,784.9
2016-02-04,809.59
2016-02-05,808.94
2016-02-11,798.69
2016-02-12,804.26
2016-02-15,800.27
2016-02-16,804.22
2016-02-17,800.64
2016-02-18,812.29
2016-02-19,813.86
2016-02-22,818.08
2016-02-23,827.05
2016-02-24,815.8
2016-02-25,822.38
2016-02-26,832.58
2016-02-29,814.38
2016-03-02,823.46
2016-03-03,821.78
2016-03-04,819.47
2016-03-07,821.42
2016-03-08,814.49
2016-03-09,811.82
2016-03-10,806.43
2016-03-11,806.63
2016-03-14,808.27
2016-03-15,791.99
2016-03-16,786.36
2016-03-17,803.16
2016-03-18,802.18
2016-03-21,787.94
2016-03-22,789.08
2016-03-23,782.6
2016-03-24,777.79
2016-03-25,782.02
2016-03-28,781.51
2016-03-29,787.61
2016-03-30,797.35
2016-03-31,797.13
2016-04-01,791.77
2016-04-04,791.71
2016-04-05,781.65
2016-04-06,785.69
2016-04-07,789.36
2016-04-08,782.98
2016-04-11,788.39
2016-04-12,788.12
2016-04-14,791.22
2016-04-15,790.43
2016-04-18,796.05
2016-04-19,801.05
2016-04-20,803.08
2016-04-21,789.44
2016-04-22,784.78
2016-04-25,783.37
2016-04-26,788.98
2016-04-27,793.52
2016-04-28,793.31
2016-04-29,795.87
2016-05-02,795.08
2016-05-03,802.61
2016-05-04,788.12
2016-05-09,789.28
2016-05-10,789.08
2016-05-11,797.15
2016-05-12,796.18
2016-05-13,794.85
2016-05-16,790.75
2016-05-17,800.15
2016-05-18,797.73
2016-05-19,797.46
2016-05-20,804.09
2016-05-23,804.96
2016-05-24,799.54
2016-05-25,803.85
2016-05-26,796.38
2016-05-27,797.29
2016-05-30,790.25
2016-05-31,797.64
2016-06-01,808.17
2016-06-02,813.5
2016-06-03,809.46
2016-06-07,819.4
2016-06-08,810.87
2016-06-09,818.92
2016-06-10,823.05
2016-06-13,820.68
2016-06-14,826.12
2016-06-15,819.34
2016-06-16,831.76
2016-06-17,825.74
2016-06-20,828.75
2016-06-21,826.69
2016-06-22,825.68
2016-06-23,829.1
2016-06-24,831.4
2016-06-27,831.1
2016-06-28,830.08
2016-06-29,831.6
2016-06-30,829.03
2016-07-01,822.61
2016-07-04,823.1
2016-07-05,829.27
2016-07-06,822.2
2016-07-07,830.63
2016-07-08,835.41
2016-07-11,846.39
2016-07-12,829.46
2016-07-13,838.13
2016-07-14,833.73
2016-07-15,820.61
2016-07-18,802.63
2016-07-19,802.4
2016-07-20,803.08
2016-07-21,793.88
2016-07-22,798.77
2016-07-25,794.33
2016-07-26,796.06
2016-07-27,804.68
2016-07-28,802.15
2016-07-29,797.67
2016-08-01,808.02
2016-08-02,796.36
2016-08-03,800.63
2016-08-04,797.18
2016-08-05,799.15
2016-08-08,790.86
2016-08-09,794.86
2016-08-10,793.64
2016-08-11,797.96
2016-08-12,792.42
2016-08-16,795.21
2016-08-17,798.69
2016-08-18,800.6
2016-08-19,805.79
2016-08-22,809.91
2016-08-23,818.88
2016-08-24,813.02
2016-08-25,820.62
2016-08-26,817.43
2016-08-29,805.57
2016-08-30,816.28
2016-08-31,807.95
2016-09-01,809.5
2016-09-02,815.41
2016-09-05,815.12
2016-09-06,809.82
2016-09-07,818.69
2016-09-08,814.98
2016-09-09,809.41
2016-09-12,805.16
2016-09-13,817.01
2016-09-19,809.14
2016-09-20,817.66
2016-09-21,819.14
2016-09-22,820.29
2016-09-23,806.75
2016-09-26,798.34
2016-09-27,805.1
2016-09-28,805.39
2016-09-29,797.78
2016-09-30,795.04
2016-10-04,803.47
2016-10-05,795.45
2016-10-06,797.76
2016-10-07,795.47
2016-10-10,800.24
2016-10-11,793.03
2016-10-12,790.31
2016-10-13,791.65
2016-10-14,802.09
2016-10-17,802.43
2016-10-18,816.63
2016-10-19,815.54
2016-10-20,812.68
2016-10-21,808.27
2016-10-24,811.45
2016-10-25,807.54
2016-10-26,814.76
2016-10-27,809.61
2016-10-28,812.16
2016-10-31,819.73
2016-11-01,818.62
2016-11-02,823.01
2016-11-03,836.94
2016-11-04,836.06
2016-11-07,837.31
2016-11-08,838.73
2016-11-09,838.22
2016-11-10,834.49
2016-11-11,830.73
2016-11-14,829.05
2016-11-15,833.42
2016-11-16,829.5
2016-11-17,827.08
2016-11-18,825.72
2016-11-21,827.73
2016-11-22,836.69
2016-11-23,830.37
2016-11-24,822.66
2016-11-25,828.09
2016-11-28,830.42
2016-11-29,828.34
2016-11-30,833.61
2016-12-01,827.29
2016-12-02,831.31
2016-12-05,832.69
2016-12-06,838.56
2016-12-07,832.68
2016-12-08,839.45
2016-12-09,831.54
2016-12-12,830.45
2016-12-13,841.72
2016-12-14,839.39
2016-12-15,829.96
2016-12-16,830.97
2016-12-19,824.24
2016-12-20,821.94
2016-12-21,825.38
2016-12-22,824.36
2016-12-23,826.86
2016-12-26,827.47
2016-12-27,826.39
2016-12-28,831.11
2016-12-29,836.26
2016-12-30,841.0
2017-01-02,838.7
2017-01-03,836.46
2017-01-04,834.93
2017-01-05,840.41
2017-01-06,836.98
2017-01-09,827.49
2017-01-10,845.96
2017-01-11,837.77
2017-01-12,844.9
2017-01-13,840.38
2017-01-16,839.94
2017-01-17,838.33
2017-01-18,852.02
2017-01-19,831.48
2017-01-20,845.45
2017-01-23,841.56
2017-01-24,846.21
2017-01-25,843.84
2017-01-26,851.21
2017-01-31,843.92
2017-02-01,851.11
2017-02-02,838.73
2017-02-03,837.77
2017-02-06,838.37
2017-02-07,832.46
2017-02-08,833.28
2017-02-09,830.19
2017-02-10,823.36
2017-02-13,828.66
2017-02-14,827.24
2017-02-15,821.18
2017-02-16,824.18
2017-02-17,821.77
2017-02-20,822.9
2017-02-21,824.61
2017-02-22,821.17
2017-02-23,819.57
2017-02-24,823.86
2017-02-27,813.92
2017-02-28,813.81
2017-03-02,807.33
2017-03-03,806.31
2017-03-06,810.52
2017-03-07,808.52
2017-03-08,801.18
2017-03-09,792.3
2017-03-10,797.25
2017-03-13,802.29
2017-03-14,793.58
2017-03-15,794.51
2017-03-16,804.01
2017-03-17,789.81
2017-03-20,794.24
2017-03-21,792.77
2017-03-22,787.0
2017-03-23,791.77
2017-03-24,786.97
2017-03-27,790.21
2017-03-28,785.29
2017-03-29,779.31
2017-03-30,783.36
2017-03-31,781.27
2017-04-03,783.96
2017-04-04,781.44
2017-04-05,780.38
2017-04-06,784.66
2017-04-07,788.36
2017-04-10,787.24
2017-04-11,795.12
2017-04-12,797.02
2017-04-13,799.35
2017-04-14,792.33
2017-04-17,798.18
2017-04-18,796.91
2017-04-19,801.54
2017-04-20,801.74
2017-04-21,798.07
2017-04-24,799.83
2017-04-25,793.72
2017-04-26,785.64
2017-04-27,776.09
2017-04-28,777.4
2017-05-02,783.63
2017-05-04,779.05
2017-05-08,781.49
2017-05-10,780.79
2017-05-11,774.24
2017-05-12,773.65
2017-05-15,774.0
2017-05-16,775.18
2017-05-17,770.26
2017-05-18,776.28
2017-05-19,775.83
2017-05-22,782.09
2017-05-23,782.14
2017-05-24,786.38
2017-05-25,793.63
2017-05-26,784.39
2017-05-29,789.98
2017-05-30,789.67
2017-05-31,796.51
2017-06-01,793.84
2017-06-02,791.9
2017-06-05,800.38
2017-06-07,803.4
2017-06-08,807.34
2017-06-09,809.66
2017-06-12,808.39
2017-06-13,810.95
2017-06-14,814.05
2017-06-15,816.0
2017-06-16,808.87
2017-06-19,822.16
2017-06-20,817.21
2017-06-21,823.59
2017-06-22,826.9
2017-06-23,828.91
2017-06-26,830.33
2017-06-27,826.43
2017-06-28,826.84
2017-06-29,834.47
2017-06-30,832.42
2017-07-03,839.58
2017-07-04,834.59
2017-07-05,837.67
2017-07-06,837.15
2017-07-07,839.23
2017-07-10,840.67
2017-07-11,834.37
2017-07-12,831.23
2017-07-13,830.22
2017-07-14,832.82
2017-07-17,835.76
2017-07-18,820.43
2017-07-19,827.32
2017-07-20,825.98
2017-07-21,833.04
2017-07-24,835.63
2017-07-25,830.49
2017-07-26,828.37
2017-07-27,842.63
2017-07-28,833.71
2017-07-31,840.89
2017-08-01,842.1
2017-08-02,830.56
2017-08-03,832.97
2017-08-04,839.39
2017-08-07,834.54
2017-08-08,829.3
2017-08-09,825.03
2017-08-10,834.23
2017-08-11,829.35
2017-08-14,838.81
2017-08-16,823.54
2017-08-17,833.05
2017-08-18,827.62
2017-08-21,834.35
2017-08-22,833.69
2017-08-23,826.94
2017-08-24,818.04
2017-08-25,811.94
2017-08-28,818.84
2017-08-29,811.06
2017-08-30,817.62
2017-08-31,808.87
2017-09-01,808.1
2017-09-04,804.64
2017-09-05,810.83
2017-09-06,820.53
2017-09-07,816.38
2017-09-08,817.72
2017-09-11,817.16
2017-09-12,820.47
2017-09-13,823.62
2017-09-14,817.78
2017-09-15,818.17
2017-09-18,826.89
2017-09-19,819.19
2017-09-20,827.33
2017-09-21,829.89
2017-09-22,827.11
2017-09-25,830.41
2017-09-26,821.23
2017-09-27,819.27
2017-09-28,821.11
2017-09-29,829.29
2017-10-10,809.09
2017-10-11,804.88
2017-10-12,805.31
2017-10-13,808.61
2017-10-16,811.41
2017-10-17,810.08
2017-10-18,811.84
2017-10-19,809.2
2017-10-20,795.67
2017-10-23,786.33
2017-10-24,790.07
2017-10-25,779.15
2017-10-26,776.72
2017-10-27,768.62
2017-10-30,775.63
2017-10-31,773.55
2017-11-01,773.07
2017-11-02,769.53
2017-11-03,769.18
2017-11-06,768.65
2017-11-07,775.49
2017-11-08,768.34
2017-11-09,776.22
2017-11-10,773.1
2017-11-13,773.55
2017-11-14,773.17
2017-11-15,768.75
2017-11-16,766.26
2017-11-17,756.36
2017-11-20,746.22
2017-11-21,748.24
2017-11-22,749.89
2017-11-23,751.25
2017-11-24,749.23
2017-11-27,745.94
2017-11-28,752.62
2017-11-29,750.27
2017-11-30,744.75
2017-12-01,740.69
2017-12-04,746.19
2017-12-05,746.79
2017-12-06,745.13
2017-12-07,751.06
2017-12-08,746.26
2017-12-11,747.83
2017-12-12,754.68
2017-12-13,755.82
2017-12-14,766.4
2017-12-15,758.52
2017-12-18,762.24
2017-12-19,761.66
2017-12-20,758.31
2017-12-21,758.68
2017-12-22,758.37
2017-12-26,758.25
2017-12-27,757.42
2017-12-28,759.63
2017-12-29,759.68
2018-01-02,760.37
2018-01-03,755.65
2018-01-04,755.79
2018-01-05,762.37
2018-01-08,761.42
2018-01-09,764.07
2018-01-10,763.19
2018-01-11,771.23
2018-01-12,778.17
2018-01-15,771.59
2018-01-16,774.22
2018-01-17,773.21
2018-01-18,774.2
2018-01-19,781.2
2018-01-22,777.15
2018-01-23,782.92
2018-01-24,786.34
2018-01-25,784.8
2018-01-26,774.83
2018-01-29,782.95
2018-01-30,779.54
2018-01-31,785.57
2018-02-01,789.27
2018-02-02,792.56
2018-02-05,784.32
2018-02-06,793.21
2018-02-07,802.83
2018-02-08,783.17
2018-02-09,784.9
2018-02-12,792.15
2018-02-13,786.93
2018-02-14,787.52
2018-02-19,797.99
2018-02-20,787.6
2018-02-21,786.08
2018-02-22,785.94
2018-02-23,795.01
2018-02-26,786.17
2018-02-27,783.16
2018-02-28,774.87
2018-03-02,785.41
2018-03-05,782.7
2018-03-06,781.04
2018-03-07,783.64
2018-03-08,777.91
2018-03-09,775.82
2018-03-12,780.78
2018-03-13,776.51
2018-03-14,780.81
2018-03-15,779.53
2018-03-16,775.16
2018-03-19,772.14
2018-03-20,775.76
2018-03-21,768.76
2018-03-22,774.09
2018-03-23,772.18
2018-03-26,782.99
2018-03-27,789.06
2018-03-28,779.27
2018-03-29,770.61
2018-03-30,771.29
2018-04-02,770.25
2018-04-03,763.1
2018-04-04,768.07
2018-04-05,773.9
2018-04-06,770.2
2018-04-09,775.41
2018-04-10,779.86
2018-04-11,786.89
2018-04-12,785.03
2018-04-13,788.49
2018-04-16,786.29
2018-04-17,790.45
2018-04-18,784.42
2018-04-19,781.85
2018-04-20,772.85
2018-04-23,769.47
2018-04-24,764.58
2018-04-25,766.11
2018-04-26,762.59
2018-04-27,762.48
2018-04-30,761.84
2018-05-02,746.82
2018-05-03,752.0
2018-05-04,758.13
2018-05-08,755.57
2018-05-09,750.75
2018-05-10,750.96
2018-05-11,750.08
2018-05-14,743.85
2018-05-15,737.34
2018-05-16,736.29
2018-05-17,745.27
2018-05-18,742.72
2018-05-21,746.28
2018-05-23,752.37
2018-05-24,747.39
2018-05-25,748.39
2018-05-28,746.57
2018-05-29,744.8
2018-05-30,742.4
2018-05-31,755.18
2018-06-01,754.13
2018-06-04,751.37
2018-06-05,752.68
2018-06-07,752.68
2018-06-08,750.36
2018-06-11,754.03
2018-06-12,753.81
2018-06-14,755.58
2018-06-15,754.61
2018-06-18,757.0
2018-06-19,765.79
2018-06-20,762.68
2018-06-21,760.53
2018-06-22,761.94
2018-06-25,767.47
2018-06-26,769.1
2018-06-27,764.58
2018-06-28,760.28
2018-06-29,757.71
2018-07-02,757.35
2018-07-03,749.83
2018-07-04,757.36
2018-07-05,753.89
2018-07-06,760.18
2018-07-09,763.68
2018-07-10,760.81
2018-07-11,759.95
2018-07-12,757.1
2018-07-13,763.18
2018-07-16,759.81
2018-07-17,764.92
2018-07-18,761.99
2018-07-19,766.86
2018-07-20,762.88
2018-07-23,773.71
2018-07-24,765.41
2018-07-25,772.39
2018-07-26,771.15
2018-07-27,759.31
2018-07-30,761.38
2018-07-31,762.26
2018-08-01,760.84
2018-08-02,760.68
2018-08-03,756.41
2018-08-06,760.85
2018-08-07,756.12
2018-08-08,758.38
2018-08-09,750.83
2018-08-10,737.98
2018-08-13,742.34
2018-08-14,745.75
2018-08-16,742.66
2018-08-17,744.79
2018-08-20,745.94
2018-08-21,745.48
2018-08-22,749.98
2018-08-23,749.53
2018-08-24,743.43
2018-08-27,750.93
2018-08-28,746.36
2018-08-29,745.03
2018-08-30,744.0
2018-08-31,737.63
2018-09-03,736.06
2018-09-04,735.13
2018-09-05,729.8
2018-09-06,736.67
2018-09-07,739.04
2018-09-10,733.44
2018-09-11,735.92
2018-09-12,735.01
2018-09-13,739.62
2018-09-14,737.41
2018-09-17,732.68
2018-09-18,740.25
2018-09-19,742.12
2018-09-20,745.56
2018-09-21,749.44
2018-09-27,743.43
2018-09-28,735.72
2018-10-01,735.73
2018-10-02,733.19
2018-10-04,726.72
2018-10-05,730.91
2018-10-08,727.83
2018-10-10,733.62
2018-10-11,731.82
2018-10-12,745.94
2018-10-15,736.59
2018-10-16,745.21
2018-10-17,742.68
2018-10-18,735.64
2018-10-19,740.15
2018-10-22,748.18
2018-10-23,741.53
2018-10-24,743.84
2018-10-25,737.74
2018-10-26,743.21
2018-10-29,744.13
2018-10-30,742.88
2018-10-31,748.23
2018-11-01,743.38
2018-11-02,756.85
2018-11-05,748.34
2018-11-06,748.11
2018-11-07,756.12
2018-11-08,760.64
2018-11-09,755.48
2018-11-12,757.37
2018-11-13,760.02
2018-11-14,769.55
2018-11-15,769.01
2018-11-16,771.99
2018-11-19,775.53
2018-11-20,771.25
2018-11-21,765.12
2018-11-22,772.23
2018-11-23,768.96
2018-11-26,765.18
2018-11-27,765.22
2018-11-28,767.41
2018-11-29,775.22
2018-11-30,769.67
2018-12-03,773.29
2018-12-04,771.57
2018-12-05,769.2
2018-12-06,767.72
2018-12-07,769.27
2018-12-10,766.19
2018-12-11,772.73
2018-12-12,777.14
2018-12-13,772.86
2018-12-14,770.84
2018-12-17,767.74
2018-12-18,769.88
2018-12-19,774.32
2018-12-20,762.48
2018-12-21,765.34
2018-12-24,754.53
2018-12-26,756.58
2018-12-27,757.64
2018-12-28,751.16
2018-12-31,750.64
2019-01-02,751.7
2019-01-03,740.27
2019-01-04,754.18
2019-01-07,758.33
2019-01-08,755.04
2019-01-09,754.79
2019-01-10,761.4
2019-01-11,758.84
2019-01-14,762.76
2019-01-15,765.19
2019-01-16,763.46
2019-01-17,760.49
2019-01-18,757.39
2019-01-21,755.64
2019-01-22,758.19
2019-01-23,763.22
2019-01-24,766.05
2019-01-25,762.42
2019-01-28,769.01
2019-01-29,762.62
2019-01-30,763.94
2019-01-31,770.2
2019-02-01,768.62
2019-02-07,756.13
2019-02-08,757.51
2019-02-11,759.21
2019-02-12,756.73
2019-02-13,758.09
2019-02-14,762.87
2019-02-15,768.83
2019-02-18,773.43
2019-02-19,770.36
2019-02-20,775.61
2019-02-21,769.82
2019-02-22,765.27
2019-02-25,771.95
2019-02-26,771.67
2019-02-27,770.96
2019-02-28,765.47
2019-03-04,764.44
2019-03-05,767.7
2019-03-06,765.09
2019-03-07,763.35
2019-03-08,762.73
2019-03-11,771.63
2019-03-12,775.77
2019-03-13,774.18
2019-03-14,776.66
2019-03-15,773.92
2019-03-18,777.43
2019-03-19,776.02
2019-03-20,775.01
2019-03-21,781.56
2019-03-22,775.06
2019-03-25,776.57
2019-03-26,784.1
2019-03-27,782.17
2019-03-28,771.71
2019-03-29,770.97
2019-04-01,774.37
2019-04-02,768.99
2019-04-03,766.89
2019-04-04,770.26
2019-04-05,767.26
2019-04-08,765.14
2019-04-09,769.3
2019-04-10,770.93
2019-04-11,772.14
2019-04-12,766.23
2019-04-15,772.0
2019-04-16,767.03
2019-04-17,760.92
2019-04-18,764.03
2019-04-19,759.78
2019-04-22,760.44
2019-04-23,762.28
2019-04-24,759.4
2019-04-25,756.04
2019-04-26,768.57
2019-04-29,772.59
2019-04-30,772.52
2019-05-02,771.25
2019-05-03,770.33
2019-05-07,772.91
2019-05-08,771.72
2019-05-09,770.5
2019-05-10,774.15
2019-05-13,776.96
2019-05-14,776.94
2019-05-15,780.27
2019-05-16,780.72
2019-05-17,777.59
2019-05-20,778.24
2019-05-21,779.68
2019-05-22,776.6
2019-05-23,776.13
2019-05-24,776.9
2019-05-27,780.14
2019-05-28,775.23
2019-05-29,777.11
2019-05-30,777.3
2019-05-31,774.57
2019-06-03,778.15
2019-06-04,780.37
2019-06-05,780.74
2019-06-07,781.38
2019-06-10,784.96
2019-06-11,782.62
2019-06-12,777.91
2019-06-13,777.2
2019-06-14,777.28
2019-06-17,769.24
2019-06-18,770.92
2019-06-19,774.04
2019-06-20,771.76
2019-06-21,768.7
2019-06-24,765.7
2019-06-25,766.88
2019-06-26,766.2
2019-06-27,773.56
2019-06-28,775.11
2019-07-01,777.51
2019-07-02,771.35
2019-07-03,777.5
2019-07-04,785.4
2019-07-05,782.55
2019-07-08,775.98
2019-07-09,780.7
2019-07-10,779.21
2019-07-11,785.51
2019-07-12,782.34
2019-07-15,787.73
2019-07-16,792.66
2019-07-17,789.54
2019-07-18,794.76
2019-07-19,798.99
2019-07-22,792.98
2019-07-23,795.82
2019-07-24,789.47
2019-07-25,789.28
2019-07-26,785.75
2019-07-29,785.89
2019-07-30,784.89
2019-07-31,781.95
2019-08-01,775.09
2019-08-02,778.65
2019-08-05,779.73
2019-08-06,796.15
2019-08-07,792.63
2019-08-08,784.38
2019-08-09,785.53
2019-08-12,782.19
2019-08-13,783.33
2019-08-14,787.23
2019-08-16,780.15
2019-08-19,779.91
2019-08-20,776.06
2019-08-21,775.74
2019-08-22,771.22
2019-08-23,767.41
2019-08-26,770.6
2019-08-27,778.37
2019-08-28,771.83
2019-08-29,769.12
2019-08-30,767.03
2019-09-02,762.47
2019-09-03,764.1
2019-09-04,769.59
2019-09-05,768.76
2019-09-06,764.51
2019-09-09,769.13
2019-09-10,766.59
2019-09-11,765.44
2019-09-16,760.53
2019-09-17,751.37
2019-09-18,755.88
2019-09-19,752.52
2019-09-20,752.91
2019-09-23,746.11
2019-09-24,750.94
2019-09-25,755.03
2019-09-26,751.69
2019-09-27,754.83
2019-09-30,755.86
2019-10-01,750.58
2019-10-02,747.86
2019-10-04,758.09
2019-10-07,756.03
2019-10-08,752.36
2019-10-10,750.63
2019-10-11,756.29
2019-10-14,753.06
2019-10-15,745.91
2019-10-16,745.21
2019-10-17,746.27
2019-10-18,753.37
2019-10-21,754.04
2019-10-22,753.08
2019-10-23,750.52
2019-10-24,753.81
2019-10-25,747.33
2019-10-28,745.97
2019-10-29,742.52
2019-10-30,741.08
2019-10-31,748.94
2019-11-01,745.11
2019-11-04,751.0
2019-11-05,742.31
2019-11-06,740.26
2019-11-07,737.1
2019-11-08,738.84
2019-11-11,731.93
2019-11-12,738.94
2019-11-13,736.79
2019-11-14,749.07
2019-11-15,746.54
2019-11-18,746.55
2019-11-19,744.87
2019-11-20,751.29
2019-11-21,750.68
2019-11-22,753.02
2019-11-25,754.97
2019-11-26,754.77
2019-11-27,754.85
2019-11-28,753.99
2019-11-29,757.05
2019-12-02,759.11
2019-12-03,767.02
2019-12-04,773.17
2019-12-05,780.62
2019-12-06,778.63
2019-12-09,780.86
2019-12-10,778.4
2019-12-11,779.69
2019-12-12,785.49
2019-12-13,787.33
2019-12-16,772.03
2019-12-17,773.53
2019-12-18,766.52
2019-12-19,767.0
2019-12-20,769.39
2019-12-23,767.32
2019-12-24,767.32
2019-12-26,772.7
2019-12-27,774.17
2019-12-30,777.69
2019-12-31,779.08
2020-01-02,779.89
2020-01-03,774.78
2020-01-06,773.89
2020-01-07,780.01
2020-01-08,773.53
2020-01-09,780.6
2020-01-10,766.93
2020-01-13,770.45
2020-01-14,766.11
2020-01-15,762.66
2020-01-16,766.66
