,GBP
2010-01-04,1883.46
2010-01-05,1860.44
2010-01-06,1829.39
2010-01-07,1822.54
2010-01-08,1804.73
2010-01-11,1820.29
2010-01-12,1804.61
2010-01-13,1817.1
2010-01-14,1833.78
2010-01-15,1833.85
2010-01-18,1827.73
2010-01-19,1843.16
2010-01-20,1839.64
2010-01-21,1845.03
2010-01-22,1842.15
2010-01-25,1853.44
2010-01-26,1866.89
2010-01-27,1857.58
2010-01-28,1875.1
2010-01-29,1864.91
2010-02-01,1845.46
2010-02-02,1864.22
2010-02-03,1853.43
2010-02-04,1833.73
2010-02-05,1818.24
2010-02-08,1827.17
2010-02-09,1828.44
2010-02-10,1832.26
2010-02-11,1806.09
2010-02-12,1815.84
2010-02-16,1808.69
2010-02-17,1819.8
2010-02-18,1792.21
2010-02-19,1774.95
2010-02-22,1787.01
2010-02-23,1779.35
2010-02-24,1773.17
2010-02-25,1781.67
2010-02-26,1768.3
2010-03-02,1739.6
2010-03-03,1725.13
2010-03-04,1732.11
2010-03-05,1719.13
2010-03-08,1731.92
2010-03-09,1705.54
2010-03-10,1702.6
2010-03-11,1696.5
2010-03-12,1706.23
2010-03-15,1717.01
2010-03-16,1706.52
2010-03-17,1727.48
2010-03-18,1730.39
2010-03-19,1725.06
2010-03-22,1698.73
2010-03-23,1716.91
2010-03-24,1704.29
2010-03-25,1691.16
2010-03-26,1690.0
2010-03-29,1702.96
2010-03-30,1706.08
2010-03-31,1705.08
2010-04-01,1721.8
2010-04-02,1725.06
2010-04-05,1716.58
2010-04-06,1721.46
2010-04-07,1714.97
2010-04-08,1708.61
2010-04-09,1716.08
2010-04-12,1727.71
2010-04-13,1710.01
2010-04-14,1723.67
2010-04-15,1725.93
2010-04-16,1714.6
2010-04-19,1703.86
2010-04-20,1713.59
2010-04-21,1713.42
2010-04-22,1710.55
2010-04-23,1702.95
2010-04-26,1707.51
2010-04-27,1709.21
2010-04-28,1687.76
2010-04-29,1701.29
2010-04-30,1712.52
2010-05-03,1697.11
2010-05-04,1701.15
2010-05-06,1682.99
2010-05-07,1688.59
2010-05-10,1713.66
2010-05-11,1682.9
2010-05-12,1687.35
2010-05-13,1688.49
2010-05-14,1652.28
2010-05-17,1646.0
2010-05-18,1663.68
2010-05-19,1643.18
2010-05-20,1679.96
2010-05-24,1705.55
2010-05-25,1745.89
2010-05-26,1807.6
2010-05-27,1802.05
2010-05-28,1797.18
2010-05-31,1734.95
2010-06-01,1745.2
2010-06-03,1769.41
2010-06-04,1763.02
2010-06-07,1734.63
2010-06-08,1786.63
2010-06-09,1782.04
2010-06-10,1805.66
2010-06-11,1855.41
2010-06-14,1811.4
2010-06-15,1804.92
2010-06-16,1810.03
2010-06-17,1784.53
2010-06-18,1801.72
2010-06-21,1788.77
2010-06-22,1736.93
2010-06-23,1752.38
2010-06-24,1778.02
2010-06-25,1769.62
2010-06-28,1811.39
2010-06-29,1812.12
2010-06-30,1822.95
2010-07-01,1838.45
2010-07-02,1866.75
2010-07-05,1855.0
2010-07-06,1851.31
2010-07-07,1859.98
2010-07-08,1854.45
2010-07-09,1835.21
2010-07-12,1805.87
2010-07-13,1798.29
2010-07-14,1829.06
2010-07-15,1830.22
2010-07-16,1860.36
2010-07-19,1838.94
2010-07-20,1851.09
2010-07-21,1852.12
2010-07-22,1827.91
2010-07-23,1842.69
2010-07-26,1846.32
2010-07-27,1850.36
2010-07-28,1845.05
2010-07-29,1850.82
2010-07-30,1852.86
2010-08-02,1861.16
2010-08-03,1865.12
2010-08-04,1863.32
2010-08-05,1857.87
2010-08-06,1856.74
2010-08-09,1861.62
2010-08-10,1842.27
2010-08-11,1849.66
2010-08-12,1841.3
2010-08-13,1860.11
2010-08-16,1850.72
2010-08-17,1866.4
2010-08-18,1835.83
2010-08-19,1830.99
2010-08-20,1827.53
2010-08-23,1833.62
2010-08-24,1832.14
2010-08-25,1832.25
2010-08-26,1849.76
2010-08-27,1853.47
2010-08-30,1856.92
2010-08-31,1839.72
2010-09-01,1836.85
2010-09-02,1839.54
2010-09-03,1818.98
2010-09-06,1819.94
2010-09-07,1802.48
2010-09-08,1805.42
2010-09-09,1820.17
2010-09-10,1803.45
2010-09-13,1793.22
2010-09-14,1789.02
2010-09-15,1803.89
2010-09-16,1814.21
2010-09-17,1817.44
2010-09-20,1819.67
2010-09-24,1821.71
2010-09-27,1830.58
2010-09-28,1815.74
2010-09-29,1815.2
2010-09-30,1803.96
2010-10-01,1793.44
2010-10-04,1794.05
2010-10-05,1778.49
2010-10-06,1796.96
2010-10-07,1776.76
2010-10-08,1773.98
2010-10-11,1786.59
2010-10-12,1771.03
2010-10-13,1781.39
2010-10-14,1780.79
2010-10-15,1779.81
2010-10-18,1782.91
2010-10-19,1776.46
2010-10-20,1763.38
2010-10-21,1792.43
2010-10-22,1770.5
2010-10-25,1771.11
2010-10-26,1754.23
2010-10-27,1771.11
2010-10-28,1776.49
2010-10-29,1796.93
2010-11-01,1804.0
2010-11-02,1793.87
2010-11-03,1787.85
2010-11-04,1788.25
2010-11-05,1801.2
2010-11-08,1790.06
2010-11-09,1796.77
2010-11-10,1783.1
2010-11-11,1795.14
2010-11-12,1785.51
2010-11-15,1806.43
2010-11-16,1812.14
2010-11-17,1792.89
2010-11-18,1811.81
2010-11-19,1827.65
2010-11-22,1810.1
2010-11-23,1797.89
2010-11-24,1790.67
2010-11-25,1813.48
2010-11-26,1804.32
2010-11-29,1790.49
2010-11-30,1800.93
2010-12-01,1796.69
2010-12-02,1801.88
2010-12-03,1791.76
2010-12-06,1803.76
2010-12-07,1781.51
2010-12-08,1787.61
2010-12-09,1802.99
2010-12-10,1795.83
2010-12-13,1803.5
2010-12-14,1813.02
2010-12-15,1799.76
2010-12-16,1790.0
2010-12-17,1808.19
2010-12-20,1785.75
2010-12-21,1806.59
2010-12-22,1783.41
2010-12-23,1778.95
2010-12-24,1776.53
2010-12-27,1778.52
2010-12-28,1774.05
2010-12-29,1763.19
2010-12-30,1776.28
2010-12-31,1757.72
2011-01-03,1772.07
2011-01-04,1744.86
2011-01-05,1750.34
2011-01-06,1743.53
2011-01-07,1736.82
2011-01-10,1743.74
2011-01-11,1745.45
2011-01-12,1757.77
2011-01-13,1764.84
2011-01-14,1761.45
2011-01-17,1770.09
2011-01-18,1771.09
2011-01-19,1782.19
2011-01-20,1778.44
2011-01-21,1778.16
2011-01-24,1794.64
2011-01-25,1791.53
2011-01-26,1767.82
2011-01-27,1779.34
2011-01-28,1775.02
2011-01-31,1765.0
2011-02-01,1797.95
2011-02-07,1797.44
2011-02-08,1783.99
2011-02-09,1774.99
2011-02-10,1778.29
2011-02-11,1790.43
2011-02-14,1793.34
2011-02-15,1802.12
2011-02-16,1810.82
2011-02-17,1803.37
2011-02-18,1805.34
2011-02-21,1808.74
2011-02-22,1811.47
2011-02-23,1818.55
2011-02-24,1825.48
2011-02-25,1818.59
2011-02-28,1814.11
2011-03-02,1836.84
2011-03-03,1842.45
2011-03-04,1826.81
2011-03-07,1816.95
2011-03-08,1810.94
2011-03-09,1806.28
2011-03-10,1806.85
2011-03-11,1796.43
2011-03-14,1807.86
2011-03-15,1828.02
2011-03-16,1818.45
2011-03-17,1814.52
2011-03-18,1834.38
2011-03-21,1830.44
2011-03-22,1836.4
2011-03-23,1836.05
2011-03-24,1825.56
2011-03-25,1810.35
2011-03-28,1783.98
2011-03-29,1781.27
2011-03-30,1784.7
2011-03-31,1779.27
2011-04-01,1764.12
2011-04-04,1764.39
2011-04-05,1753.55
2011-04-06,1776.54
2011-04-07,1771.92
2011-04-08,1775.45
2011-04-11,1776.8
2011-04-12,1772.13
2011-04-13,1774.56
2011-04-14,1777.61
2011-04-15,1781.55
2011-04-18,1775.29
2011-04-19,1772.83
2011-04-20,1784.21
2011-04-21,1776.18
2011-04-22,1783.89
2011-04-25,1787.03
2011-04-26,1785.45
2011-04-27,1791.78
2011-04-28,1795.66
2011-04-29,1784.74
2011-05-02,1790.16
2011-05-03,1776.65
2011-05-04,1764.17
2011-05-06,1760.68
2011-05-09,1774.63
2011-05-11,1768.01
2011-05-12,1759.29
2011-05-13,1763.07
2011-05-16,1761.4
2011-05-17,1771.26
2011-05-18,1773.69
2011-05-19,1756.27
2011-05-20,1760.74
2011-05-23,1756.14
2011-05-24,1756.87
2011-05-25,1771.55
2011-05-26,1785.05
2011-05-27,1786.4
2011-05-30,1784.87
2011-05-31,1782.5
2011-06-01,1772.85
2011-06-02,1758.3
2011-06-03,1768.13
2011-06-07,1761.82
2011-06-08,1776.45
2011-06-09,1773.71
2011-06-10,1772.55
2011-06-13,1754.3
2011-06-14,1777.29
2011-06-15,1775.1
2011-06-16,1752.89
2011-06-17,1759.88
2011-06-20,1758.76
2011-06-21,1755.7
2011-06-22,1753.87
2011-06-23,1726.5
2011-06-24,1725.47
2011-06-27,1720.27
2011-06-28,1737.8
2011-06-29,1729.47
2011-06-30,1732.78
2011-07-01,1716.28
2011-07-04,1713.28
2011-07-05,1710.86
2011-07-06,1712.15
2011-07-07,1705.06
2011-07-08,1700.49
2011-07-11,1696.46
2011-07-12,1685.08
2011-07-13,1697.12
2011-07-14,1718.66
2011-07-15,1706.99
2011-07-18,1703.84
2011-07-19,1705.08
2011-07-20,1709.08
2011-07-21,1705.52
2011-07-22,1722.36
2011-07-25,1714.72
2011-07-26,1716.73
2011-07-27,1729.23
2011-07-28,1714.56
2011-07-29,1722.32
2011-08-01,1729.56
2011-08-02,1710.84
2011-08-03,1711.15
2011-08-04,1739.6
2011-08-05,1717.95
2011-08-08,1756.65
2011-08-09,1753.24
2011-08-10,1780.72
2011-08-11,1741.98
2011-08-12,1761.6
2011-08-16,1767.13
2011-08-17,1759.72
2011-08-18,1774.46
2011-08-19,1769.08
2011-08-22,1784.24
2011-08-23,1783.71
2011-08-24,1783.0
2011-08-25,1766.32
2011-08-26,1767.3
2011-08-29,1773.05
2011-08-30,1765.93
2011-08-31,1747.51
2011-09-01,1738.92
2011-09-02,1720.52
2011-09-05,1718.44
2011-09-06,1719.8
2011-09-07,1709.9
2011-09-08,1712.04
2011-09-09,1714.44
2011-09-14,1698.52
2011-09-15,1735.28
2011-09-16,1750.19
2011-09-19,1740.05
2011-09-20,1757.8
2011-09-21,1809.61
2011-09-22,1778.96
2011-09-23,1809.05
2011-09-26,1835.22
2011-09-28,1844.93
2011-09-29,1826.48
2011-09-30,1839.49
2011-10-04,1818.22
2011-10-05,1855.33
2011-10-06,1843.99
2011-10-07,1831.28
2011-10-10,1832.97
2011-10-11,1836.57
2011-10-12,1814.75
2011-10-13,1846.24
2011-10-14,1823.04
2011-10-17,1835.83
2011-10-18,1804.02
2011-10-19,1802.38
2011-10-20,1794.66
2011-10-21,1799.73
2011-10-24,1832.71
2011-10-25,1819.86
2011-10-26,1804.64
2011-10-27,1803.78
2011-10-28,1809.04
2011-10-31,1781.23
2011-11-01,1775.12
2011-11-02,1774.16
2011-11-03,1793.64
2011-11-04,1813.17
2011-11-07,1784.94
2011-11-08,1790.24
2011-11-09,1796.35
2011-11-10,1774.97
2011-11-11,1807.73
2011-11-14,1812.25
2011-11-15,1781.42
2011-11-16,1781.2
2011-11-17,1784.11
2011-11-18,1792.69
2011-11-21,1793.13
2011-11-22,1782.73
2011-11-23,1792.88
2011-11-24,1783.85
2011-11-25,1792.35
2011-11-28,1795.99
2011-11-29,1790.61
2011-11-30,1794.76
2011-12-01,1790.23
2011-12-02,1768.8
2011-12-05,1759.78
2011-12-06,1768.24
2011-12-07,1764.9
2011-12-08,1769.86
2011-12-09,1767.43
2011-12-12,1787.3
2011-12-13,1784.2
2011-12-14,1789.48
2011-12-15,1792.37
2011-12-16,1802.61
2011-12-19,1795.06
2011-12-20,1812.84
2011-12-21,1828.55
2011-12-22,1803.86
2011-12-23,1812.52
2011-12-26,1792.78
2011-12-27,1796.36
2011-12-28,1810.75
2011-12-29,1788.13
2011-12-30,1777.24
2012-01-02,1788.48
2012-01-03,1792.64
2012-01-04,1800.76
2012-01-05,1791.09
2012-01-06,1781.99
2012-01-09,1785.67
2012-01-10,1800.18
2012-01-11,1789.22
2012-01-12,1776.26
2012-01-13,1777.08
2012-01-16,1759.73
2012-01-17,1767.75
2012-01-18,1758.47
2012-01-19,1763.8
2012-01-20,1760.28
2012-01-25,1772.8
2012-01-26,1763.39
2012-01-27,1759.45
2012-01-30,1767.29
2012-01-31,1766.76
2012-02-01,1774.88
2012-02-02,1784.61
2012-02-03,1767.73
2012-02-06,1769.99
2012-02-07,1771.18
2012-02-08,1783.02
2012-02-09,1764.33
2012-02-10,1768.39
2012-02-13,1771.27
2012-02-14,1768.2
2012-02-15,1762.98
2012-02-16,1762.03
2012-02-17,1782.15
2012-02-20,1784.82
2012-02-21,1777.91
2012-02-22,1773.98
2012-02-23,1764.52
2012-02-24,1776.56
2012-02-27,1787.15
2012-02-28,1786.14
2012-02-29,1791.14
2012-03-02,1787.4
2012-03-05,1764.81
2012-03-06,1774.01
2012-03-07,1760.83
2012-03-08,1773.35
2012-03-09,1772.25
2012-03-12,1748.59
2012-03-13,1754.96
2012-03-14,1761.26
2012-03-15,1760.43
2012-03-16,1773.2
2012-03-19,1781.5
2012-03-20,1784.22
2012-03-21,1781.74
2012-03-22,1788.73
2012-03-23,1787.51
2012-03-26,1800.25
2012-03-27,1816.29
2012-03-28,1813.59
2012-03-29,1807.24
2012-03-30,1815.42
2012-04-02,1816.99
2012-04-03,1807.95
2012-04-04,1787.1
2012-04-05,1792.53
2012-04-06,1787.83
2012-04-09,1794.08
2012-04-10,1809.13
2012-04-12,1811.71
2012-04-13,1822.37
2012-04-16,1798.4
2012-04-17,1809.28
2012-04-18,1814.5
2012-04-19,1821.12
2012-04-20,1831.76
2012-04-23,1839.03
2012-04-24,1836.36
2012-04-25,1842.75
2012-04-26,1842.47
2012-04-27,1840.33
2012-04-30,1845.85
2012-05-02,1835.46
2012-05-03,1825.3
2012-05-04,1829.07
2012-05-07,1825.34
2012-05-08,1844.28
2012-05-09,1833.99
2012-05-10,1839.22
2012-05-11,1843.25
2012-05-14,1839.99
2012-05-15,1849.35
2012-05-16,1845.81
2012-05-17,1849.34
2012-05-18,1836.52
2012-05-21,1852.85
2012-05-22,1846.42
2012-05-23,1835.3
2012-05-24,1839.45
2012-05-25,1843.73
2012-05-29,1850.28
2012-05-30,1842.39
2012-05-31,1822.47
2012-06-01,1820.2
2012-06-04,1812.47
2012-06-05,1817.9
2012-06-07,1817.9
2012-06-08,1817.8
2012-06-11,1823.02
2012-06-12,1806.98
2012-06-13,1823.17
2012-06-14,1811.49
2012-06-15,1814.08
2012-06-18,1829.46
2012-06-19,1816.43
2012-06-20,1821.04
2012-06-21,1811.24
2012-06-22,1793.93
2012-06-25,1804.07
2012-06-26,1807.31
2012-06-27,1813.39
2012-06-28,1801.6
2012-06-29,1789.6
2012-07-02,1806.87
2012-07-03,1794.52
2012-07-04,1790.6
2012-07-05,1770.1
2012-07-06,1763.73
2012-07-09,1762.7
2012-07-10,1773.86
2012-07-11,1773.58
2012-07-12,1774.16
2012-07-13,1768.14
2012-07-16,1794.23
2012-07-17,1793.53
2012-07-18,1789.75
2012-07-19,1784.36
2012-07-20,1789.59
2012-07-23,1780.29
2012-07-24,1779.07
2012-07-25,1780.47
2012-07-26,1783.09
2012-07-27,1799.96
2012-07-30,1792.89
2012-07-31,1785.03
2012-08-01,1775.61
2012-08-02,1752.91
2012-08-03,1753.42
2012-08-06,1775.45
2012-08-07,1756.5
2012-08-08,1760.67
2012-08-09,1767.29
2012-08-10,1760.42
2012-08-13,1768.01
2012-08-14,1773.89
2012-08-16,1770.46
2012-08-17,1783.16
2012-08-20,1778.2
2012-08-21,1784.04
2012-08-22,1786.52
2012-08-23,1800.45
2012-08-24,1793.0
2012-08-27,1792.89
2012-08-28,1793.28
2012-08-29,1799.28
2012-08-30,1795.58
2012-08-31,1791.48
2012-09-03,1800.24
2012-09-04,1797.3
2012-09-05,1795.94
2012-09-06,1804.93
2012-09-07,1807.25
2012-09-10,1809.87
2012-09-11,1805.14
2012-09-12,1814.79
2012-09-13,1813.86
2012-09-14,1821.62
2012-09-17,1817.4
2012-09-18,1811.65
2012-09-19,1815.31
2012-09-20,1812.55
2012-09-21,1813.55
2012-09-24,1817.74
2012-09-25,1816.82
2012-09-26,1811.01
2012-09-27,1812.17
2012-09-28,1815.66
2012-10-02,1795.39
2012-10-04,1791.5
2012-10-05,1802.21
2012-10-08,1791.9
2012-10-09,1781.19
2012-10-10,1776.68
2012-10-11,1783.77
2012-10-12,1789.55
2012-10-15,1785.93
2012-10-16,1787.31
2012-10-17,1783.98
2012-10-18,1783.08
2012-10-19,1774.03
2012-10-22,1768.7
2012-10-23,1770.15
2012-10-24,1757.89
2012-10-25,1769.73
2012-10-26,1775.24
2012-10-29,1763.61
2012-10-30,1757.06
2012-10-31,1759.86
2012-11-01,1759.19
2012-11-02,1759.68
2012-11-05,1748.1
2012-11-06,1744.59
2012-11-07,1745.58
2012-11-08,1737.46
2012-11-09,1738.51
2012-11-12,1732.79
2012-11-13,1727.56
2012-11-14,1730.47
2012-11-15,1722.72
2012-11-16,1723.83
2012-11-19,1730.9
2012-11-20,1728.71
2012-11-21,1724.57
2012-11-22,1728.46
2012-11-23,1728.11
2012-11-26,1741.83
2012-11-27,1738.93
2012-11-28,1736.35
2012-11-29,1738.32
2012-11-30,1739.64
2012-12-03,1735.72
2012-12-04,1743.89
2012-12-05,1744.38
2012-12-06,1741.96
2012-12-07,1737.46
2012-12-10,1735.57
2012-12-11,1734.97
2012-12-12,1735.91
2012-12-13,1735.7
2012-12-14,1727.53
2012-12-17,1737.84
2012-12-18,1738.15
2012-12-20,1741.25
2012-12-21,1747.07
2012-12-24,1737.04
2012-12-26,1733.87
2012-12-27,1732.36
2012-12-28,1727.05
2012-12-31,1073.95
2013-01-02,1739.68
2013-01-03,1730.4
2013-01-04,1711.44
2013-01-07,1709.96
2013-01-08,1714.25
2013-01-09,1707.55
2013-01-10,1701.32
2013-01-11,1714.89
2013-01-14,1703.29
2013-01-15,1697.63
2013-01-16,1695.24
2013-01-17,1694.29
2013-01-18,1692.33
2013-01-21,1674.29
2013-01-22,1678.14
2013-01-23,1686.06
2013-01-24,1686.53
2013-01-25,1686.79
2013-01-29,1698.98
2013-01-30,1714.25
2013-01-31,1710.61
2013-02-01,1726.83
2013-02-04,1716.45
2013-02-05,1715.67
2013-02-06,1701.93
2013-02-07,1705.44
2013-02-08,1711.67
2013-02-12,1713.22
2013-02-13,1715.27
2013-02-14,1687.94
2013-02-15,1680.47
2013-02-18,1672.02
2013-02-19,1675.11
2013-02-20,1668.28
2013-02-21,1642.19
2013-02-22,1653.74
2013-02-25,1641.22
2013-02-26,1649.48
2013-02-27,1645.98
2013-02-28,1645.52
2013-03-04,1626.15
2013-03-05,1649.76
2013-03-06,1644.79
2013-03-07,1624.48
2013-03-08,1631.34
2013-03-11,1625.58
2013-03-12,1637.35
2013-03-13,1631.11
2013-03-14,1638.18
2013-03-15,1666.78
2013-03-18,1678.0
2013-03-19,1682.73
2013-03-20,1676.01
2013-03-21,1686.53
2013-03-22,1694.34
2013-03-25,1702.17
2013-03-26,1688.27
2013-03-27,1679.85
2013-03-28,1678.39
2013-03-29,1690.11
2013-04-01,1690.78
2013-04-02,1698.46
2013-04-03,1681.16
2013-04-04,1695.86
2013-04-05,1711.66
2013-04-08,1729.65
2013-04-09,1736.76
2013-04-10,1744.79
2013-04-11,1743.76
2013-04-12,1737.47
2013-04-15,1736.46
2013-04-16,1720.34
2013-04-17,1720.6
2013-04-18,1699.77
2013-04-19,1714.98
2013-04-22,1703.08
2013-04-23,1715.58
2013-04-24,1707.02
2013-04-25,1709.07
2013-04-26,1718.8
2013-04-29,1717.32
2013-04-30,1716.83
2013-05-02,1716.13
2013-05-03,1708.27
2013-05-06,1711.94
2013-05-07,1699.97
2013-05-08,1693.57
2013-05-09,1690.12
2013-05-10,1679.58
2013-05-13,1692.99
2013-05-14,1705.51
2013-05-15,1688.34
2013-05-16,1695.46
2013-05-20,1690.34
2013-05-21,1706.72
2013-05-22,1686.43
2013-05-23,1673.11
2013-05-24,1696.96
2013-05-27,1706.78
2013-05-28,1700.14
2013-05-29,1691.29
2013-05-30,1710.02
2013-05-31,1718.4
2013-06-03,1712.71
2013-06-04,1727.63
2013-06-05,1717.42
2013-06-07,1746.46
2013-06-10,1726.73
2013-06-11,1749.28
2013-06-12,1773.39
2013-06-13,1773.78
2013-06-14,1782.71
2013-06-17,1773.93
2013-06-18,1772.88
2013-06-19,1766.43
2013-06-20,1753.49
2013-06-21,1776.3
2013-06-24,1777.95
2013-06-25,1787.55
2013-06-26,1786.23
2013-06-27,1767.3
2013-06-28,1753.81
2013-07-01,1741.66
2013-07-02,1729.74
2013-07-03,1716.23
2013-07-04,1742.21
2013-07-05,1714.18
2013-07-08,1698.22
2013-07-09,1721.29
2013-07-10,1700.68
2013-07-11,1726.14
2013-07-12,1707.54
2013-07-15,1694.79
2013-07-16,1694.9
2013-07-17,1693.66
2013-07-18,1700.69
2013-07-19,1708.37
2013-07-22,1715.47
2013-07-23,1718.02
2013-07-24,1716.4
2013-07-25,1706.47
2013-07-26,1719.3
2013-07-29,1711.35
2013-07-30,1701.99
2013-07-31,1696.85
2013-08-01,1699.83
2013-08-02,1695.28
2013-08-05,1719.89
2013-08-06,1713.3
2013-08-07,1710.69
2013-08-08,1730.75
2013-08-09,1730.26
2013-08-12,1725.07
2013-08-13,1720.03
2013-08-14,1724.66
2013-08-16,1750.62
2013-08-19,1741.69
2013-08-20,1743.11
2013-08-21,1757.34
2013-08-22,1747.53
2013-08-23,1754.02
2013-08-26,1741.54
2013-08-27,1734.0
2013-08-28,1735.01
2013-08-29,1734.81
2013-08-30,1722.17
2013-09-02,1721.27
2013-09-03,1716.16
2013-09-04,1705.33
2013-09-05,1718.38
2013-09-06,1705.02
2013-09-09,1712.11
2013-09-10,1708.15
2013-09-11,1706.49
2013-09-12,1719.57
2013-09-13,1711.73
2013-09-16,1730.08
2013-09-17,1720.64
2013-09-23,1737.73
2013-09-24,1725.96
2013-09-25,1719.57
2013-09-26,1730.74
2013-09-27,1723.12
2013-09-30,1738.17
2013-10-01,1740.32
2013-10-02,1739.99
2013-10-04,1736.93
2013-10-07,1718.69
2013-10-08,1722.43
2013-10-10,1712.71
2013-10-11,1718.38
2013-10-14,1709.27
2013-10-15,1712.36
2013-10-16,1708.0
2013-10-17,1701.76
2013-10-18,1719.64
2013-10-21,1716.6
2013-10-22,1713.7
2013-10-23,1723.67
2013-10-24,1707.73
2013-10-25,1712.51
2013-10-28,1718.64
2013-10-29,1713.26
2013-10-30,1702.96
2013-10-31,1701.11
2013-11-01,1700.45
2013-11-04,1691.87
2013-11-05,1696.07
2013-11-06,1704.4
2013-11-07,1707.8
2013-11-08,1707.09
2013-11-11,1702.03
2013-11-12,1707.89
2013-11-13,1702.09
2013-11-14,1721.25
2013-11-15,1714.4
2013-11-18,1718.88
2013-11-19,1708.79
2013-11-20,1701.47
2013-11-21,1700.64
2013-11-22,1719.85
2013-11-25,1723.72
2013-11-26,1714.14
2013-11-27,1719.17
2013-11-28,1727.68
2013-11-29,1735.58
2013-12-02,1733.84
2013-12-03,1729.82
2013-12-04,1739.1
2013-12-05,1738.03
2013-12-06,1732.76
2013-12-09,1729.73
2013-12-10,1729.61
2013-12-11,1731.31
2013-12-12,1723.06
2013-12-13,1721.74
2013-12-16,1717.18
2013-12-17,1715.53
2013-12-18,1710.95
2013-12-19,1722.92
2013-12-20,1731.37
2013-12-23,1733.55
2013-12-24,1734.58
2013-12-26,1733.97
2013-12-27,1738.69
2013-12-30,1740.63
2013-12-31,1740.66
2014-01-02,1749.9
2014-01-03,1727.75
2014-01-06,1729.57
2014-01-07,1743.07
2014-01-08,1751.36
2014-01-09,1752.98
2014-01-10,1754.1
2014-01-13,1752.24
2014-01-14,1731.08
2014-01-15,1740.01
2014-01-16,1738.89
2014-01-17,1740.29
2014-01-20,1742.16
2014-01-21,1747.99
2014-01-22,1753.32
2014-01-23,1770.02
2014-01-24,1783.53
2014-01-27,1774.96
2014-01-28,1797.22
2014-01-29,1787.69
2014-02-03,1759.71
2014-02-04,1764.8
2014-02-05,1773.11
2014-02-06,1761.2
2014-02-07,1756.85
2014-02-10,1764.13
2014-02-11,1758.56
2014-02-12,1763.28
2014-02-13,1768.63
2014-02-14,1772.09
2014-02-17,1779.48
2014-02-18,1773.05
2014-02-19,1774.87
2014-02-20,1779.82
2014-02-21,1785.25
2014-02-24,1784.78
2014-02-25,1792.47
2014-02-26,1785.33
2014-02-27,1783.04
2014-02-28,1781.99
2014-03-03,1785.03
2014-03-04,1786.27
2014-03-05,1786.6
2014-03-06,1789.67
2014-03-07,1787.25
2014-03-10,1777.09
2014-03-11,1774.08
2014-03-12,1769.54
2014-03-13,1777.55
2014-03-14,1774.29
2014-03-17,1783.38
2014-03-18,1779.94
2014-03-19,1772.13
2014-03-20,1770.72
2014-03-21,1774.78
2014-03-24,1781.14
2014-03-25,1781.13
2014-03-26,1782.7
2014-03-27,1781.92
2014-03-28,1781.6
2014-03-31,1778.64
2014-04-01,1776.71
2014-04-02,1763.66
2014-04-03,1757.21
2014-04-04,1755.97
2014-04-07,1750.91
2014-04-08,1749.64
2014-04-09,1764.67
2014-04-10,1752.58
2014-04-11,1738.56
2014-04-14,1736.15
2014-04-15,1737.92
2014-04-16,1741.72
2014-04-17,1749.44
2014-04-18,1741.39
2014-04-21,1742.29
2014-04-22,1742.89
2014-04-23,1749.28
2014-04-24,1744.13
2014-04-25,1745.07
2014-04-28,1745.56
2014-04-29,1743.42
2014-04-30,1735.58
2014-05-02,1743.54
2014-05-07,1750.26
2014-05-08,1739.01
2014-05-09,1733.09
2014-05-12,1724.57
2014-05-13,1729.33
2014-05-14,1721.44
2014-05-15,1718.0
2014-05-16,1723.8
2014-05-19,1725.81
2014-05-20,1719.57
2014-05-21,1724.17
2014-05-22,1734.92
2014-05-23,1729.31
2014-05-26,1724.1
2014-05-27,1724.5
2014-05-28,1720.39
2014-05-29,1709.28
2014-05-30,1708.32
2014-06-02,1709.68
2014-06-03,1714.12
2014-06-05,1714.47
2014-06-09,1718.48
2014-06-10,1709.49
2014-06-11,1703.09
2014-06-12,1706.6
2014-06-13,1722.98
2014-06-16,1728.16
2014-06-17,1731.21
2014-06-18,1733.48
2014-06-19,1738.14
2014-06-20,1735.08
2014-06-23,1735.36
2014-06-24,1734.34
2014-06-25,1729.07
2014-06-26,1733.59
2014-06-27,1731.6
2014-06-30,1727.93
2014-07-01,1731.5
2014-07-02,1735.14
2014-07-03,1732.97
2014-07-04,1731.77
2014-07-07,1730.67
2014-07-08,1730.31
2014-07-09,1732.29
2014-07-10,1736.33
2014-07-11,1733.33
2014-07-14,1742.92
2014-07-15,1740.21
2014-07-16,1754.72
2014-07-17,1770.05
2014-07-18,1759.79
2014-07-21,1763.41
2014-07-22,1753.99
2014-07-23,1748.53
2014-07-24,1742.14
2014-07-25,1746.42
2014-07-28,1748.02
2014-07-29,1741.05
2014-07-30,1736.35
2014-07-31,1731.78
2014-08-01,1733.25
2014-08-04,1738.58
2014-08-05,1739.65
2014-08-06,1739.99
2014-08-07,1743.31
2014-08-08,1741.15
2014-08-11,1740.65
2014-08-12,1730.02
2014-08-13,1728.42
2014-08-14,1715.74
2014-08-18,1713.07
2014-08-19,1701.9
2014-08-20,1692.07
2014-08-21,1694.34
2014-08-22,1697.58
2014-08-25,1686.97
2014-08-26,1690.93
2014-08-27,1684.59
2014-08-28,1681.7
2014-08-29,1681.41
2014-09-01,1683.62
2014-09-02,1684.96
2014-09-03,1672.59
2014-09-04,1677.42
2014-09-05,1661.33
2014-09-11,1660.67
2014-09-12,1681.52
2014-09-15,1687.58
2014-09-16,1686.13
2014-09-17,1683.49
2014-09-18,1681.07
2014-09-19,1711.71
2014-09-22,1705.02
2014-09-23,1703.63
2014-09-24,1708.16
2014-09-25,1697.94
2014-09-26,1702.1
2014-09-29,1692.77
2014-09-30,1706.59
2014-10-01,1710.04
2014-10-02,1719.43
2014-10-06,1693.25
2014-10-07,1720.08
2014-10-08,1716.85
2014-10-10,1728.33
2014-10-13,1723.02
2014-10-14,1718.31
2014-10-15,1690.43
2014-10-16,1704.53
2014-10-17,1706.86
2014-10-20,1709.35
2014-10-21,1713.5
2014-10-22,1698.9
2014-10-23,1690.71
2014-10-24,1692.02
2014-10-27,1704.84
2014-10-28,1696.63
2014-10-29,1695.25
2014-10-30,1676.56
2014-10-31,1685.77
2014-11-03,1691.54
2014-11-04,1717.47
2014-11-05,1728.6
2014-11-06,1722.2
2014-11-07,1724.97
2014-11-10,1735.65
2014-11-11,1719.72
2014-11-12,1735.12
2014-11-13,1732.22
2014-11-14,1723.73
2014-11-17,1722.74
2014-11-18,1715.43
2014-11-19,1717.31
2014-11-20,1730.89
2014-11-21,1746.34
2014-11-24,1738.56
2014-11-25,1746.71
2014-11-26,1747.93
2014-11-27,1748.17
2014-11-28,1731.26
2014-12-01,1727.45
2014-12-02,1756.45
2014-12-03,1730.98
2014-12-04,1748.1
2014-12-05,1749.24
2014-12-08,1732.7
2014-12-09,1750.75
2014-12-10,1742.95
2014-12-11,1735.94
2014-12-12,1727.48
2014-12-15,1736.77
2014-12-16,1725.48
2014-12-17,1720.42
2014-12-18,1694.39
2014-12-19,1728.94
2014-12-22,1720.67
2014-12-23,1709.98
2014-12-24,1707.76
2014-12-26,1718.29
2014-12-29,1710.44
2014-12-30,1704.19
2014-12-31,1710.47
2015-01-02,1712.44
2015-01-05,1684.77
2015-01-06,1690.99
2015-01-07,1671.75
2015-01-08,1661.21
2015-01-09,1656.37
2015-01-12,1658.29
2015-01-13,1642.8
2015-01-14,1640.09
2015-01-15,1645.34
2015-01-16,1646.69
2015-01-19,1630.71
2015-01-20,1630.61
2015-01-21,1642.65
2015-01-22,1645.42
2015-01-23,1629.47
2015-01-26,1627.83
2015-01-27,1628.02
2015-01-28,1643.06
2015-01-29,1639.84
2015-01-30,1644.49
2015-02-02,1652.56
2015-02-03,1655.43
2015-02-04,1664.8
2015-02-05,1653.84
2015-02-06,1669.96
2015-02-09,1657.92
2015-02-10,1669.41
2015-02-11,1664.67
2015-02-12,1671.73
2015-02-13,1704.11
2015-02-16,1692.2
2015-02-17,1687.49
2015-02-23,1694.9
2015-02-24,1715.31
2015-02-25,1712.68
2015-02-26,1712.18
2015-02-27,1694.09
2015-03-02,1696.2
2015-03-03,1693.44
2015-03-04,1689.71
2015-03-05,1674.03
2015-03-06,1677.65
2015-03-09,1655.9
2015-03-10,1678.0
2015-03-11,1687.2
2015-03-12,1682.13
2015-03-13,1684.02
2015-03-16,1660.26
2015-03-17,1681.06
2015-03-18,1666.33
2015-03-19,1683.59
2015-03-20,1644.15
2015-03-23,1678.18
2015-03-24,1670.39
2015-03-25,1643.6
2015-03-26,1641.26
2015-03-27,1639.96
2015-03-30,1645.19
2015-03-31,1636.28
2015-04-01,1645.02
2015-04-02,1636.49
2015-04-03,1628.55
2015-04-06,1633.69
2015-04-07,1617.22
2015-04-08,1614.72
2015-04-09,1626.76
2015-04-10,1609.51
2015-04-13,1602.6
2015-04-14,1608.82
2015-04-15,1620.52
2015-04-16,1624.66
2015-04-17,1626.42
2015-04-20,1622.44
2015-04-21,1613.22
2015-04-22,1617.56
2015-04-23,1626.76
2015-04-24,1630.54
2015-04-27,1637.27
2015-04-28,1636.25
2015-04-29,1642.23
2015-04-30,1647.65
2015-05-04,1621.26
2015-05-06,1639.12
2015-05-07,1647.77
2015-05-08,1672.17
2015-05-11,1684.75
2015-05-12,1697.96
2015-05-13,1717.69
2015-05-14,1723.59
2015-05-15,1725.04
2015-05-18,1714.62
2015-05-19,1699.68
2015-05-20,1692.2
2015-05-21,1701.83
2015-05-22,1713.72
2015-05-26,1687.9
2015-05-27,1690.77
2015-05-28,1699.47
2015-05-29,1697.51
2015-06-01,1693.3
2015-06-02,1689.63
2015-06-03,1709.87
2015-06-04,1695.28
2015-06-05,1704.47
2015-06-08,1697.9
2015-06-09,1720.49
2015-06-10,1721.76
2015-06-11,1732.09
2015-06-12,1722.45
2015-06-15,1730.01
2015-06-16,1741.16
2015-06-17,1748.18
2015-06-18,1769.5
2015-06-19,1762.3
2015-06-22,1753.04
2015-06-23,1741.09
2015-06-24,1736.97
2015-06-25,1741.02
2015-06-26,1747.51
2015-06-29,1752.49
2015-06-30,1768.15
2015-07-01,1754.72
2015-07-02,1745.98
2015-07-03,1753.09
2015-07-06,1744.0
2015-07-07,1757.59
2015-07-08,1746.36
2015-07-09,1745.57
2015-07-10,1746.74
2015-07-13,1752.35
2015-07-14,1752.75
2015-07-15,1781.45
2015-07-16,1785.08
2015-07-17,1792.14
2015-07-20,1788.92
2015-07-21,1793.22
2015-07-22,1802.06
2015-07-23,1799.78
2015-07-24,1803.54
2015-07-27,1807.69
2015-07-28,1818.87
2015-07-29,1820.44
2015-07-30,1807.08
2015-07-31,1819.31
2015-08-03,1827.77
2015-08-04,1816.31
2015-08-05,1820.31
2015-08-06,1829.06
2015-08-07,1815.33
2015-08-10,1804.14
2015-08-11,1816.12
2015-08-12,1823.78
2015-08-13,1858.42
2015-08-17,1837.62
2015-08-18,1842.1
2015-08-19,1855.06
2015-08-20,1858.36
2015-08-21,1859.07
2015-08-24,1869.29
2015-08-25,1887.73
2015-08-26,1874.81
2015-08-27,1839.82
2015-08-28,1824.95
2015-08-31,1812.91
2015-09-01,1816.14
2015-09-02,1798.79
2015-09-03,1803.16
2015-09-04,1811.33
2015-09-07,1808.89
2015-09-08,1835.45
2015-09-09,1852.53
2015-09-10,1831.21
2015-09-11,1845.96
2015-09-14,1827.73
2015-09-15,1821.34
2015-09-16,1814.39
2015-09-17,1827.72
2015-09-18,1821.69
2015-09-21,1810.84
2015-09-22,1819.09
2015-09-23,1807.24
2015-09-24,1810.23
2015-09-25,1814.87
2015-09-30,1810.38
2015-10-01,1800.42
2015-10-02,1784.48
2015-10-05,1792.59
2015-10-06,1775.38
2015-10-07,1773.87
2015-10-08,1784.68
2015-10-12,1776.43
2015-10-13,1760.34
2015-10-14,1750.28
2015-10-15,1779.66
2015-10-16,1754.17
2015-10-19,1743.02
2015-10-20,1740.05
2015-10-21,1745.61
2015-10-22,1744.24
2015-10-23,1751.52
2015-10-26,1726.33
2015-10-27,1740.84
2015-10-28,1731.47
2015-10-29,1730.05
2015-10-30,1749.78
2015-11-02,1757.26
2015-11-03,1757.81
2015-11-04,1747.42
2015-11-05,1738.02
2015-11-06,1729.47
2015-11-09,1713.08
2015-11-10,1744.6
2015-11-11,1751.31
2015-11-12,1756.85
2015-11-13,1758.36
2015-11-16,1768.08
2015-11-17,1782.8
2015-11-18,1779.23
2015-11-19,1787.38
2015-11-20,1780.12
2015-11-23,1756.98
2015-11-24,1750.92
2015-11-25,1743.34
2015-11-26,1731.91
2015-11-27,1730.29
2015-11-30,1730.14
2015-12-01,1743.15
2015-12-02,1745.78
2015-12-03,1732.75
2015-12-04,1767.56
2015-12-07,1747.75
2015-12-08,1755.14
2015-12-09,1765.23
2015-12-10,1788.39
2015-12-11,1784.68
2015-12-14,1792.26
2015-12-15,1799.49
2015-12-16,1779.02
2015-12-17,1765.06
2015-12-18,1757.03
2015-12-21,1766.15
2015-12-22,1753.87
2015-12-23,1743.57
2015-12-24,1742.85
2015-12-28,1747.54
2015-12-29,1734.04
2015-12-30,1730.3
2015-12-31,1735.91
2016-01-04,1726.59
2016-01-05,1742.16
2016-01-06,1743.78
2016-01-07,1746.56
2016-01-08,1754.62
2016-01-11,1737.6
2016-01-12,1757.97
2016-01-13,1745.13
2016-01-14,1739.93
2016-01-15,1748.47
2016-01-18,1726.4
2016-01-19,1727.93
2016-01-20,1714.13
2016-01-21,1718.96
2016-01-22,1721.51
2016-01-25,1716.55
2016-01-26,1702.2
2016-01-27,1723.83
2016-01-28,1710.46
2016-01-29,1735.08
2016-02-01,1717.03
2016-02-02,1737.13
2016-02-03,1734.03
2016-02-04,1775.29
2016-02-05,1753.54
2016-02-11,1736.66
2016-02-12,1732.66
2016-02-15,1750.75
2016-02-16,1747.1
2016-02-17,1740.29
2016-02-18,1749.87
2016-02-19,1757.04
2016-02-22,1763.92
2016-02-23,1745.29
2016-02-24,1725.15
2016-02-25,1719.89
2016-02-26,1725.04
2016-02-29,1712.51
2016-03-02,1731.74
2016-03-03,1735.46
2016-03-04,1727.24
2016-03-07,1719.15
2016-03-08,1712.26
2016-03-09,1712.35
2016-03-10,1726.53
2016-03-11,1726.95
2016-03-14,1725.74
2016-03-15,1696.52
2016-03-16,1683.19
2016-03-17,1699.84
2016-03-18,1700.09
2016-03-21,1679.76
2016-03-22,1674.89
2016-03-23,1648.46
2016-03-24,1635.53
2016-03-25,1651.8
2016-03-28,1652.77
2016-03-29,1667.85
2016-03-30,1672.86
2016-03-31,1658.44
2016-04-01,1644.19
2016-04-04,1634.2
2016-04-05,1637.16
2016-04-06,1635.08
2016-04-07,1633.23
2016-04-08,1623.11
2016-04-11,1633.44
2016-04-12,1634.85
2016-04-14,1625.13
2016-04-15,1631.66
2016-04-18,1631.29
2016-04-19,1643.48
2016-04-20,1641.52
2016-04-21,1623.27
2016-04-22,1625.18
2016-04-25,1648.55
2016-04-26,1665.05
2016-04-27,1676.09
2016-04-28,1665.91
2016-04-29,1670.95
2016-05-02,1661.06
2016-05-03,1673.1
2016-05-04,1653.91
2016-05-09,1664.67
2016-05-10,1678.74
2016-05-11,1695.73
2016-05-12,1686.27
2016-05-13,1681.89
2016-05-16,1678.32
2016-05-17,1699.01
2016-05-18,1696.12
2016-05-19,1724.35
2016-05-20,1738.98
2016-05-23,1722.94
2016-05-24,1713.42
2016-05-25,1737.44
2016-05-26,1743.48
2016-05-27,1731.88
2016-05-30,1724.2
2016-05-31,1741.97
2016-06-01,1725.21
2016-06-02,1718.62
2016-06-03,1714.39
2016-06-07,1714.79
2016-06-08,1691.41
2016-06-09,1678.25
2016-06-10,1671.63
2016-06-13,1654.16
2016-06-14,1666.61
2016-06-15,1654.51
2016-06-16,1669.88
2016-06-17,1663.12
2016-06-20,1696.14
2016-06-21,1706.3
2016-06-22,1698.15
2016-06-23,1711.3
2016-06-24,1707.46
2016-06-27,1572.45
2016-06-28,1565.33
2016-06-29,1570.59
2016-06-30,1566.93
2016-07-01,1537.28
2016-07-04,1524.11
2016-07-05,1525.08
2016-07-06,1495.73
2016-07-07,1503.59
2016-07-08,1490.28
2016-07-11,1500.58
2016-07-12,1491.51
2016-07-13,1523.4
2016-07-14,1502.64
2016-07-15,1523.9
2016-07-18,1501.05
2016-07-19,1508.04
2016-07-20,1492.56
2016-07-21,1508.99
2016-07-22,1508.03
2016-07-25,1491.39
2016-07-26,1489.11
2016-07-27,1496.26
2016-07-28,1499.68
2016-07-29,1481.7
2016-08-01,1482.07
2016-08-02,1464.85
2016-08-03,1479.61
2016-08-04,1484.46
2016-08-05,1461.47
2016-08-08,1453.14
2016-08-09,1451.02
2016-08-10,1440.14
2016-08-11,1427.29
2016-08-12,1423.57
2016-08-16,1419.43
2016-08-17,1427.33
2016-08-18,1437.73
2016-08-19,1456.35
2016-08-22,1458.24
2016-08-23,1477.91
2016-08-24,1474.86
2016-08-25,1484.16
2016-08-26,1476.07
2016-08-29,1463.0
2016-08-30,1474.69
2016-08-31,1463.28
2016-09-01,1468.49
2016-09-02,1485.42
2016-09-05,1485.63
2016-09-06,1473.74
2016-09-07,1483.57
2016-09-08,1458.11
2016-09-09,1454.5
2016-09-12,1458.05
2016-09-13,1481.04
2016-09-19,1447.88
2016-09-20,1460.2
2016-09-21,1453.95
2016-09-22,1455.3
2016-09-23,1442.74
2016-09-26,1432.81
2016-09-27,1435.59
2016-09-28,1436.59
2016-09-29,1430.82
2016-09-30,1422.28
2016-10-04,1416.13
2016-10-05,1407.12
2016-10-06,1420.1
2016-10-07,1336.39
2016-10-10,1387.26
2016-10-11,1373.47
2016-10-12,1364.83
2016-10-13,1369.58
2016-10-14,1384.3
2016-10-17,1377.49
2016-10-18,1389.85
2016-10-19,1392.11
2016-10-20,1379.75
2016-10-21,1377.35
2016-10-24,1386.25
2016-10-25,1386.64
2016-10-26,1384.2
2016-10-27,1385.66
2016-10-28,1386.26
2016-10-31,1396.0
2016-11-01,1400.76
2016-11-02,1397.62
2016-11-03,1413.07
2016-11-04,1421.7
2016-11-07,1426.16
2016-11-08,1415.18
2016-11-09,1406.92
2016-11-10,1422.51
2016-11-11,1443.87
2016-11-14,1465.92
2016-11-15,1462.48
2016-11-16,1455.16
2016-11-17,1452.23
2016-11-18,1457.96
2016-11-21,1459.96
2016-11-22,1477.72
2016-11-23,1460.26
2016-11-24,1460.17
2016-11-25,1472.38
2016-11-28,1469.73
2016-11-29,1453.1
2016-11-30,1459.63
2016-12-01,1461.58
2016-12-02,1476.83
2016-12-05,1479.98
2016-12-06,1494.07
2016-12-07,1482.81
2016-12-08,1476.78
2016-12-09,1458.55
2016-12-12,1467.72
2016-12-13,1483.87
2016-12-14,1475.64
2016-12-15,1462.36
2016-12-16,1466.22
2016-12-19,1478.3
2016-12-20,1469.95
2016-12-21,1473.51
2016-12-22,1475.25
2016-12-23,1471.92
2016-12-26,1476.86
2016-12-27,1472.26
2016-12-28,1479.2
2016-12-29,1476.11
2016-12-30,1480.17
2017-01-02,1492.2
2017-01-03,1483.48
2017-01-04,1476.93
2017-01-05,1486.71
2017-01-06,1480.21
2017-01-09,1458.01
2017-01-10,1467.58
2017-01-11,1459.12
2017-01-12,1459.97
2017-01-13,1438.52
2017-01-16,1418.3
2017-01-17,1419.85
2017-01-18,1464.67
2017-01-19,1429.84
2017-01-20,1452.25
2017-01-23,1451.79
2017-01-24,1462.69
2017-01-25,1457.87
2017-01-26,1473.2
2017-01-31,1446.9
2017-02-01,1466.78
2017-02-02,1462.89
2017-02-03,1440.12
2017-02-06,1431.38
2017-02-07,1418.37
2017-02-08,1428.42
2017-02-09,1436.22
2017-02-10,1431.61
2017-02-13,1437.81
2017-02-14,1442.99
2017-02-15,1427.76
2017-02-16,1422.78
2017-02-17,1422.09
2017-02-20,1422.35
2017-02-21,1430.89
2017-02-22,1431.78
2017-02-23,1421.22
2017-02-24,1430.22
2017-02-27,1406.74
2017-02-28,1408.22
2017-03-02,1391.43
2017-03-03,1401.23
2017-03-06,1417.48
2017-03-07,1415.36
2017-03-08,1404.81
2017-03-09,1395.81
2017-03-10,1405.01
2017-03-13,1409.01
2017-03-14,1401.34
2017-03-15,1394.49
2017-03-16,1408.63
2017-03-17,1397.82
2017-03-20,1401.58
2017-03-21,1389.88
2017-03-22,1394.7
2017-03-23,1401.72
2017-03-24,1401.85
2017-03-27,1404.83
2017-03-28,1399.16
2017-03-29,1385.06
2017-03-30,1385.93
2017-03-31,1392.45
2017-04-03,1404.55
2017-04-04,1390.75
2017-04-05,1391.63
2017-04-06,1403.54
2017-04-07,1410.41
2017-04-10,1403.5
2017-04-11,1418.21
2017-04-12,1430.93
2017-04-13,1436.08
2017-04-14,1415.21
2017-04-17,1426.92
2017-04-18,1427.1
2017-04-19,1461.58
2017-04-20,1457.23
2017-04-21,1461.85
2017-04-24,1457.01
2017-04-25,1447.44
2017-04-26,1450.77
2017-04-27,1445.92
2017-04-28,1457.26
2017-05-02,1461.69
2017-05-04,1455.21
2017-05-08,1467.88
2017-05-10,1466.23
2017-05-11,1466.97
2017-05-12,1456.97
2017-05-15,1452.05
2017-05-16,1451.71
2017-05-17,1443.34
2017-05-18,1450.4
2017-05-19,1456.57
2017-05-22,1468.51
2017-05-23,1452.34
2017-05-24,1452.3
2017-05-25,1461.48
2017-05-26,1445.69
2017-05-29,1434.7
2017-05-30,1435.97
2017-05-31,1439.1
2017-06-01,1444.04
2017-06-02,1443.47
2017-06-05,1442.65
2017-06-07,1443.46
2017-06-08,1454.34
2017-06-09,1437.86
2017-06-12,1428.81
2017-06-13,1426.19
2017-06-14,1439.63
2017-06-15,1436.1
2017-06-16,1431.96
2017-06-19,1447.29
2017-06-20,1440.56
2017-06-21,1436.14
2017-06-22,1447.57
2017-06-23,1446.42
2017-06-26,1452.83
2017-06-27,1443.97
2017-06-28,1456.92
2017-06-29,1477.13
2017-06-30,1482.73
2017-07-03,1488.69
2017-07-04,1481.86
2017-07-05,1485.82
2017-07-06,1486.68
2017-07-07,1495.86
2017-07-10,1489.71
2017-07-11,1481.19
2017-07-12,1478.4
2017-07-13,1476.51
2017-07-14,1472.27
2017-07-17,1489.24
2017-07-18,1472.75
2017-07-19,1468.08
2017-07-20,1461.14
2017-07-21,1458.21
2017-07-24,1457.62
2017-07-25,1453.66
2017-07-26,1454.0
2017-07-27,1468.99
2017-07-28,1454.2
2017-07-31,1471.28
2017-08-01,1480.57
2017-08-02,1476.88
2017-08-03,1485.26
2017-08-04,1481.95
2017-08-07,1468.53
2017-08-08,1469.27
2017-08-09,1462.34
2017-08-10,1476.3
2017-08-11,1480.63
2017-08-14,1490.99
2017-08-16,1464.41
2017-08-17,1469.46
2017-08-18,1462.3
2017-08-21,1469.75
2017-08-22,1467.89
2017-08-23,1456.24
2017-08-24,1448.06
2017-08-25,1442.94
2017-08-28,1457.12
2017-08-29,1448.12
2017-08-30,1455.78
2017-08-31,1450.71
2017-09-01,1456.67
2017-09-04,1455.3
2017-09-05,1462.69
2017-09-06,1475.5
2017-09-07,1479.2
2017-09-08,1479.38
2017-09-11,1486.7
2017-09-12,1488.4
2017-09-13,1501.28
2017-09-14,1489.99
2017-09-15,1517.78
2017-09-18,1539.58
2017-09-19,1524.36
2017-09-20,1527.14
2017-09-21,1524.62
2017-09-22,1537.38
2017-09-25,1534.29
2017-09-26,1524.47
2017-09-27,1528.61
2017-09-28,1526.63
2017-09-29,1540.53
2017-10-10,1505.28
2017-10-11,1502.77
2017-10-12,1501.42
2017-10-13,1503.4
2017-10-16,1501.14
2017-10-17,1493.39
2017-10-18,1492.66
2017-10-19,1493.09
2017-10-20,1489.43
2017-10-23,1492.13
2017-10-24,1494.5
2017-10-25,1481.85
2017-10-26,1497.25
2017-10-27,1476.51
2017-10-30,1484.26
2017-10-31,1485.51
2017-11-01,1489.68
2017-11-02,1479.76
2017-11-03,1453.19
2017-11-06,1455.3
2017-11-07,1470.97
2017-11-08,1464.31
2017-11-09,1461.18
2017-11-10,1464.58
2017-11-13,1471.13
2017-11-14,1469.74
2017-11-15,1472.0
2017-11-16,1467.66
2017-11-17,1456.69
2017-11-20,1447.84
2017-11-21,1454.78
2017-11-22,1453.37
2017-11-23,1454.21
2017-11-24,1447.63
2017-11-27,1446.47
2017-11-28,1449.01
2017-11-29,1453.04
2017-11-30,1451.82
2017-12-01,1467.38
2017-12-04,1466.06
2017-12-05,1466.48
2017-12-06,1453.78
2017-12-07,1461.34
2017-12-08,1472.96
2017-12-11,1464.12
2017-12-12,1457.53
2017-12-13,1451.85
2017-12-14,1464.57
2017-12-15,1458.89
2017-12-18,1450.46
2017-12-19,1457.49
2017-12-20,1455.01
2017-12-21,1448.05
2017-12-22,1446.22
2017-12-26,1442.94
2017-12-27,1440.41
2017-12-28,1441.41
2017-12-29,1439.53
2018-01-02,1447.3
2018-01-03,1446.86
2018-01-04,1439.83
2018-01-05,1444.23
2018-01-08,1441.59
2018-01-09,1445.42
2018-01-10,1444.59
2018-01-11,1446.36
2018-01-12,1450.08
2018-01-15,1462.68
2018-01-16,1464.01
2018-01-17,1467.31
2018-01-18,1472.51
2018-01-19,1486.2
2018-01-22,1482.16
2018-01-23,1494.86
2018-01-24,1497.63
2018-01-25,1524.11
2018-01-26,1500.08
2018-01-29,1506.59
2018-01-30,1498.65
2018-01-31,1516.12
2018-02-01,1520.71
2018-02-02,1527.55
2018-02-05,1516.53
2018-02-06,1521.91
2018-02-07,1527.15
2018-02-08,1502.97
2018-02-09,1514.33
2018-02-12,1510.11
2018-02-13,1499.59
2018-02-14,1503.58
2018-02-19,1515.75
2018-02-20,1495.15
2018-02-21,1497.88
2018-02-22,1495.9
2018-02-23,1511.73
2018-02-26,1506.77
2018-02-27,1499.26
2018-02-28,1489.65
2018-03-02,1489.83
2018-03-05,1492.03
2018-03-06,1496.55
2018-03-07,1495.34
2018-03-08,1485.87
2018-03-09,1475.83
2018-03-12,1481.48
2018-03-13,1479.7
2018-03-14,1488.98
2018-03-15,1488.55
2018-03-16,1485.25
2018-03-19,1491.45
2018-03-20,1502.41
2018-03-21,1499.67
2018-03-22,1515.12
2018-03-23,1508.43
2018-03-26,1529.66
2018-03-27,1538.93
2018-03-28,1519.04
2018-03-29,1505.88
2018-03-30,1496.78
2018-04-02,1493.62
2018-04-03,1487.11
2018-04-04,1487.64
2018-04-05,1489.89
2018-04-06,1483.78
2018-04-09,1502.05
2018-04-10,1508.54
2018-04-11,1513.73
2018-04-12,1512.42
2018-04-13,1521.03
2018-04-16,1523.52
2018-04-17,1538.72
2018-04-18,1526.96
2018-04-19,1515.28
2018-04-20,1497.78
2018-04-23,1494.91
2018-04-24,1489.83
2018-04-25,1505.56
2018-04-26,1503.22
2018-04-27,1502.51
2018-04-30,1482.2
2018-05-02,1452.71
2018-05-03,1459.55
2018-05-04,1460.86
2018-05-08,1460.06
2018-05-09,1460.91
2018-05-10,1465.32
2018-05-11,1453.75
2018-05-14,1447.74
2018-05-15,1446.52
2018-05-16,1448.22
2018-05-17,1461.53
2018-05-18,1458.73
2018-05-21,1455.46
2018-05-23,1456.25
2018-05-24,1440.9
2018-05-25,1444.91
2018-05-28,1435.59
2018-05-29,1428.64
2018-05-30,1426.85
2018-05-31,1436.51
2018-06-01,1430.97
2018-06-04,1436.89
2018-06-05,1425.85
2018-06-07,1435.19
2018-06-08,1433.34
2018-06-11,1439.27
2018-06-12,1436.34
2018-06-14,1438.65
2018-06-15,1436.42
2018-06-18,1448.72
2018-06-19,1463.16
2018-06-20,1456.22
2018-06-21,1459.85
2018-06-22,1469.15
2018-06-25,1471.45
2018-06-26,1482.35
2018-06-27,1474.8
2018-06-28,1466.57
2018-06-29,1466.85
2018-07-02,1475.54
2018-07-03,1468.32
2018-07-04,1478.84
2018-07-05,1475.54
2018-07-06,1478.69
2018-07-09,1485.84
2018-07-10,1473.8
2018-07-11,1477.34
2018-07-12,1480.18
2018-07-13,1485.71
2018-07-16,1486.15
2018-07-17,1493.95
2018-07-18,1474.63
2018-07-19,1476.09
2018-07-20,1472.31
2018-07-23,1491.58
2018-07-24,1478.62
2018-07-25,1492.62
2018-07-26,1487.68
2018-07-27,1467.24
2018-07-30,1468.32
2018-07-31,1466.9
2018-08-01,1466.46
2018-08-02,1469.31
2018-08-03,1461.4
2018-08-06,1467.09
2018-08-07,1454.48
2018-08-08,1456.77
2018-08-09,1441.46
2018-08-10,1433.32
2018-08-13,1438.34
2018-08-14,1447.11
2018-08-16,1437.26
2018-08-17,1437.35
2018-08-20,1434.8
2018-08-21,1435.44
2018-08-22,1442.93
2018-08-23,1444.86
2018-08-24,1435.97
2018-08-27,1441.79
2018-08-28,1436.5
2018-08-29,1428.74
2018-08-30,1444.16
2018-08-31,1442.38
2018-09-03,1439.27
2018-09-04,1433.13
2018-09-05,1432.53
2018-09-06,1442.99
2018-09-07,1449.6
2018-09-10,1451.66
2018-09-11,1469.8
2018-09-12,1467.26
2018-09-13,1470.73
2018-09-14,1469.73
2018-09-17,1463.41
2018-09-18,1481.29
2018-09-19,1482.89
2018-09-20,1475.85
2018-09-21,1486.56
2018-09-27,1470.62
2018-09-28,1454.74
2018-10-01,1447.2
2018-10-02,1449.0
2018-10-04,1445.4
2018-10-05,1469.39
2018-10-08,1484.16
2018-10-10,1487.45
2018-10-11,1495.47
2018-10-12,1511.87
2018-10-15,1485.13
2018-10-16,1491.04
2018-10-17,1487.51
2018-10-18,1473.69
2018-10-19,1474.48
2018-10-22,1482.02
2018-10-23,1466.49
2018-10-24,1474.72
2018-10-25,1458.95
2018-10-26,1459.78
2018-10-29,1463.96
2018-10-30,1457.69
2018-10-31,1449.36
2018-11-01,1455.04
2018-11-02,1480.44
2018-11-05,1464.16
2018-11-06,1466.7
2018-11-07,1470.92
2018-11-08,1471.8
2018-11-09,1461.3
2018-11-12,1455.7
2018-11-13,1454.96
2018-11-14,1479.59
2018-11-15,1471.67
2018-11-16,1442.83
2018-11-19,1448.63
2018-11-20,1449.78
2018-11-21,1442.81
2018-11-22,1445.24
2018-11-23,1453.64
2018-11-26,1449.3
2018-11-27,1447.29
2018-11-28,1439.63
2018-11-29,1448.21
2018-11-30,1434.0
2018-12-03,1427.15
2018-12-04,1417.46
2018-12-05,1411.22
2018-12-06,1418.34
2018-12-07,1428.88
2018-12-10,1421.9
2018-12-11,1412.9
2018-12-12,1410.73
2018-12-13,1425.17
2018-12-14,1422.25
2018-12-17,1421.15
2018-12-18,1427.57
2018-12-19,1429.61
2018-12-20,1420.1
2018-12-21,1430.15
2018-12-24,1420.72
2018-12-26,1427.48
2018-12-27,1422.93
2018-12-28,1417.88
2018-12-31,1420.32
2019-01-02,1425.41
2019-01-03,1402.89
2019-01-04,1424.88
2019-01-07,1432.55
2019-01-08,1429.2
2019-01-09,1427.59
2019-01-10,1435.42
2019-01-11,1426.37
2019-01-14,1437.35
2019-01-15,1443.13
2019-01-16,1440.62
2019-01-17,1445.19
2019-01-18,1456.31
2019-01-21,1442.94
2019-01-22,1452.68
2019-01-23,1464.85
2019-01-24,1475.52
2019-01-25,1473.79
2019-01-28,1486.2
2019-01-29,1469.0
2019-01-30,1462.53
2019-01-31,1465.49
2019-02-01,1457.09
2019-02-07,1444.41
2019-02-08,1454.63
2019-02-11,1454.43
2019-02-12,1445.77
2019-02-13,1450.23
2019-02-14,1441.44
2019-02-15,1439.66
2019-02-18,1454.79
2019-02-19,1453.79
2019-02-20,1472.74
2019-02-21,1464.6
2019-02-22,1465.66
2019-02-25,1470.56
2019-02-26,1470.32
2019-02-27,1482.59
2019-02-28,1488.52
2019-03-04,1481.74
2019-03-05,1482.58
2019-03-06,1481.27
2019-03-07,1485.43
2019-03-08,1476.15
2019-03-11,1472.78
2019-03-12,1503.16
2019-03-13,1475.94
2019-03-14,1505.86
2019-03-15,1500.83
2019-03-18,1510.22
2019-03-19,1501.98
2019-03-20,1500.65
2019-03-21,1492.01
2019-03-22,1477.05
2019-03-25,1492.8
2019-03-26,1499.26
2019-03-27,1495.67
2019-03-28,1493.27
2019-03-29,1485.45
2019-04-01,1479.37
2019-04-02,1481.06
2019-04-03,1491.19
2019-04-04,1495.46
2019-04-05,1484.44
2019-04-08,1481.58
2019-04-09,1490.95
2019-04-10,1491.98
2019-04-11,1493.77
2019-04-12,1487.45
2019-04-15,1491.77
2019-04-16,1485.35
2019-04-17,1481.29
2019-04-18,1481.3
2019-04-19,1475.98
2019-04-22,1477.72
2019-04-23,1480.93
2019-04-24,1476.18
2019-04-25,1480.07
2019-04-26,1494.67
2019-04-29,1498.51
2019-04-30,1497.73
2019-05-02,1519.4
2019-05-03,1516.97
2019-05-07,1531.5
2019-05-08,1528.87
2019-05-09,1522.33
2019-05-10,1529.54
2019-05-13,1532.35
2019-05-14,1532.53
2019-05-15,1532.36
2019-05-16,1527.84
2019-05-17,1522.53
2019-05-20,1517.89
2019-05-21,1518.2
2019-05-22,1515.97
2019-05-23,1512.96
2019-05-24,1508.36
2019-05-27,1513.83
2019-05-28,1501.62
2019-05-29,1503.32
2019-05-30,1506.71
2019-05-31,1500.77
2019-06-03,1505.14
2019-06-04,1498.45
2019-06-05,1500.56
2019-06-07,1497.87
2019-06-10,1500.56
2019-06-11,1502.32
2019-06-12,1503.48
2019-06-13,1499.87
2019-06-14,1502.14
2019-06-17,1491.07
2019-06-18,1487.32
2019-06-19,1488.3
2019-06-20,1489.08
2019-06-21,1483.45
2019-06-24,1480.56
2019-06-25,1475.05
2019-06-26,1465.26
2019-06-27,1470.28
2019-06-28,1465.84
2019-07-01,1468.57
2019-07-02,1461.18
2019-07-03,1467.24
2019-07-04,1472.42
2019-07-05,1471.03
2019-07-08,1465.98
2019-07-09,1475.36
2019-07-10,1470.27
2019-07-11,1477.87
2019-07-12,1470.48
2019-07-15,1480.04
2019-07-16,1476.24
2019-07-17,1462.46
2019-07-18,1467.65
2019-07-19,1478.68
2019-07-22,1467.57
2019-07-23,1469.06
2019-07-24,1465.52
2019-07-25,1470.57
2019-07-26,1469.15
2019-07-29,1466.1
2019-07-30,1446.41
2019-07-31,1437.37
2019-08-01,1436.3
2019-08-02,1440.82
2019-08-05,1451.68
2019-08-06,1472.76
2019-08-07,1477.5
2019-08-08,1475.31
2019-08-09,1470.4
2019-08-12,1455.09
2019-08-13,1468.38
2019-08-14,1469.93
2019-08-16,1464.7
2019-08-19,1475.01
2019-08-20,1468.09
2019-08-21,1472.21
2019-08-22,1460.45
2019-08-23,1476.31
2019-08-26,1486.88
2019-08-27,1489.01
2019-08-28,1490.35
2019-08-29,1482.78
2019-08-30,1480.72
2019-09-02,1471.24
2019-09-03,1461.85
2019-09-04,1468.99
2019-09-05,1482.06
2019-09-06,1478.69
2019-09-09,1470.63
2019-09-10,1472.08
2019-09-11,1472.65
2019-09-16,1489.07
2019-09-17,1471.59
2019-09-18,1485.43
2019-09-19,1485.21
2019-09-20,1496.68
2019-09-23,1485.42
2019-09-24,1483.56
2019-09-25,1491.49
2019-09-26,1480.8
2019-09-27,1477.95
2019-09-30,1476.58
2019-10-01,1473.52
2019-10-02,1472.47
2019-10-04,1484.94
2019-10-07,1476.02
2019-10-08,1470.2
2019-10-10,1459.15
2019-10-11,1486.81
2019-10-14,1502.74
2019-10-15,1492.05
2019-10-16,1511.03
2019-10-17,1522.15
2019-10-18,1527.39
2019-10-21,1523.67
2019-10-22,1523.73
2019-10-23,1509.35
2019-10-24,1516.01
2019-10-25,1503.33
2019-10-28,1506.62
2019-10-29,1503.64
2019-10-30,1500.64
2019-10-31,1507.82
2019-11-01,1502.72
2019-11-04,1510.64
2019-11-05,1495.0
2019-11-06,1494.73
2019-11-07,1488.2
2019-11-08,1487.25
2019-11-11,1478.77
2019-11-12,1492.68
2019-11-13,1494.98
2019-11-14,1500.83
2019-11-15,1507.77
2019-11-18,1506.86
2019-11-19,1508.14
2019-11-20,1510.71
2019-11-21,1512.41
2019-11-22,1519.27
2019-11-25,1512.94
2019-11-26,1517.36
2019-11-27,1510.63
2019-11-28,1521.45
2019-11-29,1522.71
2019-12-02,1524.24
2019-12-03,1527.61
2019-12-04,1541.82
2019-12-05,1564.7
2019-12-06,1566.24
2019-12-09,1562.79
2019-12-10,1563.1
2019-12-11,1563.78
2019-12-12,1574.8
2019-12-13,1599.62
2019-12-16,1563.99
2019-12-17,1558.67
2019-12-18,1531.94
2019-12-19,1524.68
2019-12-20,1515.25
2019-12-23,1512.19
2019-12-24,1512.19
2019-12-26,1509.14
2019-12-27,1509.44
2019-12-30,1519.04
2019-12-31,1518.69
2020-01-02,1535.13
2020-01-03,1520.46
2020-01-06,1520.11
2020-01-07,1540.77
2020-01-08,1528.35
2020-01-09,1538.36
2020-01-10,1516.0
2020-01-13,1514.48
2020-01-14,1501.25
2020-01-15,1501.34
2020-01-16,1511.36
