,JPY(100)
2010-01-04,1256.5
2010-01-05,1250.96
2010-01-06,1248.35
2010-01-07,1232.35
2010-01-08,1211.91
2010-01-11,1223.96
2010-01-12,1216.58
2010-01-13,1234.23
2010-01-14,1232.05
2010-01-15,1230.24
2010-01-18,1236.8
2010-01-19,1243.13
2010-01-20,1234.21
2010-01-21,1240.88
2010-01-22,1261.78
2010-01-25,1277.6
2010-01-26,1272.75
2010-01-27,1284.75
2010-01-28,1289.08
2010-01-29,1287.0
2010-02-01,1284.13
2010-02-02,1287.26
2010-02-03,1283.3
2010-02-04,1267.2
2010-02-05,1291.85
2010-02-08,1312.49
2010-02-09,1313.91
2010-02-10,1299.4
2010-02-11,1287.13
2010-02-12,1289.46
2010-02-16,1282.72
2010-02-17,1277.38
2010-02-18,1252.96
2010-02-19,1246.47
2010-02-22,1262.94
2010-02-23,1259.85
2010-02-24,1272.93
2010-02-25,1282.06
2010-02-26,1299.31
2010-03-02,1301.18
2010-03-03,1298.38
2010-03-04,1295.67
2010-03-05,1283.08
2010-03-08,1262.05
2010-03-09,1255.97
2010-03-10,1261.54
2010-03-11,1250.77
2010-03-12,1247.45
2010-03-15,1248.11
2010-03-16,1253.48
2010-03-17,1254.72
2010-03-18,1249.72
2010-03-19,1251.16
2010-03-22,1252.03
2010-03-23,1259.63
2010-03-24,1254.48
2010-03-25,1233.1
2010-03-26,1231.67
2010-03-29,1235.67
2010-03-30,1230.92
2010-03-31,1217.68
2010-04-01,1209.87
2010-04-02,1202.05
2010-04-05,1188.85
2010-04-06,1192.29
2010-04-07,1198.29
2010-04-08,1202.1
2010-04-09,1202.05
2010-04-12,1201.33
2010-04-13,1194.65
2010-04-14,1201.95
2010-04-15,1195.56
2010-04-16,1191.57
2010-04-19,1209.47
2010-04-20,1208.02
2010-04-21,1197.98
2010-04-22,1193.21
2010-04-23,1186.24
2010-04-26,1180.73
2010-04-27,1175.59
2010-04-28,1187.49
2010-04-29,1190.76
2010-04-30,1186.77
2010-05-03,1178.44
2010-05-04,1178.99
2010-05-06,1188.15
2010-05-07,1252.86
2010-05-10,1258.98
2010-05-11,1218.09
2010-05-12,1220.81
2010-05-13,1221.79
2010-05-14,1219.01
2010-05-17,1227.29
2010-05-18,1243.81
2010-05-19,1250.97
2010-05-20,1271.6
2010-05-24,1306.58
2010-05-25,1344.72
2010-05-26,1389.15
2010-05-27,1392.42
2010-05-28,1357.08
2010-05-31,1318.54
2010-06-01,1317.47
2010-06-03,1311.46
2010-06-04,1300.83
2010-06-07,1310.6
2010-06-08,1349.95
2010-06-09,1349.27
2010-06-10,1360.57
2010-06-11,1380.8
2010-06-14,1353.73
2010-06-15,1337.19
2010-06-16,1338.4
2010-06-17,1324.51
2010-06-18,1338.29
2010-06-21,1333.52
2010-06-22,1292.37
2010-06-23,1305.95
2010-06-24,1321.32
2010-06-25,1322.47
2010-06-28,1348.6
2010-06-29,1343.56
2010-06-30,1364.56
2010-07-01,1391.04
2010-07-02,1404.04
2010-07-05,1392.24
2010-07-06,1396.56
2010-07-07,1403.95
2010-07-08,1392.52
2010-07-09,1369.67
2010-07-12,1352.59
2010-07-13,1350.82
2010-07-14,1356.0
2010-07-15,1357.94
2010-07-16,1377.98
2010-07-19,1387.51
2010-07-20,1402.34
2010-07-21,1388.25
2010-07-22,1384.56
2010-07-23,1384.93
2010-07-26,1367.68
2010-07-27,1372.79
2010-07-28,1348.45
2010-07-29,1356.85
2010-07-30,1369.95
2010-08-02,1370.89
2010-08-03,1354.97
2010-08-04,1362.99
2010-08-05,1355.08
2010-08-06,1360.9
2010-08-09,1364.59
2010-08-10,1349.28
2010-08-11,1367.06
2010-08-12,1381.4
2010-08-13,1386.3
2010-08-16,1377.32
2010-08-17,1398.66
2010-08-18,1376.58
2010-08-19,1373.22
2010-08-20,1375.18
2010-08-23,1379.35
2010-08-24,1387.33
2010-08-25,1411.69
2010-08-26,1411.0
2010-08-27,1415.67
2010-08-30,1398.71
2010-08-31,1405.97
2010-09-01,1423.15
2010-09-02,1410.16
2010-09-03,1401.86
2010-09-06,1395.91
2010-09-07,1392.71
2010-09-08,1404.66
2010-09-09,1400.74
2010-09-10,1391.79
2010-09-13,1384.2
2010-09-14,1388.4
2010-09-15,1398.01
2010-09-16,1354.97
2010-09-17,1354.76
2010-09-20,1356.86
2010-09-24,1375.02
2010-09-27,1371.04
2010-09-28,1362.91
2010-09-29,1368.73
2010-09-30,1363.34
2010-10-01,1366.25
2010-10-04,1361.42
2010-10-05,1345.18
2010-10-06,1358.77
2010-10-07,1349.76
2010-10-08,1356.4
2010-10-11,1368.58
2010-10-12,1358.17
2010-10-13,1377.5
2010-10-14,1368.58
2010-10-15,1364.48
2010-10-18,1370.84
2010-10-19,1376.71
2010-10-20,1377.21
2010-10-21,1395.46
2010-10-22,1384.81
2010-10-25,1388.87
2010-10-26,1381.65
2010-10-27,1373.43
2010-10-28,1378.13
2010-10-29,1390.69
2010-11-01,1399.04
2010-11-02,1387.82
2010-11-03,1382.05
2010-11-04,1370.06
2010-11-05,1370.73
2010-11-08,1360.77
2010-11-09,1371.74
2010-11-10,1365.9
2010-11-11,1355.51
2010-11-12,1342.59
2010-11-15,1357.3
2010-11-16,1358.68
2010-11-17,1354.2
2010-11-18,1369.21
2010-11-19,1364.28
2010-11-22,1355.9
2010-11-23,1352.83
2010-11-24,1364.12
2010-11-25,1375.43
2010-11-26,1368.0
2010-11-29,1365.22
2010-11-30,1373.41
2010-12-01,1379.83
2010-12-02,1371.52
2010-12-03,1370.74
2010-12-06,1382.88
2010-12-07,1371.57
2010-12-08,1358.65
2010-12-09,1357.09
2010-12-10,1358.96
2010-12-13,1359.05
2010-12-14,1370.04
2010-12-15,1363.84
2010-12-16,1365.44
2010-12-17,1376.38
2010-12-20,1369.59
2010-12-21,1390.34
2010-12-22,1376.91
2010-12-23,1382.84
2010-12-24,1386.85
2010-12-27,1389.29
2010-12-28,1389.7
2010-12-29,1392.51
2010-12-30,1403.42
2010-12-31,1397.08
2011-01-03,1403.1
2011-01-04,1379.37
2011-01-05,1367.24
2011-01-06,1351.43
2011-01-07,1348.99
2011-01-10,1350.38
2011-01-11,1355.26
2011-01-12,1350.44
2011-01-13,1348.75
2011-01-14,1344.05
2011-01-17,1344.88
2011-01-18,1347.15
2011-01-19,1351.81
2011-01-20,1355.22
2011-01-21,1347.8
2011-01-24,1357.78
2011-01-25,1357.61
2011-01-26,1359.36
2011-01-27,1359.6
2011-01-28,1344.8
2011-01-31,1356.59
2011-02-01,1368.15
2011-02-07,1357.69
2011-02-08,1344.51
2011-02-09,1342.16
2011-02-10,1341.27
2011-02-11,1335.45
2011-02-14,1342.48
2011-02-15,1349.06
2011-02-16,1340.86
2011-02-17,1340.07
2011-02-18,1339.9
2011-02-21,1339.43
2011-02-22,1342.88
2011-02-23,1360.36
2011-02-24,1365.76
2011-02-25,1375.44
2011-02-28,1380.96
2011-03-02,1377.85
2011-03-03,1379.21
2011-03-04,1362.46
2011-03-07,1356.75
2011-03-08,1358.16
2011-03-09,1350.82
2011-03-10,1347.67
2011-03-11,1348.85
2011-03-14,1380.35
2011-03-15,1382.02
2011-03-16,1399.34
2011-03-17,1439.85
2011-03-18,1436.82
2011-03-21,1396.07
2011-03-22,1385.55
2011-03-23,1384.47
2011-03-24,1388.83
2011-03-25,1385.75
2011-03-28,1367.99
2011-03-29,1363.19
2011-03-30,1352.42
2011-03-31,1331.89
2011-04-01,1319.62
2011-04-04,1299.69
2011-04-05,1292.08
2011-04-06,1280.27
2011-04-07,1271.75
2011-04-08,1280.0
2011-04-11,1276.12
2011-04-12,1282.48
2011-04-13,1306.49
2011-04-14,1303.93
2011-04-15,1302.64
2011-04-18,1307.26
2011-04-19,1322.77
2011-04-20,1322.12
2011-04-21,1313.89
2011-04-22,1318.8
2011-04-25,1319.27
2011-04-26,1323.26
2011-04-27,1331.98
2011-04-28,1312.87
2011-04-29,1313.77
2011-05-02,1320.17
2011-05-03,1313.47
2011-05-04,1320.83
2011-05-06,1337.4
2011-05-09,1344.49
2011-05-11,1333.13
2011-05-12,1327.04
2011-05-13,1336.09
2011-05-16,1346.65
2011-05-17,1352.14
2011-05-18,1338.4
2011-05-19,1330.19
2011-05-20,1327.42
2011-05-23,1325.21
2011-05-24,1332.48
2011-05-25,1333.66
2011-05-26,1337.52
2011-05-27,1341.58
2011-05-30,1338.61
2011-05-31,1335.56
2011-06-01,1322.16
2011-06-02,1329.63
2011-06-03,1333.74
2011-06-07,1344.44
2011-06-08,1347.89
2011-06-09,1352.97
2011-06-10,1348.57
2011-06-13,1345.7
2011-06-14,1354.33
2011-06-15,1345.29
2011-06-16,1338.73
2011-06-17,1350.99
2011-06-20,1356.96
2011-06-21,1349.7
2011-06-22,1347.91
2011-06-23,1337.4
2011-06-24,1338.51
2011-06-27,1339.92
2011-06-28,1344.43
2011-06-29,1334.07
2011-06-30,1335.69
2011-07-01,1326.35
2011-07-04,1318.99
2011-07-05,1317.24
2011-07-06,1314.58
2011-07-07,1315.42
2011-07-08,1309.99
2011-07-11,1312.42
2011-07-12,1319.18
2011-07-13,1342.91
2011-07-14,1346.42
2011-07-15,1335.23
2011-07-18,1337.0
2011-07-19,1342.36
2011-07-20,1338.68
2011-07-21,1338.53
2011-07-22,1344.67
2011-07-25,1341.5
2011-07-26,1347.17
2011-07-27,1351.26
2011-07-28,1347.36
2011-07-29,1353.22
2011-08-01,1362.97
2011-08-02,1355.59
2011-08-03,1359.59
2011-08-04,1372.58
2011-08-05,1334.38
2011-08-08,1366.21
2011-08-09,1383.91
2011-08-10,1417.61
2011-08-11,1408.42
2011-08-12,1412.84
2011-08-16,1403.46
2011-08-17,1393.23
2011-08-18,1401.49
2011-08-19,1398.77
2011-08-22,1409.38
2011-08-23,1409.58
2011-08-24,1408.47
2011-08-25,1401.48
2011-08-26,1401.47
2011-08-29,1412.75
2011-08-30,1398.67
2011-08-31,1396.81
2011-09-01,1394.39
2011-09-02,1383.21
2011-09-05,1382.64
2011-09-06,1388.94
2011-09-07,1380.83
2011-09-08,1385.7
2011-09-09,1383.9
2011-09-14,1398.13
2011-09-15,1434.96
2011-09-16,1443.78
2011-09-19,1439.12
2011-09-20,1464.67
2011-09-21,1504.64
2011-09-22,1499.02
2011-09-23,1543.15
2011-09-26,1548.0
2011-09-28,1534.97
2011-09-29,1532.04
2011-09-30,1536.61
2011-10-04,1538.29
2011-10-05,1561.65
2011-10-06,1552.91
2011-10-07,1548.08
2011-10-10,1536.23
2011-10-11,1529.63
2011-10-12,1517.86
2011-10-13,1518.16
2011-10-14,1505.85
2011-10-17,1502.88
2011-10-18,1491.51
2011-10-19,1493.62
2011-10-20,1480.9
2011-10-21,1482.08
2011-10-24,1507.64
2011-10-25,1493.73
2011-10-26,1481.64
2011-10-27,1482.98
2011-10-28,1480.77
2011-10-31,1457.99
2011-11-01,1411.04
2011-11-02,1420.79
2011-11-03,1442.18
2011-11-04,1449.53
2011-11-07,1423.67
2011-11-08,1428.02
2011-11-09,1435.85
2011-11-10,1435.54
2011-11-11,1460.88
2011-11-14,1459.95
2011-11-15,1453.53
2011-11-16,1461.84
2011-11-17,1472.61
2011-11-18,1477.98
2011-11-21,1477.48
2011-11-22,1481.35
2011-11-23,1489.96
2011-11-24,1486.48
2011-11-25,1499.71
2011-11-28,1495.49
2011-11-29,1479.5
2011-11-30,1475.69
2011-12-01,1469.75
2011-12-02,1449.68
2011-12-05,1444.94
2011-12-06,1451.8
2011-12-07,1455.11
2011-12-08,1450.94
2011-12-09,1456.69
2011-12-12,1471.75
2011-12-13,1469.17
2011-12-14,1482.04
2011-12-15,1483.83
2011-12-16,1491.27
2011-12-19,1486.22
2011-12-20,1499.07
2011-12-21,1499.36
2011-12-22,1474.19
2011-12-23,1478.89
2011-12-26,1472.36
2011-12-27,1474.17
2011-12-28,1484.18
2011-12-29,1484.99
2011-12-30,1485.16
2012-01-02,1494.69
2012-01-03,1502.21
2012-01-04,1499.54
2012-01-05,1495.28
2012-01-06,1490.61
2012-01-09,1507.65
2012-01-10,1514.64
2012-01-11,1504.59
2012-01-12,1507.97
2012-01-13,1509.54
2012-01-16,1495.55
2012-01-17,1502.21
2012-01-18,1492.81
2012-01-19,1488.31
2012-01-20,1474.31
2012-01-25,1460.36
2012-01-26,1449.36
2012-01-27,1447.79
2012-01-30,1464.23
2012-01-31,1473.09
2012-02-01,1475.59
2012-02-02,1478.31
2012-02-03,1467.94
2012-02-06,1461.66
2012-02-07,1462.87
2012-02-08,1460.67
2012-02-09,1449.13
2012-02-10,1439.92
2012-02-13,1444.38
2012-02-14,1450.23
2012-02-15,1432.43
2012-02-16,1432.53
2012-02-17,1429.68
2012-02-20,1408.49
2012-02-21,1410.16
2012-02-22,1409.78
2012-02-23,1402.27
2012-02-24,1410.38
2012-02-27,1379.41
2012-02-28,1401.57
2012-02-29,1399.21
2012-03-02,1380.45
2012-03-05,1364.05
2012-03-06,1371.76
2012-03-07,1387.37
2012-03-08,1388.22
2012-03-09,1372.98
2012-03-12,1352.93
2012-03-13,1363.01
2012-03-14,1352.35
2012-03-15,1341.21
2012-03-16,1350.76
2012-03-19,1346.18
2012-03-20,1346.36
2012-03-21,1342.22
2012-03-22,1350.75
2012-03-23,1368.07
2012-03-26,1374.72
2012-03-27,1373.52
2012-03-28,1367.25
2012-03-29,1370.78
2012-03-30,1380.74
2012-04-02,1368.73
2012-04-03,1372.55
2012-04-04,1357.26
2012-04-05,1368.77
2012-04-06,1371.92
2012-04-09,1389.32
2012-04-10,1394.63
2012-04-12,1405.68
2012-04-13,1411.9
2012-04-16,1401.85
2012-04-17,1415.31
2012-04-18,1406.22
2012-04-19,1397.77
2012-04-20,1396.22
2012-04-23,1396.36
2012-04-24,1403.36
2012-04-25,1402.74
2012-04-26,1401.3
2012-04-27,1403.48
2012-04-30,1412.01
2012-05-02,1411.68
2012-05-03,1406.52
2012-05-04,1408.19
2012-05-07,1417.74
2012-05-08,1425.32
2012-05-09,1421.94
2012-05-10,1431.17
2012-05-11,1430.54
2012-05-14,1432.4
2012-05-15,1438.21
2012-05-16,1438.04
2012-05-17,1445.42
2012-05-18,1465.17
2012-05-21,1482.59
2012-05-22,1470.51
2012-05-23,1455.06
2012-05-24,1473.84
2012-05-25,1479.64
2012-05-29,1483.38
2012-05-30,1482.24
2012-05-31,1489.1
2012-06-01,1507.62
2012-06-04,1509.91
2012-06-05,1507.59
2012-06-07,1507.59
2012-06-08,1469.62
2012-06-11,1475.47
2012-06-12,1471.91
2012-06-13,1470.2
2012-06-14,1470.13
2012-06-15,1468.97
2012-06-18,1471.93
2012-06-19,1464.75
2012-06-20,1465.24
2012-06-21,1450.58
2012-06-22,1433.77
2012-06-25,1437.34
2012-06-26,1457.28
2012-06-27,1458.81
2012-06-28,1451.73
2012-06-29,1453.79
2012-07-02,1441.86
2012-07-03,1439.34
2012-07-04,1430.22
2012-07-05,1420.46
2012-07-06,1422.23
2012-07-09,1429.34
2012-07-10,1435.63
2012-07-11,1439.58
2012-07-12,1436.5
2012-07-13,1444.62
2012-07-16,1454.43
2012-07-17,1456.07
2012-07-18,1444.73
2012-07-19,1447.51
2012-07-20,1446.3
2012-07-23,1453.86
2012-07-24,1464.75
2012-07-25,1468.91
2012-07-26,1472.96
2012-07-27,1465.98
2012-07-30,1451.45
2012-07-31,1453.59
2012-08-01,1450.59
2012-08-02,1438.08
2012-08-03,1444.6
2012-08-06,1444.51
2012-08-07,1439.8
2012-08-08,1433.22
2012-08-09,1438.23
2012-08-10,1432.64
2012-08-13,1441.39
2012-08-14,1444.05
2012-08-16,1429.31
2012-08-17,1428.52
2012-08-20,1425.18
2012-08-21,1430.1
2012-08-22,1428.39
2012-08-23,1442.39
2012-08-24,1439.41
2012-08-27,1440.08
2012-08-28,1442.12
2012-08-29,1446.64
2012-08-30,1440.55
2012-08-31,1443.97
2012-09-03,1448.6
2012-09-04,1445.28
2012-09-05,1442.98
2012-09-06,1447.24
2012-09-07,1438.02
2012-09-10,1445.37
2012-09-11,1442.3
2012-09-12,1452.2
2012-09-13,1446.35
2012-09-14,1453.63
2012-09-17,1430.18
2012-09-18,1416.23
2012-09-19,1418.13
2012-09-20,1425.05
2012-09-21,1428.46
2012-09-24,1432.65
2012-09-25,1438.41
2012-09-26,1437.97
2012-09-27,1442.34
2012-09-28,1441.12
2012-10-02,1426.06
2012-10-04,1417.81
2012-10-05,1417.67
2012-10-08,1410.73
2012-10-09,1419.1
2012-10-10,1418.93
2012-10-11,1426.4
2012-10-12,1422.98
2012-10-15,1416.32
2012-10-16,1412.73
2012-10-17,1403.7
2012-10-18,1396.61
2012-10-19,1392.66
2012-10-22,1394.79
2012-10-23,1382.67
2012-10-24,1380.64
2012-10-25,1382.22
2012-10-26,1371.61
2012-10-29,1376.04
2012-10-30,1373.91
2012-10-31,1374.5
2012-11-01,1366.32
2012-11-02,1360.65
2012-11-05,1355.61
2012-11-06,1360.29
2012-11-07,1357.92
2012-11-08,1359.47
2012-11-09,1368.98
2012-11-12,1371.51
2012-11-13,1368.2
2012-11-14,1372.31
2012-11-15,1356.07
2012-11-16,1339.29
2012-11-19,1338.45
2012-11-20,1336.49
2012-11-21,1326.23
2012-11-22,1312.65
2012-11-23,1314.62
2012-11-26,1318.33
2012-11-27,1322.4
2012-11-28,1320.14
2012-11-29,1322.29
2012-11-30,1320.55
2012-12-03,1314.64
2012-12-04,1318.05
2012-12-05,1322.88
2012-12-06,1313.47
2012-12-07,1313.96
2012-12-10,1312.0
2012-12-11,1310.51
2012-12-12,1304.87
2012-12-13,1292.91
2012-12-14,1282.35
2012-12-17,1276.93
2012-12-18,1279.24
2012-12-20,1273.68
2012-12-21,1272.78
2012-12-24,1274.62
2012-12-26,1265.59
2012-12-27,1255.1
2012-12-28,1241.89
2012-12-31,1247.5
2013-01-02,1236.05
2013-01-03,1218.96
2013-01-04,1216.33
2013-01-07,1205.78
2013-01-08,1216.01
2013-01-09,1222.14
2013-01-10,1206.25
2013-01-11,1193.41
2013-01-14,1180.58
2013-01-15,1180.53
2013-01-16,1188.05
2013-01-17,1195.01
2013-01-18,1174.93
2013-01-21,1171.36
2013-01-22,1181.12
2013-01-23,1198.78
2013-01-24,1204.11
2013-01-25,1182.64
2013-01-29,1194.09
2013-01-30,1198.7
2013-01-31,1188.47
2013-02-01,1186.04
2013-02-04,1177.69
2013-02-05,1181.26
2013-02-06,1160.86
2013-02-07,1163.19
2013-02-08,1163.28
2013-02-12,1160.1
2013-02-13,1173.09
2013-02-14,1164.98
2013-02-15,1167.73
2013-02-18,1149.95
2013-02-19,1153.17
2013-02-20,1155.96
2013-02-21,1150.51
2013-02-22,1165.07
2013-02-25,1153.66
2013-02-26,1177.41
2013-02-27,1182.09
2013-02-28,1176.2
2013-03-04,1156.43
2013-03-05,1167.65
2013-03-06,1164.43
2013-03-07,1153.38
2013-03-08,1144.54
2013-03-11,1133.31
2013-03-12,1137.13
2013-03-13,1141.46
2013-03-14,1142.4
2013-03-15,1149.84
2013-03-18,1169.18
2013-03-19,1168.98
2013-03-20,1167.83
2013-03-21,1163.03
2013-03-22,1174.45
2013-03-25,1180.04
2013-03-26,1181.44
2013-03-27,1170.89
2013-03-28,1175.44
2013-03-29,1180.13
2013-04-01,1179.18
2013-04-02,1196.82
2013-04-03,1191.63
2013-04-04,1205.4
2013-04-05,1166.31
2013-04-08,1143.05
2013-04-09,1142.64
2013-04-10,1148.08
2013-04-11,1141.15
2013-04-12,1132.23
2013-04-15,1149.67
2013-04-16,1158.35
2013-04-17,1146.25
2013-04-18,1136.61
2013-04-19,1141.69
2013-04-22,1120.18
2013-04-23,1128.98
2013-04-24,1126.34
2013-04-25,1124.71
2013-04-26,1121.02
2013-04-29,1132.47
2013-04-30,1132.04
2013-05-02,1132.73
2013-05-03,1122.43
2013-05-06,1109.44
2013-05-07,1101.16
2013-05-08,1107.29
2013-05-09,1099.58
2013-05-10,1080.46
2013-05-13,1081.94
2013-05-14,1094.62
2013-05-15,1084.83
2013-05-16,1088.72
2013-05-20,1083.37
2013-05-21,1094.03
2013-05-22,1086.45
2013-05-23,1078.12
2013-05-24,1100.53
2013-05-27,1113.63
2013-05-28,1112.53
2013-05-29,1100.14
2013-05-30,1118.42
2013-05-31,1116.58
2013-06-03,1120.21
2013-06-04,1131.55
2013-06-05,1119.39
2013-06-07,1151.32
2013-06-10,1130.33
2013-06-11,1136.67
2013-06-12,1178.48
2013-06-13,1181.22
2013-06-14,1188.27
2013-06-17,1197.09
2013-06-18,1191.95
2013-06-19,1182.21
2013-06-20,1172.57
2013-06-21,1179.33
2013-06-24,1174.51
2013-06-25,1186.71
2013-06-26,1179.99
2013-06-27,1179.41
2013-06-28,1167.15
2013-07-01,1152.27
2013-07-02,1140.89
2013-07-03,1123.91
2013-07-04,1140.26
2013-07-05,1137.19
2013-07-08,1125.66
2013-07-09,1141.53
2013-07-10,1131.97
2013-07-11,1151.76
2013-07-12,1136.72
2013-07-15,1130.84
2013-07-16,1123.16
2013-07-17,1127.85
2013-07-18,1121.63
2013-07-19,1115.72
2013-07-22,1118.02
2013-07-23,1124.4
2013-07-24,1122.22
2013-07-25,1110.82
2013-07-26,1125.74
2013-07-29,1134.79
2013-07-30,1132.91
2013-07-31,1135.4
2013-08-01,1144.38
2013-08-02,1127.21
2013-08-05,1137.17
2013-08-06,1135.84
2013-08-07,1141.6
2013-08-08,1157.94
2013-08-09,1151.25
2013-08-12,1154.28
2013-08-13,1144.59
2013-08-14,1136.21
2013-08-16,1151.22
2013-08-19,1141.02
2013-08-20,1140.62
2013-08-21,1152.56
2013-08-22,1144.3
2013-08-23,1139.28
2013-08-26,1131.9
2013-08-27,1131.16
2013-08-28,1149.18
2013-08-29,1143.47
2013-08-30,1129.19
2013-09-02,1127.93
2013-09-03,1109.04
2013-09-04,1099.58
2013-09-05,1101.89
2013-09-06,1091.83
2013-09-09,1096.17
2013-09-10,1091.8
2013-09-11,1080.52
2013-09-12,1087.92
2013-09-13,1087.66
2013-09-16,1097.43
2013-09-17,1092.03
2013-09-23,1092.85
2013-09-24,1089.24
2013-09-25,1088.45
2013-09-26,1093.14
2013-09-27,1085.53
2013-09-30,1098.67
2013-10-01,1093.46
2013-10-02,1095.81
2013-10-04,1105.56
2013-10-07,1102.3
2013-10-08,1106.69
2013-10-10,1101.02
2013-10-11,1095.81
2013-10-14,1089.18
2013-10-15,1086.59
2013-10-16,1086.92
2013-10-17,1078.75
2013-10-18,1085.85
2013-10-21,1084.56
2013-10-22,1081.69
2013-10-23,1081.93
2013-10-24,1085.09
2013-10-25,1085.59
2013-10-28,1089.59
2013-10-29,1086.66
2013-10-30,1080.9
2013-10-31,1077.51
2013-11-01,1077.9
2013-11-04,1076.32
2013-11-05,1076.96
2013-11-06,1077.84
2013-11-07,1076.42
2013-11-08,1080.69
2013-11-11,1072.18
2013-11-12,1077.28
2013-11-13,1074.82
2013-11-14,1080.63
2013-11-15,1066.66
2013-11-18,1063.3
2013-11-19,1061.6
2013-11-20,1054.11
2013-11-21,1055.56
2013-11-22,1049.57
2013-11-25,1048.18
2013-11-26,1044.57
2013-11-27,1046.49
2013-11-28,1037.76
2013-11-29,1038.17
2013-12-02,1032.42
2013-12-03,1027.44
2013-12-04,1036.38
2013-12-05,1036.94
2013-12-06,1043.53
2013-12-09,1025.88
2013-12-10,1019.46
2013-12-11,1023.29
2013-12-12,1026.79
2013-12-13,1017.48
2013-12-16,1020.25
2013-12-17,1021.35
2013-12-18,1025.15
2013-12-19,1008.63
2013-12-20,1015.01
2013-12-23,1020.57
2013-12-24,1018.53
2013-12-26,1015.27
2013-12-27,1010.68
2013-12-30,1001.9
2013-12-31,1004.66
2014-01-02,1001.52
2014-01-03,1002.43
2014-01-06,1005.2
2014-01-07,1018.99
2014-01-08,1020.69
2014-01-09,1016.69
2014-01-10,1015.74
2014-01-13,1021.14
2014-01-14,1025.33
2014-01-15,1015.35
2014-01-16,1016.07
2014-01-17,1020.13
2014-01-20,1017.65
2014-01-21,1021.21
2014-01-22,1020.52
2014-01-23,1022.2
2014-01-24,1037.66
2014-01-27,1056.54
2014-01-28,1056.22
2014-01-29,1043.71
2014-02-03,1048.2
2014-02-04,1070.95
2014-02-05,1068.21
2014-02-06,1063.28
2014-02-07,1054.83
2014-02-10,1048.01
2014-02-11,1048.42
2014-02-12,1044.99
2014-02-13,1038.63
2014-02-14,1041.0
2014-02-17,1043.48
2014-02-18,1040.01
2014-02-19,1039.31
2014-02-20,1042.75
2014-02-21,1047.24
2014-02-24,1046.31
2014-02-25,1050.0
2014-02-26,1047.25
2014-02-27,1045.08
2014-02-28,1044.82
2014-03-03,1051.06
2014-03-04,1056.84
2014-03-05,1048.67
2014-03-06,1046.07
2014-03-07,1035.71
2014-03-10,1029.8
2014-03-11,1032.05
2014-03-12,1033.94
2014-03-13,1040.74
2014-03-14,1048.37
2014-03-17,1057.72
2014-03-18,1050.47
2014-03-19,1052.95
2014-03-20,1045.5
2014-03-21,1050.15
2014-03-24,1057.25
2014-03-25,1056.2
2014-03-26,1054.06
2014-03-27,1053.3
2014-03-28,1049.55
2014-03-31,1038.73
2014-04-01,1032.84
2014-04-02,1023.35
2014-04-03,1017.67
2014-04-04,1018.29
2014-04-07,1022.07
2014-04-08,1021.58
2014-04-09,1033.85
2014-04-10,1022.34
2014-04-11,1021.04
2014-04-14,1022.22
2014-04-15,1019.78
2014-04-16,1022.49
2014-04-17,1018.69
2014-04-18,1012.74
2014-04-21,1012.54
2014-04-22,1011.2
2014-04-23,1013.01
2014-04-24,1014.25
2014-04-25,1015.3
2014-04-28,1016.83
2014-04-29,1011.9
2014-04-30,1005.31
2014-05-02,1008.94
2014-05-07,1014.26
2014-05-08,1006.92
2014-05-09,1007.43
2014-05-12,1004.37
2014-05-13,1002.79
2014-05-14,1000.39
2014-05-15,1006.04
2014-05-16,1011.08
2014-05-19,1010.14
2014-05-20,1007.83
2014-05-21,1011.31
2014-05-22,1012.18
2014-05-23,1007.32
2014-05-26,1004.61
2014-05-27,1004.61
2014-05-28,1003.58
2014-05-29,1004.91
2014-05-30,1004.18
2014-06-02,1002.06
2014-06-03,999.61
2014-06-05,997.23
2014-06-09,996.88
2014-06-10,992.39
2014-06-11,993.4
2014-06-12,996.72
2014-06-13,1000.64
2014-06-16,998.09
2014-06-17,1001.13
2014-06-18,1000.34
2014-06-19,1003.68
2014-06-20,999.02
2014-06-23,998.73
2014-06-24,999.51
2014-06-25,998.58
2014-06-26,1002.46
2014-06-27,1000.34
2014-06-30,1000.0
2014-07-01,998.96
2014-07-02,996.41
2014-07-03,992.09
2014-07-04,987.82
2014-07-07,988.05
2014-07-08,991.6
2014-07-09,995.91
2014-07-10,996.11
2014-07-11,999.06
2014-07-14,1004.14
2014-07-15,1003.05
2014-07-16,1006.84
2014-07-17,1015.84
2014-07-18,1017.64
2014-07-21,1018.1
2014-07-22,1013.26
2014-07-23,1009.81
2014-07-24,1007.44
2014-07-25,1009.87
2014-07-28,1011.45
2014-07-29,1006.53
2014-07-30,1003.57
2014-07-31,995.72
2014-08-01,998.59
2014-08-04,1007.85
2014-08-05,1006.09
2014-08-06,1004.68
2014-08-07,1012.88
2014-08-08,1013.27
2014-08-11,1016.06
2014-08-12,1008.17
2014-08-13,1005.38
2014-08-14,1003.66
2014-08-18,1001.22
2014-08-19,991.62
2014-08-20,989.17
2014-08-21,984.43
2014-08-22,985.99
2014-08-25,978.41
2014-08-26,980.78
2014-08-27,978.0
2014-08-28,976.47
2014-08-29,977.58
2014-09-01,974.6
2014-09-02,972.25
2014-09-03,966.04
2014-09-04,971.86
2014-09-05,965.98
2014-09-11,959.18
2014-09-12,966.23
2014-09-15,967.29
2014-09-16,969.71
2014-09-17,966.03
2014-09-18,952.55
2014-09-19,957.44
2014-09-22,958.76
2014-09-23,956.75
2014-09-24,957.5
2014-09-25,952.07
2014-09-26,959.99
2014-09-29,952.63
2014-09-30,960.24
2014-10-01,962.1
2014-10-02,973.6
2014-10-06,966.22
2014-10-07,983.18
2014-10-08,987.87
2014-10-10,993.84
2014-10-13,997.58
2014-10-14,999.02
2014-10-15,991.84
2014-10-16,1005.05
2014-10-17,995.63
2014-10-20,991.46
2014-10-21,991.72
2014-10-22,985.1
2014-10-23,983.11
2014-10-24,975.64
2014-10-27,979.47
2014-10-28,976.12
2014-10-29,971.74
2014-10-30,962.45
2014-10-31,964.05
2014-11-03,937.61
2014-11-04,944.77
2014-11-05,951.79
2014-11-06,940.7
2014-11-07,945.19
2014-11-10,954.23
2014-11-11,945.05
2014-11-12,940.66
2014-11-13,950.42
2014-11-14,947.8
2014-11-17,943.42
2014-11-18,940.14
2014-11-19,940.36
2014-11-20,934.57
2014-11-21,940.91
2014-11-24,942.0
2014-11-25,939.75
2014-11-26,943.65
2014-11-27,941.21
2014-11-28,933.85
2014-12-01,930.29
2014-12-02,943.81
2014-12-03,928.33
2014-12-04,930.18
2014-12-05,931.27
2014-12-08,914.26
2014-12-09,927.66
2014-12-10,929.38
2014-12-11,936.61
2014-12-12,923.39
2014-12-15,933.1
2014-12-16,936.69
2014-12-17,937.32
2014-12-18,914.45
2014-12-19,927.64
2014-12-22,921.28
2014-12-23,913.47
2014-12-24,911.54
2014-12-26,918.18
2014-12-29,913.28
2014-12-30,910.01
2014-12-31,920.14
2015-01-02,917.3
2015-01-05,914.98
2015-01-06,928.79
2015-01-07,931.25
2015-01-08,921.83
2015-01-09,917.1
2015-01-12,923.32
2015-01-13,914.81
2015-01-14,917.96
2015-01-15,920.87
2015-01-16,931.28
2015-01-19,916.89
2015-01-20,917.11
2015-01-21,913.83
2015-01-22,921.37
2015-01-23,914.59
2015-01-26,921.62
2015-01-27,911.26
2015-01-28,918.94
2015-01-29,922.05
2015-01-30,921.36
2015-02-02,935.83
2015-02-03,936.2
2015-02-04,934.37
2015-02-05,928.92
2015-02-06,926.94
2015-02-09,914.15
2015-02-10,924.72
2015-02-11,913.3
2015-02-12,911.92
2015-02-13,929.77
2015-02-16,925.59
2015-02-17,927.6
2015-02-23,925.0
2015-02-24,933.74
2015-02-25,931.83
2015-02-26,927.64
2015-02-27,920.72
2015-03-02,918.43
2015-03-03,917.34
2015-03-04,919.04
2015-03-05,916.19
2015-03-06,915.95
2015-03-09,910.71
2015-03-10,914.81
2015-03-11,924.71
2015-03-12,927.74
2015-03-13,931.97
2015-03-16,927.6
2015-03-17,934.14
2015-03-18,931.31
2015-03-19,937.04
2015-03-20,922.15
2015-03-23,934.44
2015-03-24,932.99
2015-03-25,924.47
2015-03-26,922.95
2015-03-27,926.3
2015-03-30,926.23
2015-03-31,920.26
2015-04-01,924.38
2015-04-02,922.41
2015-04-03,917.03
2015-04-06,920.57
2015-04-07,908.79
2015-04-08,905.93
2015-04-09,910.26
2015-04-10,907.46
2015-04-13,910.54
2015-04-14,913.19
2015-04-15,918.63
2015-04-16,919.66
2015-04-17,915.01
2015-04-20,912.19
2015-04-21,907.66
2015-04-22,905.52
2015-04-23,901.61
2015-04-24,905.8
2015-04-27,907.6
2015-04-28,902.22
2015-04-29,901.09
2015-04-30,897.22
2015-05-04,889.99
2015-05-06,900.87
2015-05-07,905.32
2015-05-08,907.58
2015-05-11,910.67
2015-05-12,907.3
2015-05-13,914.38
2015-05-14,918.85
2015-05-15,917.53
2015-05-18,912.23
2015-05-19,904.96
2015-05-20,904.0
2015-05-21,903.37
2015-05-22,904.13
2015-05-26,897.41
2015-05-27,892.97
2015-05-28,894.73
2015-05-29,894.63
2015-06-01,892.04
2015-06-02,890.53
2015-06-03,898.39
2015-06-04,889.53
2015-06-05,891.95
2015-06-08,885.11
2015-06-09,900.12
2015-06-10,899.9
2015-06-11,909.74
2015-06-12,899.11
2015-06-15,901.53
2015-06-16,904.5
2015-06-17,905.54
2015-06-18,905.12
2015-06-19,902.61
2015-06-22,899.5
2015-06-23,891.51
2015-06-24,891.12
2015-06-25,894.88
2015-06-26,897.99
2015-06-29,909.43
2015-06-30,917.15
2015-07-01,913.61
2015-07-02,907.62
2015-07-03,912.69
2015-07-06,915.9
2015-07-07,918.68
2015-07-08,921.86
2015-07-09,940.81
2015-07-10,933.57
2015-07-13,922.04
2015-07-14,915.86
2015-07-15,923.68
2015-07-16,921.12
2015-07-17,925.05
2015-07-20,923.65
2015-07-21,926.82
2015-07-22,935.29
2015-07-23,929.63
2015-07-24,938.21
2015-07-27,940.75
2015-07-28,948.01
2015-07-29,943.68
2015-07-30,934.32
2015-07-31,939.28
2015-08-03,943.37
2015-08-04,939.83
2015-08-05,940.67
2015-08-06,939.33
2015-08-07,938.41
2015-08-10,936.76
2015-08-11,935.65
2015-08-12,935.8
2015-08-13,958.34
2015-08-17,944.57
2015-08-18,950.05
2015-08-19,952.45
2015-08-20,956.5
2015-08-21,959.83
2015-08-24,982.24
2015-08-25,1011.05
2015-08-26,1004.33
2015-08-27,988.57
2015-08-28,978.15
2015-08-31,970.06
2015-09-01,975.91
2015-09-02,982.86
2015-09-03,977.92
2015-09-04,988.43
2015-09-07,1000.17
2015-09-08,1007.63
2015-09-09,1002.96
2015-09-10,990.07
2015-09-11,990.56
2015-09-14,980.98
2015-09-15,981.47
2015-09-16,982.14
2015-09-17,978.23
2015-09-18,973.57
2015-09-21,972.37
2015-09-22,973.32
2015-09-23,980.75
2015-09-24,987.28
2015-09-25,990.85
2015-09-30,996.79
2015-10-01,992.58
2015-10-02,983.89
2015-10-05,984.04
2015-10-06,973.3
2015-10-07,968.81
2015-10-08,971.28
2015-10-12,964.36
2015-10-13,955.93
2015-10-14,958.09
2015-10-15,967.77
2015-10-16,953.21
2015-10-19,945.64
2015-10-20,941.44
2015-10-21,943.09
2015-10-22,943.65
2015-10-23,942.73
2015-10-26,928.86
2015-10-27,936.73
2015-10-28,939.38
2015-10-29,935.47
2015-10-30,944.09
2015-11-02,944.47
2015-11-03,944.3
2015-11-04,936.19
2015-11-05,929.36
2015-11-06,934.19
2015-11-09,923.33
2015-11-10,937.72
2015-11-11,940.06
2015-11-12,940.47
2015-11-13,941.57
2015-11-16,948.81
2015-11-17,951.52
2015-11-18,947.14
2015-11-19,949.7
2015-11-20,947.08
2015-11-23,941.56
2015-11-24,942.07
2015-11-25,943.23
2015-11-26,933.18
2015-11-27,934.39
2015-11-30,936.73
2015-12-01,939.88
2015-12-02,942.04
2015-12-03,940.3
2015-12-04,951.66
2015-12-07,939.0
2015-12-08,945.33
2015-12-09,956.99
2015-12-10,968.95
2015-12-11,968.14
2015-12-14,974.39
2015-12-15,980.29
2015-12-16,972.46
2015-12-17,962.54
2015-12-18,961.58
2015-12-21,976.18
2015-12-22,971.91
2015-12-23,971.62
2015-12-24,968.95
2015-12-28,974.05
2015-12-29,967.85
2015-12-30,968.97
2015-12-31,972.01
2016-01-04,974.19
2016-01-05,992.42
2016-01-06,997.15
2016-01-07,1007.72
2016-01-08,1020.54
2016-01-11,1023.49
2016-01-12,1026.98
2016-01-13,1026.63
2016-01-14,1025.68
2016-01-15,1026.45
2016-01-18,1035.71
2016-01-19,1032.75
2016-01-20,1028.61
2016-01-21,1036.13
2016-01-22,1026.99
2016-01-25,1013.43
2016-01-26,1009.25
2016-01-27,1014.91
2016-01-28,1012.6
2016-01-29,1017.13
2016-02-01,993.37
2016-02-02,995.66
2016-02-03,1004.38
2016-02-04,1031.58
2016-02-05,1029.4
2016-02-11,1053.37
2016-02-12,1063.95
2016-02-15,1062.2
2016-02-16,1057.37
2016-02-17,1065.56
2016-02-18,1073.21
2016-02-19,1081.96
2016-02-22,1096.95
2016-02-23,1092.1
2016-02-24,1098.25
2016-02-25,1102.75
2016-02-26,1094.81
2016-02-29,1085.83
2016-03-02,1088.37
2016-03-03,1085.46
2016-03-04,1071.7
2016-03-07,1061.53
2016-03-08,1059.57
2016-03-09,1069.81
2016-03-10,1071.7
2016-03-11,1068.46
2016-03-14,1055.17
2016-03-15,1042.66
2016-03-16,1050.85
2016-03-17,1057.83
2016-03-18,1054.4
2016-03-21,1041.1
2016-03-22,1039.61
2016-03-23,1032.69
2016-03-24,1030.73
2016-03-25,1034.8
2016-03-28,1031.81
2016-03-29,1031.35
2016-03-30,1031.44
2016-03-31,1026.02
2016-04-01,1016.84
2016-04-04,1028.51
2016-04-05,1031.87
2016-04-06,1047.24
2016-04-07,1053.45
2016-04-08,1065.48
2016-04-11,1068.61
2016-04-12,1065.11
2016-04-14,1046.3
2016-04-15,1054.44
2016-04-18,1061.73
2016-04-19,1057.46
2016-04-20,1044.27
2016-04-21,1030.96
2016-04-22,1037.05
2016-04-25,1023.45
2016-04-26,1034.09
2016-04-27,1033.02
2016-04-28,1027.85
2016-04-29,1058.19
2016-05-02,1068.09
2016-05-03,1071.83
2016-05-04,1065.05
2016-05-09,1075.17
2016-05-10,1074.69
2016-05-11,1074.55
2016-05-12,1077.33
2016-05-13,1068.13
2016-05-16,1077.24
2016-05-17,1080.59
2016-05-18,1075.14
2016-05-19,1072.23
2016-05-20,1083.28
2016-05-23,1078.75
2016-05-24,1082.88
2016-05-25,1080.1
2016-05-26,1076.39
2016-05-27,1076.33
2016-05-30,1065.46
2016-05-31,1072.76
2016-06-01,1075.67
2016-06-02,1088.82
2016-06-03,1092.73
2016-06-07,1103.77
2016-06-08,1083.41
2016-06-09,1081.65
2016-06-10,1080.14
2016-06-13,1090.12
2016-06-14,1105.63
2016-06-15,1105.77
2016-06-16,1111.24
2016-06-17,1121.38
2016-06-20,1118.94
2016-06-21,1119.81
2016-06-22,1105.94
2016-06-23,1103.56
2016-06-24,1086.91
2016-06-27,1143.96
2016-06-28,1160.84
2016-06-29,1145.77
2016-06-30,1132.15
2016-07-01,1116.86
2016-07-04,1118.48
2016-07-05,1119.72
2016-07-06,1135.12
2016-07-07,1152.6
2016-07-08,1148.5
2016-07-11,1151.66
2016-07-12,1117.79
2016-07-13,1097.34
2016-07-14,1100.21
2016-07-15,1084.18
2016-07-18,1073.29
2016-07-19,1069.86
2016-07-20,1071.59
2016-07-21,1064.63
2016-07-22,1077.13
2016-07-25,1067.48
2016-07-26,1075.34
2016-07-27,1087.35
2016-07-28,1077.89
2016-07-29,1073.68
2016-08-01,1096.79
2016-08-02,1084.91
2016-08-03,1097.76
2016-08-04,1099.87
2016-08-05,1100.86
2016-08-08,1087.96
2016-08-09,1086.57
2016-08-10,1086.24
2016-08-11,1082.94
2016-08-12,1078.38
2016-08-16,1088.1
2016-08-17,1091.56
2016-08-18,1101.14
2016-08-19,1105.35
2016-08-22,1111.03
2016-08-23,1121.6
2016-08-24,1114.45
2016-08-25,1116.3
2016-08-26,1112.71
2016-08-29,1092.97
2016-08-30,1103.57
2016-08-31,1086.29
2016-09-01,1081.18
2016-09-02,1084.33
2016-09-05,1074.36
2016-09-06,1071.29
2016-09-07,1082.64
2016-09-08,1075.19
2016-09-09,1068.36
2016-09-12,1073.78
2016-09-13,1090.53
2016-09-19,1087.29
2016-09-20,1100.14
2016-09-21,1100.62
2016-09-22,1112.46
2016-09-23,1094.29
2016-09-26,1093.43
2016-09-27,1103.31
2016-09-28,1099.71
2016-09-29,1085.77
2016-09-30,1083.68
2016-10-04,1083.37
2016-10-05,1074.79
2016-10-06,1076.19
2016-10-07,1069.95
2016-10-10,1082.73
2016-10-11,1071.82
2016-10-12,1080.73
2016-10-13,1077.51
2016-10-14,1091.06
2016-10-17,1087.5
2016-10-18,1097.71
2016-10-19,1090.22
2016-10-20,1086.04
2016-10-21,1080.61
2016-10-24,1091.29
2016-10-25,1087.52
2016-10-26,1091.79
2016-10-27,1083.07
2016-10-28,1083.33
2016-10-31,1094.42
2016-11-01,1091.71
2016-11-02,1097.46
2016-11-03,1111.36
2016-11-04,1107.81
2016-11-07,1099.58
2016-11-08,1091.97
2016-11-09,1081.48
2016-11-10,1083.45
2016-11-11,1077.11
2016-11-14,1090.67
2016-11-15,1080.5
2016-11-16,1071.8
2016-11-17,1072.6
2016-11-18,1065.84
2016-11-21,1065.28
2016-11-22,1067.56
2016-11-23,1057.68
2016-11-24,1043.98
2016-11-25,1044.02
2016-11-28,1044.34
2016-11-29,1046.64
2016-11-30,1038.81
2016-12-01,1020.76
2016-12-02,1027.47
2016-12-05,1034.01
2016-12-06,1031.37
2016-12-07,1025.52
2016-12-08,1029.27
2016-12-09,1015.73
2016-12-12,1009.83
2016-12-13,1018.5
2016-12-14,1011.5
2016-12-15,996.29
2016-12-16,997.89
2016-12-19,1004.88
2016-12-20,1013.06
2016-12-21,1010.78
2016-12-22,1016.47
2016-12-23,1018.75
2016-12-26,1025.97
2016-12-27,1023.38
2016-12-28,1026.01
2016-12-29,1031.7
2016-12-30,1036.81
2017-01-02,1034.45
2017-01-03,1028.83
2017-01-04,1025.99
2017-01-05,1028.51
2017-01-06,1031.91
2017-01-09,1014.81
2017-01-10,1040.17
2017-01-11,1035.01
2017-01-12,1036.92
2017-01-13,1031.44
2017-01-16,1030.49
2017-01-17,1034.75
2017-01-18,1047.73
2017-01-19,1017.5
2017-01-20,1023.16
2017-01-23,1025.72
2017-01-24,1035.87
2017-01-25,1021.91
2017-01-26,1028.58
2017-01-31,1017.89
2017-02-01,1034.25
2017-02-02,1019.5
2017-02-03,1018.48
2017-02-06,1019.15
2017-02-07,1017.48
2017-02-08,1016.37
2017-02-09,1023.87
2017-02-10,1010.81
2017-02-13,1012.44
2017-02-14,1012.39
2017-02-15,1000.83
2017-02-16,999.26
2017-02-17,1005.34
2017-02-20,1014.03
2017-02-21,1014.18
2017-02-22,1008.44
2017-02-23,1006.93
2017-02-24,1010.16
2017-02-27,1007.53
2017-02-28,1004.04
2017-03-02,993.38
2017-03-03,998.21
2017-03-06,1010.65
2017-03-07,1014.17
2017-03-08,1010.22
2017-03-09,1001.97
2017-03-10,1003.95
2017-03-13,1008.53
2017-03-14,998.56
2017-03-15,1000.39
2017-03-16,1010.89
2017-03-17,998.02
2017-03-20,1003.68
2017-03-21,999.87
2017-03-22,1002.11
2017-03-23,1010.2
2017-03-24,1008.96
2017-03-27,1014.82
2017-03-28,1007.0
2017-03-29,1000.31
2017-03-30,1002.56
2017-03-31,998.52
2017-04-03,1005.3
2017-04-04,1005.1
2017-04-05,1009.7
2017-04-06,1017.89
2017-04-07,1020.25
2017-04-10,1019.36
2017-04-11,1030.65
2017-04-12,1044.63
2017-04-13,1049.92
2017-04-14,1036.97
2017-04-17,1049.05
2017-04-18,1042.42
2017-04-19,1049.38
2017-04-20,1047.08
2017-04-21,1043.61
2017-04-24,1032.57
2017-04-25,1030.55
2017-04-26,1017.92
2017-04-27,1012.01
2017-04-28,1015.96
2017-05-02,1013.19
2017-05-04,1003.24
2017-05-08,1003.41
2017-05-10,995.39
2017-05-11,992.61
2017-05-12,993.63
2017-05-15,994.48
2017-05-16,990.1
2017-05-17,991.22
2017-05-18,1007.89
2017-05-19,1009.65
2017-05-22,1014.17
2017-05-23,1005.72
2017-05-24,1002.33
2017-05-25,1009.63
2017-05-26,1000.31
2017-05-29,1006.47
2017-05-30,1006.88
2017-05-31,1014.3
2017-06-01,1012.68
2017-06-02,1005.7
2017-06-05,1015.08
2017-06-07,1021.98
2017-06-08,1022.18
2017-06-09,1022.77
2017-06-12,1016.45
2017-06-13,1024.89
2017-06-14,1025.76
2017-06-15,1029.73
2017-06-16,1012.72
2017-06-19,1021.96
2017-06-20,1013.35
2017-06-21,1021.24
2017-06-22,1026.1
2017-06-23,1025.02
2017-06-26,1025.04
2017-06-27,1014.61
2017-06-28,1012.88
2017-06-29,1016.34
2017-06-30,1017.55
2017-07-03,1018.25
2017-07-04,1010.06
2017-07-05,1016.23
2017-07-06,1015.6
2017-07-07,1019.26
2017-07-10,1013.99
2017-07-11,1008.15
2017-07-12,1010.14
2017-07-13,1011.17
2017-07-14,1003.22
2017-07-17,1009.91
2017-07-18,1001.64
2017-07-19,1005.09
2017-07-20,1003.04
2017-07-21,1005.32
2017-07-24,1008.95
2017-07-25,1004.0
2017-07-26,997.54
2017-07-27,1007.83
2017-07-28,1000.54
2017-07-31,1012.26
2017-08-01,1016.81
2017-08-02,1013.19
2017-08-03,1013.95
2017-08-04,1025.65
2017-08-07,1015.93
2017-08-08,1017.88
2017-08-09,1021.79
2017-08-10,1031.78
2017-08-11,1045.2
2017-08-14,1049.92
2017-08-16,1029.16
2017-08-17,1035.2
2017-08-18,1037.21
2017-08-21,1043.92
2017-08-22,1044.12
2017-08-23,1035.14
2017-08-24,1038.57
2017-08-25,1028.98
2017-08-28,1033.26
2017-08-29,1031.15
2017-08-30,1027.23
2017-08-31,1017.44
2017-09-01,1022.94
2017-09-04,1022.45
2017-09-05,1031.5
2017-09-06,1041.76
2017-09-07,1038.33
2017-09-08,1042.64
2017-09-11,1040.59
2017-09-12,1033.54
2017-09-13,1025.09
2017-09-14,1020.64
2017-09-15,1028.94
2017-09-18,1020.53
2017-09-19,1011.98
2017-09-20,1013.23
2017-09-21,1004.58
2017-09-22,1007.25
2017-09-25,1011.75
2017-09-26,1011.86
2017-09-27,1012.07
2017-09-28,1009.7
2017-09-29,1020.42
2017-10-10,1016.86
2017-10-11,1012.99
2017-10-12,1009.11
2017-10-13,1009.75
2017-10-16,1010.41
2017-10-17,1004.5
2017-10-18,1008.69
2017-10-19,1000.0
2017-10-20,1005.73
2017-10-23,994.33
2017-10-24,998.24
2017-10-25,990.26
2017-10-26,992.92
2017-10-27,985.58
2017-10-30,993.58
2017-10-31,994.17
2017-11-01,986.49
2017-11-02,978.58
2017-11-03,976.11
2017-11-06,974.47
2017-11-07,981.24
2017-11-08,976.59
2017-11-09,978.53
2017-11-10,982.45
2017-11-13,983.1
2017-11-14,986.49
2017-11-15,985.98
2017-11-16,987.42
2017-11-17,976.17
2017-11-20,977.83
2017-11-21,976.19
2017-11-22,975.77
2017-11-23,981.08
2017-11-24,978.29
2017-11-27,971.66
2017-11-28,979.33
2017-11-29,976.01
2017-11-30,966.51
2017-12-01,963.16
2017-12-04,963.53
2017-12-05,967.64
2017-12-06,962.92
2017-12-07,972.74
2017-12-08,966.09
2017-12-11,962.37
2017-12-12,962.09
2017-12-13,959.85
2017-12-14,968.9
2017-12-15,967.5
2017-12-18,966.76
2017-12-19,967.57
2017-12-20,962.79
2017-12-21,955.4
2017-12-22,953.2
2017-12-26,952.39
2017-12-27,951.38
2017-12-28,949.45
2017-12-29,949.11
2018-01-02,951.05
2018-01-03,948.11
2018-01-04,946.64
2018-01-05,944.72
2018-01-08,938.62
2018-01-09,941.28
2018-01-10,947.31
2018-01-11,961.17
2018-01-12,962.66
2018-01-15,958.07
2018-01-16,960.02
2018-01-17,963.9
2018-01-18,957.76
2018-01-19,963.38
2018-01-22,964.62
2018-01-23,963.49
2018-01-24,970.12
2018-01-25,980.49
2018-01-26,968.48
2018-01-29,979.85
2018-01-30,977.46
2018-01-31,985.02
2018-02-01,980.68
2018-02-02,978.62
2018-02-05,977.26
2018-02-06,998.31
2018-02-07,997.58
2018-02-08,990.45
2018-02-09,1000.78
2018-02-12,1004.37
2018-02-13,996.64
2018-02-14,1004.13
2018-02-19,1016.62
2018-02-20,1001.74
2018-02-21,997.39
2018-02-22,998.0
2018-02-23,1015.04
2018-02-26,1008.42
2018-02-27,1003.22
2018-02-28,997.25
2018-03-02,1019.27
2018-03-05,1023.28
2018-03-06,1017.52
2018-03-07,1018.61
2018-03-08,1007.3
2018-03-09,1005.03
2018-03-12,1000.05
2018-03-13,1000.52
2018-03-14,1000.99
2018-03-15,1002.78
2018-03-16,1002.59
2018-03-19,1009.2
2018-03-20,1010.14
2018-03-21,1005.4
2018-03-22,1011.42
2018-03-23,1019.6
2018-03-26,1031.49
2018-03-27,1025.47
2018-03-28,1017.36
2018-03-29,1001.17
2018-03-30,1001.46
2018-04-02,1000.8
2018-04-03,999.67
2018-04-04,992.82
2018-04-05,990.68
2018-04-06,989.03
2018-04-09,997.52
2018-04-10,1000.33
2018-04-11,996.17
2018-04-12,998.27
2018-04-13,996.5
2018-04-16,994.75
2018-04-17,1001.63
2018-04-18,998.22
2018-04-19,994.73
2018-04-20,990.32
2018-04-23,990.12
2018-04-24,983.35
2018-04-25,989.52
2018-04-26,985.79
2018-04-27,987.43
2018-04-30,985.94
2018-05-02,971.38
2018-05-03,978.83
2018-05-04,986.3
2018-05-08,986.85
2018-05-09,988.49
2018-05-10,985.46
2018-05-11,983.04
2018-05-14,977.23
2018-05-15,972.07
2018-05-16,973.1
2018-05-17,977.84
2018-05-18,974.27
2018-05-21,974.33
2018-05-23,977.94
2018-05-24,980.59
2018-05-25,988.19
2018-05-28,983.81
2018-05-29,980.49
2018-05-30,991.39
2018-05-31,993.98
2018-06-01,989.61
2018-06-04,982.51
2018-06-05,974.21
2018-06-07,970.91
2018-06-08,973.78
2018-06-11,980.81
2018-06-12,974.18
2018-06-14,975.32
2018-06-15,978.53
2018-06-18,986.84
2018-06-19,999.23
2018-06-20,1004.68
2018-06-21,1003.67
2018-06-22,1008.78
2018-06-25,1009.24
2018-06-26,1017.74
2018-06-27,1013.22
2018-06-28,1013.97
2018-06-29,1014.79
2018-07-02,1009.26
2018-07-03,1008.26
2018-07-04,1014.34
2018-07-05,1009.55
2018-07-06,1010.85
2018-07-09,1012.22
2018-07-10,1003.2
2018-07-11,1004.28
2018-07-12,1001.16
2018-07-13,1001.55
2018-07-16,999.07
2018-07-17,1004.63
2018-07-18,995.84
2018-07-19,1000.31
2018-07-20,1005.91
2018-07-23,1019.91
2018-07-24,1012.79
2018-07-25,1020.63
2018-07-26,1016.73
2018-07-27,1006.52
2018-07-30,1009.46
2018-07-31,1005.95
2018-08-01,1000.22
2018-08-02,1002.51
2018-08-03,1005.6
2018-08-06,1014.16
2018-08-07,1009.07
2018-08-08,1010.82
2018-08-09,1008.84
2018-08-10,1005.62
2018-08-13,1018.22
2018-08-14,1024.3
2018-08-16,1023.41
2018-08-17,1019.02
2018-08-20,1018.5
2018-08-21,1020.14
2018-08-22,1015.58
2018-08-23,1011.94
2018-08-24,1006.51
2018-08-27,1008.22
2018-08-28,1002.47
2018-08-29,998.47
2018-08-30,992.35
2018-08-31,998.65
2018-09-03,1001.75
2018-09-04,1002.39
2018-09-05,999.46
2018-09-06,1002.42
2018-09-07,1013.15
2018-09-10,1012.03
2018-09-11,1014.98
2018-09-12,1009.54
2018-09-13,1013.39
2018-09-14,1000.94
2018-09-17,999.42
2018-09-18,1008.15
2018-09-19,1002.49
2018-09-20,1000.04
2018-09-21,995.73
2018-09-27,990.2
2018-09-28,981.17
2018-10-01,975.79
2018-10-02,974.43
2018-10-04,975.15
2018-10-05,990.87
2018-10-08,994.33
2018-10-10,1001.24
2018-10-11,1008.86
2018-10-12,1018.91
2018-10-15,1010.21
2018-10-16,1013.82
2018-10-17,1004.59
2018-10-18,998.89
2018-10-19,1009.4
2018-10-22,1008.67
2018-10-23,1002.35
2018-10-24,1010.32
2018-10-25,1009.95
2018-10-26,1013.13
2018-10-29,1019.21
2018-10-30,1013.26
2018-10-31,1008.89
2018-11-01,1009.08
2018-11-02,1010.96
2018-11-05,994.57
2018-11-06,991.57
2018-11-07,989.38
2018-11-08,987.36
2018-11-09,980.75
2018-11-12,988.54
2018-11-13,994.68
2018-11-14,998.15
2018-11-15,996.74
2018-11-16,995.25
2018-11-19,1001.02
2018-11-20,1002.31
2018-11-21,1000.4
2018-11-22,1000.49
2018-11-23,999.34
2018-11-26,1001.11
2018-11-27,994.94
2018-11-28,993.06
2018-11-29,993.79
2018-11-30,988.98
2018-12-03,984.4
2018-12-04,980.33
2018-12-05,984.65
2018-12-06,984.4
2018-12-07,991.97
2018-12-10,993.78
2018-12-11,993.16
2018-12-12,995.99
2018-12-13,995.98
2018-12-14,989.44
2018-12-17,996.34
2018-12-18,1003.15
2018-12-19,1004.94
2018-12-20,1001.11
2018-12-21,1015.02
2018-12-24,1011.84
2018-12-26,1021.42
2018-12-27,1012.23
2018-12-28,1010.95
2018-12-31,1013.18
2019-01-02,1019.47
2019-01-03,1044.87
2019-01-04,1046.36
2019-01-07,1038.34
2019-01-08,1028.85
2019-01-09,1031.31
2019-01-10,1036.89
2019-01-11,1031.96
2019-01-14,1030.28
2019-01-15,1036.75
2019-01-16,1030.97
2019-01-17,1028.65
2019-01-18,1027.35
2019-01-21,1021.87
2019-01-22,1027.36
2019-01-23,1033.66
2019-01-24,1029.71
2019-01-25,1029.81
2019-01-28,1026.97
2019-01-29,1022.19
2019-01-30,1021.8
2019-01-31,1024.81
2019-02-01,1021.36
2019-02-07,1015.97
2019-02-08,1023.09
2019-02-11,1023.9
2019-02-12,1018.25
2019-02-13,1018.15
2019-02-14,1010.77
2019-02-15,1018.05
2019-02-18,1020.31
2019-02-19,1016.95
2019-02-20,1019.72
2019-02-21,1012.95
2019-02-22,1015.95
2019-02-25,1016.2
2019-02-26,1009.23
2019-02-27,1011.62
2019-02-28,1007.62
2019-03-04,1000.49
2019-03-05,1006.85
2019-03-06,1006.21
2019-03-07,1009.53
2019-03-08,1011.16
2019-03-11,1020.38
2019-03-12,1019.45
2019-03-13,1014.33
2019-03-14,1017.4
2019-03-15,1013.96
2019-03-18,1018.88
2019-03-19,1017.82
2019-03-20,1015.49
2019-03-21,1021.37
2019-03-22,1016.39
2019-03-25,1026.58
2019-03-26,1031.31
2019-03-27,1024.29
2019-03-28,1026.92
2019-03-29,1028.24
2019-04-01,1024.11
2019-04-02,1016.7
2019-04-03,1020.26
2019-04-04,1018.26
2019-04-05,1017.06
2019-04-08,1017.5
2019-04-09,1024.09
2019-04-10,1028.21
2019-04-11,1028.71
2019-04-12,1020.56
2019-04-15,1018.17
2019-04-16,1012.55
2019-04-17,1013.97
2019-04-18,1013.97
2019-04-19,1014.74
2019-04-22,1016.04
2019-04-23,1019.07
2019-04-24,1020.07
2019-04-25,1022.6
2019-04-26,1038.77
2019-04-29,1039.16
2019-04-30,1037.02
2019-05-02,1044.38
2019-05-03,1043.72
2019-05-07,1055.84
2019-05-08,1061.09
2019-05-09,1063.01
2019-05-10,1071.39
2019-05-13,1073.29
2019-05-14,1083.08
2019-05-15,1082.58
2019-05-16,1085.96
2019-05-17,1083.06
2019-05-20,1083.63
2019-05-21,1083.91
2019-05-22,1079.27
2019-05-23,1083.29
2019-05-24,1087.41
2019-05-27,1087.63
2019-05-28,1080.97
2019-05-29,1085.9
2019-05-30,1088.59
2019-05-31,1085.82
2019-06-03,1100.36
2019-06-04,1095.62
2019-06-05,1091.81
2019-06-07,1087.87
2019-06-10,1087.55
2019-06-11,1092.1
2019-06-12,1088.67
2019-06-13,1089.38
2019-06-14,1093.45
2019-06-17,1090.79
2019-06-18,1092.81
2019-06-19,1092.12
2019-06-20,1089.16
2019-06-21,1087.9
2019-06-24,1082.19
2019-06-25,1078.97
2019-06-26,1077.35
2019-06-27,1075.0
2019-06-28,1073.35
2019-07-01,1066.74
2019-07-02,1066.8
2019-07-03,1079.97
2019-07-04,1085.87
2019-07-05,1084.6
2019-07-08,1078.56
2019-07-09,1083.63
2019-07-10,1083.52
2019-07-11,1090.41
2019-07-12,1081.99
2019-07-15,1091.15
2019-07-16,1093.42
2019-07-17,1088.63
2019-07-18,1093.32
2019-07-19,1097.77
2019-07-22,1088.65
2019-07-23,1091.33
2019-07-24,1089.04
2019-07-25,1089.06
2019-07-26,1085.72
2019-07-29,1090.07
2019-07-30,1087.23
2019-07-31,1088.45
2019-08-01,1086.45
2019-08-02,1106.04
2019-08-05,1121.4
2019-08-06,1146.83
2019-08-07,1141.63
2019-08-08,1143.44
2019-08-09,1144.73
2019-08-12,1146.04
2019-08-13,1154.91
2019-08-14,1142.84
2019-08-16,1141.55
2019-08-19,1139.68
2019-08-20,1135.69
2019-08-21,1138.9
2019-08-22,1129.4
2019-08-23,1131.92
2019-08-26,1155.08
2019-08-27,1148.11
2019-08-28,1146.87
2019-08-29,1144.33
2019-08-30,1140.66
2019-09-02,1139.57
2019-09-03,1141.2
2019-09-04,1146.74
2019-09-05,1137.47
2019-09-06,1120.96
2019-09-09,1119.49
2019-09-10,1112.0
2019-09-11,1108.59
2019-09-16,1105.14
2019-09-17,1095.13
2019-09-18,1099.16
2019-09-19,1098.15
2019-09-20,1106.22
2019-09-23,1106.46
2019-09-24,1109.4
2019-09-25,1114.59
2019-09-26,1112.32
2019-09-27,1112.13
2019-09-30,1113.4
2019-10-01,1109.7
2019-10-02,1112.17
2019-10-04,1126.37
2019-10-07,1120.52
2019-10-08,1115.51
2019-10-10,1115.55
2019-10-11,1108.48
2019-10-14,1096.13
2019-10-15,1092.13
2019-10-16,1087.93
2019-10-17,1091.75
2019-10-18,1092.99
2019-10-21,1089.42
2019-10-22,1082.32
2019-10-23,1079.68
2019-10-24,1080.11
2019-10-25,1078.02
2019-10-28,1080.27
2019-10-29,1073.32
2019-10-30,1071.51
2019-10-31,1074.05
2019-11-01,1075.5
2019-11-04,1078.86
2019-11-05,1068.51
2019-11-06,1062.7
2019-11-07,1062.51
2019-11-08,1062.09
2019-11-11,1058.46
2019-11-12,1064.88
2019-11-13,1067.68
2019-11-14,1073.41
2019-11-15,1079.75
2019-11-18,1072.61
2019-11-19,1071.45
2019-11-20,1077.8
2019-11-21,1078.53
2019-11-22,1083.43
2019-11-25,1083.48
2019-11-26,1079.73
2019-11-27,1076.79
2019-11-28,1075.3
2019-11-29,1076.89
2019-12-02,1077.75
2019-12-03,1082.69
2019-12-04,1091.81
2019-12-05,1096.6
2019-12-06,1094.49
2019-12-09,1095.49
2019-12-10,1095.37
2019-12-11,1095.74
2019-12-12,1099.36
2019-12-13,1085.23
2019-12-16,1071.46
2019-12-17,1070.16
2019-12-18,1065.33
2019-12-19,1063.57
2019-12-20,1064.78
2019-12-23,1061.98
2019-12-24,1061.98
2019-12-26,1063.76
2019-12-27,1059.92
2019-12-30,1060.72
2019-12-31,1063.47
2020-01-02,1065.67
2020-01-03,1065.53
2020-01-06,1078.42
2020-01-07,1079.02
2020-01-08,1074.95
2020-01-09,1076.12
2020-01-10,1059.6
2020-01-13,1059.93
2020-01-14,1051.35
2020-01-15,1048.42
2020-01-16,1054.37
