,THB
2010-01-04,831.86
2010-01-05,826.71
2010-01-06,819.0
2010-01-07,815.97
2010-01-08,810.64
2010-01-11,813.72
2010-01-12,806.95
2010-01-13,808.4
2010-01-14,810.94
2010-01-15,808.78
2010-01-18,807.19
2010-01-19,811.27
2010-01-20,808.47
2010-01-21,808.58
2010-01-22,810.55
2010-01-25,819.04
2010-01-26,821.11
2010-01-27,820.18
2010-01-28,825.4
2010-01-29,823.28
2010-02-01,821.47
2010-02-02,828.29
2010-02-03,823.79
2010-02-04,815.43
2010-02-05,811.21
2010-02-08,825.4
2010-02-09,823.63
2010-02-10,823.55
2010-02-11,816.57
2010-02-12,819.21
2010-02-16,817.63
2010-02-17,821.04
2010-02-18,812.04
2010-02-19,811.64
2010-02-22,820.32
2010-02-23,815.31
2010-02-24,814.89
2010-02-25,819.99
2010-02-26,822.32
2010-03-02,825.68
2010-03-03,821.71
2010-03-04,819.53
2010-03-05,816.5
2010-03-08,815.76
2010-03-09,810.05
2010-03-10,811.08
2010-03-11,810.08
2010-03-12,809.48
2010-03-15,811.2
2010-03-16,811.46
2010-03-17,813.01
2010-03-18,810.69
2010-03-19,810.56
2010-03-22,809.85
2010-03-23,811.24
2010-03-24,809.81
2010-03-25,807.38
2010-03-26,810.74
2010-03-29,813.87
2010-03-30,813.81
2010-03-31,808.0
2010-04-01,809.22
2010-04-02,807.43
2010-04-05,803.82
2010-04-06,805.02
2010-04-07,804.22
2010-04-08,803.73
2010-04-09,805.59
2010-04-12,807.1
2010-04-13,800.14
2010-04-14,804.24
2010-04-15,812.45
2010-04-16,806.8
2010-04-19,808.31
2010-04-20,810.83
2010-04-21,811.25
2010-04-22,808.7
2010-04-23,808.52
2010-04-26,809.69
2010-04-27,807.28
2010-04-28,805.3
2010-04-29,814.1
2010-04-30,815.33
2010-05-03,808.18
2010-05-04,813.86
2010-05-06,800.0
2010-05-07,809.5
2010-05-10,835.79
2010-05-11,820.76
2010-05-12,816.87
2010-05-13,824.62
2010-05-14,817.94
2010-05-17,815.94
2010-05-18,827.77
2010-05-19,823.54
2010-05-20,834.6
2010-05-24,837.82
2010-05-25,860.52
2010-05-26,889.04
2010-05-27,887.42
2010-05-28,881.67
2010-05-31,853.02
2010-06-01,858.07
2010-06-03,861.32
2010-06-04,856.31
2010-06-07,847.79
2010-06-08,869.61
2010-06-09,872.78
2010-06-10,878.35
2010-06-11,898.25
2010-06-14,885.85
2010-06-15,876.57
2010-06-16,879.49
2010-06-17,869.03
2010-06-18,873.27
2010-06-21,879.71
2010-06-22,853.45
2010-06-23,853.31
2010-06-24,855.87
2010-06-25,851.53
2010-06-28,868.91
2010-06-29,865.37
2010-06-30,862.99
2010-07-01,878.83
2010-07-02,886.07
2010-07-05,877.68
2010-07-06,878.46
2010-07-07,885.61
2010-07-08,882.93
2010-07-09,878.38
2010-07-12,867.91
2010-07-13,866.12
2010-07-14,875.37
2010-07-15,872.56
2010-07-16,877.26
2010-07-19,871.31
2010-07-20,882.62
2010-07-21,881.92
2010-07-22,873.12
2010-07-23,879.66
2010-07-26,873.14
2010-07-27,877.75
2010-07-28,868.63
2010-07-29,867.96
2010-07-30,870.89
2010-08-02,871.07
2010-08-03,869.8
2010-08-04,865.77
2010-08-05,864.7
2010-08-06,862.97
2010-08-09,865.5
2010-08-10,859.68
2010-08-11,862.39
2010-08-12,861.83
2010-08-13,876.33
2010-08-16,870.84
2010-08-17,876.0
2010-08-18,870.24
2010-08-19,867.95
2010-08-20,865.94
2010-08-23,869.11
2010-08-24,870.7
2010-08-25,873.17
2010-08-26,880.23
2010-08-27,881.15
2010-08-30,884.32
2010-08-31,877.34
2010-09-01,883.18
2010-09-02,883.4
2010-09-03,877.68
2010-09-06,876.4
2010-09-07,870.36
2010-09-08,871.41
2010-09-09,873.59
2010-09-10,870.74
2010-09-13,871.68
2010-09-14,868.63
2010-09-15,870.97
2010-09-16,867.6
2010-09-17,869.26
2010-09-20,870.68
2010-09-24,874.52
2010-09-27,874.67
2010-09-28,869.45
2010-09-29,870.8
2010-09-30,866.4
2010-10-01,867.32
2010-10-04,864.11
2010-10-05,855.41
2010-10-06,863.62
2010-10-07,855.95
2010-10-08,854.61
2010-10-11,857.74
2010-10-12,852.92
2010-10-13,863.14
2010-10-14,859.14
2010-10-15,858.48
2010-10-18,857.63
2010-10-19,858.86
2010-10-20,855.16
2010-10-21,868.53
2010-10-22,865.14
2010-10-25,869.18
2010-10-26,863.1
2010-10-27,861.16
2010-10-28,863.07
2010-10-29,868.95
2010-11-01,869.08
2010-11-02,864.86
2010-11-03,865.54
2010-11-04,863.81
2010-11-05,863.16
2010-11-08,860.28
2010-11-09,864.61
2010-11-10,863.62
2010-11-11,864.47
2010-11-12,858.73
2010-11-15,862.88
2010-11-16,866.35
2010-11-17,865.22
2010-11-18,875.03
2010-11-19,878.27
2010-11-22,873.49
2010-11-23,867.94
2010-11-24,862.9
2010-11-25,877.29
2010-11-26,874.79
2010-11-29,870.94
2010-11-30,876.84
2010-12-01,874.22
2010-12-02,880.8
2010-12-03,879.07
2010-12-06,878.33
2010-12-07,868.39
2010-12-08,865.6
2010-12-09,868.18
2010-12-10,868.68
2010-12-13,871.72
2010-12-14,877.39
2010-12-15,876.48
2010-12-16,874.51
2010-12-17,880.14
2010-12-20,875.53
2010-12-21,884.31
2010-12-22,878.4
2010-12-23,884.02
2010-12-24,881.7
2010-12-27,885.75
2010-12-28,885.66
2010-12-29,883.24
2010-12-30,886.94
2010-12-31,884.0
2011-01-03,887.2
2011-01-04,876.95
2011-01-05,871.76
2011-01-06,870.07
2011-01-07,866.89
2011-01-10,866.45
2011-01-11,862.93
2011-01-12,869.85
2011-01-13,870.17
2011-01-14,865.02
2011-01-17,865.72
2011-01-18,865.55
2011-01-19,869.95
2011-01-20,866.91
2011-01-21,867.56
2011-01-24,874.04
2011-01-25,874.76
2011-01-26,873.13
2011-01-27,874.35
2011-01-28,871.09
2011-01-31,866.69
2011-02-01,877.38
2011-02-07,875.98
2011-02-08,869.26
2011-02-09,867.63
2011-02-10,867.36
2011-02-11,869.69
2011-02-14,874.01
2011-02-15,876.81
2011-02-16,876.1
2011-02-17,875.96
2011-02-18,873.87
2011-02-21,873.69
2011-02-22,875.2
2011-02-23,879.06
2011-02-24,881.53
2011-02-25,883.12
2011-02-28,885.57
2011-03-02,886.58
2011-03-03,888.96
2011-03-04,885.19
2011-03-07,880.84
2011-03-08,882.81
2011-03-09,881.4
2011-03-10,879.43
2011-03-11,878.8
2011-03-14,885.36
2011-03-15,891.36
2011-03-16,883.35
2011-03-17,882.93
2011-03-18,889.83
2011-03-21,886.09
2011-03-22,889.02
2011-03-23,887.7
2011-03-24,887.98
2011-03-25,890.72
2011-03-28,882.67
2011-03-29,882.12
2011-03-30,883.66
2011-03-31,877.55
2011-04-01,872.75
2011-04-04,868.56
2011-04-05,862.69
2011-04-06,864.53
2011-04-07,861.37
2011-04-08,863.15
2011-04-11,863.31
2011-04-12,863.0
2011-04-13,868.84
2011-04-14,870.03
2011-04-15,873.06
2011-04-18,875.22
2011-04-19,872.83
2011-04-20,878.74
2011-04-21,874.97
2011-04-22,874.29
2011-04-25,876.73
2011-04-26,874.93
2011-04-27,880.98
2011-04-28,878.25
2011-04-29,874.38
2011-05-02,877.17
2011-05-03,872.14
2011-05-04,871.07
2011-05-06,866.72
2011-05-09,877.97
2011-05-11,877.0
2011-05-12,869.8
2011-05-13,873.71
2011-05-16,873.36
2011-05-17,873.96
2011-05-18,876.63
2011-05-19,876.3
2011-05-20,876.6
2011-05-23,872.79
2011-05-24,874.06
2011-05-25,877.84
2011-05-26,879.15
2011-05-27,877.0
2011-05-30,875.28
2011-05-31,876.36
2011-06-01,873.68
2011-06-02,868.8
2011-06-03,876.24
2011-06-07,875.09
2011-06-08,880.68
2011-06-09,877.91
2011-06-10,881.0
2011-06-13,874.33
2011-06-14,879.27
2011-06-15,880.46
2011-06-16,874.61
2011-06-17,878.22
2011-06-20,880.68
2011-06-21,876.66
2011-06-22,877.15
2011-06-23,870.73
2011-06-24,871.47
2011-06-27,869.66
2011-06-28,875.59
2011-06-29,873.05
2011-06-30,874.23
2011-07-01,871.63
2011-07-04,869.75
2011-07-05,868.27
2011-07-06,867.26
2011-07-07,867.29
2011-07-08,870.09
2011-07-11,865.73
2011-07-12,862.6
2011-07-13,869.66
2011-07-14,873.98
2011-07-15,867.71
2011-07-18,867.28
2011-07-19,872.37
2011-07-20,871.97
2011-07-21,869.56
2011-07-22,871.97
2011-07-25,869.98
2011-07-26,873.11
2011-07-27,875.12
2011-07-28,872.19
2011-07-29,875.05
2011-08-01,875.58
2011-08-02,873.2
2011-08-03,869.92
2011-08-04,878.14
2011-08-05,862.15
2011-08-08,881.18
2011-08-09,877.22
2011-08-10,903.84
2011-08-11,884.88
2011-08-12,895.24
2011-08-16,898.09
2011-08-17,890.7
2011-08-18,891.91
2011-08-19,880.52
2011-08-22,894.37
2011-08-23,895.74
2011-08-24,898.06
2011-08-25,894.47
2011-08-26,896.2
2011-08-29,901.05
2011-08-30,893.13
2011-08-31,887.9
2011-09-01,889.18
2011-09-02,882.6
2011-09-05,881.62
2011-09-06,883.84
2011-09-07,885.93
2011-09-08,887.24
2011-09-09,883.58
2011-09-14,868.02
2011-09-15,884.78
2011-09-16,892.26
2011-09-19,889.04
2011-09-20,887.19
2011-09-21,911.8
2011-09-22,889.72
2011-09-23,903.2
2011-09-26,915.44
2011-09-28,918.63
2011-09-29,902.91
2011-09-30,908.29
2011-10-04,894.77
2011-10-05,916.91
2011-10-06,915.68
2011-10-07,912.98
2011-10-10,908.63
2011-10-11,918.92
2011-10-12,907.19
2011-10-13,918.59
2011-10-14,906.46
2011-10-17,917.16
2011-10-18,900.78
2011-10-19,904.3
2011-10-20,897.88
2011-10-21,896.33
2011-10-24,902.74
2011-10-25,900.01
2011-10-26,891.97
2011-10-27,890.29
2011-10-28,904.48
2011-10-31,888.47
2011-11-01,880.57
2011-11-02,870.2
2011-11-03,882.5
2011-11-04,894.61
2011-11-07,879.53
2011-11-08,877.92
2011-11-09,881.61
2011-11-10,864.82
2011-11-11,878.62
2011-11-14,882.7
2011-11-15,868.35
2011-11-16,871.67
2011-11-17,875.05
2011-11-18,876.83
2011-11-21,876.24
2011-11-22,873.93
2011-11-23,881.8
2011-11-24,876.88
2011-11-25,885.17
2011-11-28,888.3
2011-11-29,887.84
2011-11-30,886.96
2011-12-01,890.33
2011-12-02,878.57
2011-12-05,879.44
2011-12-06,881.94
2011-12-07,881.41
2011-12-08,877.78
2011-12-09,873.48
2011-12-12,884.58
2011-12-13,879.31
2011-12-14,884.45
2011-12-15,884.05
2011-12-16,887.99
2011-12-19,886.48
2011-12-20,893.7
2011-12-21,899.01
2011-12-22,887.32
2011-12-23,893.68
2011-12-26,887.91
2011-12-27,890.02
2011-12-28,892.46
2011-12-29,891.1
2011-12-30,886.44
2012-01-02,889.0
2012-01-03,890.83
2012-01-04,896.62
2012-01-05,890.7
2012-01-06,890.39
2012-01-09,892.73
2012-01-10,898.66
2012-01-11,896.84
2012-01-12,897.65
2012-01-13,898.71
2012-01-16,889.52
2012-01-17,893.78
2012-01-18,892.54
2012-01-19,894.9
2012-01-20,893.71
2012-01-25,894.98
2012-01-26,892.51
2012-01-27,891.5
2012-01-30,898.18
2012-01-31,894.21
2012-02-01,895.48
2012-02-02,900.54
2012-02-03,897.31
2012-02-06,900.34
2012-02-07,896.75
2012-02-08,900.41
2012-02-09,894.29
2012-02-10,895.63
2012-02-13,892.85
2012-02-14,893.31
2012-02-15,888.78
2012-02-16,888.07
2012-02-17,893.63
2012-02-20,897.72
2012-02-21,896.47
2012-02-22,894.4
2012-02-23,894.85
2012-02-24,901.31
2012-02-27,896.85
2012-02-28,898.69
2012-02-29,900.59
2012-03-02,896.87
2012-03-05,889.96
2012-03-06,889.24
2012-03-07,885.96
2012-03-08,894.96
2012-03-09,895.09
2012-03-12,888.54
2012-03-13,892.43
2012-03-14,891.32
2012-03-15,886.21
2012-03-16,894.27
2012-03-19,894.37
2012-03-20,894.5
2012-03-21,888.7
2012-03-22,891.19
2012-03-23,893.06
2012-03-26,899.38
2012-03-27,905.23
2012-03-28,904.05
2012-03-29,903.9
2012-03-30,904.52
2012-04-02,905.77
2012-04-03,900.1
2012-04-04,894.85
2012-04-05,896.11
2012-04-06,896.71
2012-04-09,896.42
2012-04-10,902.61
2012-04-12,904.6
2012-04-13,912.16
2012-04-16,909.17
2012-04-17,910.45
2012-04-18,912.4
2012-04-19,908.34
2012-04-20,911.82
2012-04-23,912.93
2012-04-24,912.69
2012-04-25,916.07
2012-04-26,916.58
2012-04-27,916.36
2012-04-30,916.41
2012-05-02,915.46
2012-05-03,908.86
2012-05-04,908.65
2012-05-07,904.08
2012-05-08,914.27
2012-05-09,909.72
2012-05-10,909.71
2012-05-11,912.36
2012-05-14,913.97
2012-05-15,913.19
2012-05-16,914.75
2012-05-17,916.58
2012-05-18,914.75
2012-05-21,919.72
2012-05-22,919.78
2012-05-23,912.79
2012-05-24,918.58
2012-05-25,921.92
2012-05-29,924.17
2012-05-30,921.47
2012-05-31,914.09
2012-06-01,917.25
2012-06-04,913.26
2012-06-05,918.62
2012-06-07,918.62
2012-06-08,916.61
2012-06-11,919.57
2012-06-12,907.15
2012-06-13,913.56
2012-06-14,911.28
2012-06-15,912.81
2012-06-18,919.0
2012-06-19,912.63
2012-06-20,914.42
2012-06-21,909.57
2012-06-22,899.75
2012-06-25,905.48
2012-06-26,905.74
2012-06-27,907.63
2012-06-28,906.46
2012-06-29,900.53
2012-07-02,909.59
2012-07-03,902.19
2012-07-04,903.95
2012-07-05,896.02
2012-07-06,898.56
2012-07-09,894.58
2012-07-10,900.17
2012-07-11,900.82
2012-07-12,905.57
2012-07-13,903.06
2012-07-16,910.7
2012-07-17,907.7
2012-07-18,907.0
2012-07-19,906.61
2012-07-20,908.45
2012-07-23,906.76
2012-07-24,908.8
2012-07-25,909.49
2012-07-26,916.39
2012-07-27,917.03
2012-07-30,914.77
2012-07-31,911.4
2012-08-01,910.05
2012-08-02,903.78
2012-08-03,904.72
2012-08-06,914.37
2012-08-07,907.48
2012-08-08,907.43
2012-08-09,905.91
2012-08-10,904.87
2012-08-13,906.1
2012-08-14,907.72
2012-08-16,903.58
2012-08-17,906.48
2012-08-20,904.07
2012-08-21,906.48
2012-08-22,905.49
2012-08-23,909.46
2012-08-24,906.09
2012-08-27,906.74
2012-08-28,906.38
2012-08-29,907.58
2012-08-30,904.41
2012-08-31,905.36
2012-09-03,908.28
2012-09-04,908.71
2012-09-05,907.69
2012-09-06,909.67
2012-09-07,912.83
2012-09-10,914.98
2012-09-11,912.59
2012-09-12,918.39
2012-09-13,916.09
2012-09-14,920.88
2012-09-17,917.87
2012-09-18,910.8
2012-09-19,911.7
2012-09-20,912.78
2012-09-21,913.45
2012-09-24,913.98
2012-09-25,911.96
2012-09-26,910.21
2012-09-27,910.21
2012-09-28,912.51
2012-10-02,905.02
2012-10-04,904.08
2012-10-05,905.82
2012-10-08,903.4
2012-10-09,903.09
2012-10-10,901.97
2012-10-11,905.6
2012-10-12,907.86
2012-10-15,908.84
2012-10-16,909.92
2012-10-17,908.32
2012-10-18,908.08
2012-10-19,906.58
2012-10-22,904.28
2012-10-23,905.04
2012-10-24,899.62
2012-10-25,903.27
2012-10-26,902.05
2012-10-29,898.0
2012-10-30,897.14
2012-10-31,896.95
2012-11-01,893.57
2012-11-02,893.96
2012-11-05,891.1
2012-11-06,891.51
2012-11-07,892.62
2012-11-08,888.95
2012-11-09,888.11
2012-11-12,890.16
2012-11-13,889.98
2012-11-14,891.46
2012-11-15,888.86
2012-11-16,887.9
2012-11-19,887.85
2012-11-20,887.92
2012-11-21,884.37
2012-11-22,884.1
2012-11-23,885.2
2012-11-26,888.7
2012-11-27,888.17
2012-11-28,886.1
2012-11-29,887.96
2012-11-30,888.59
2012-12-03,887.43
2012-12-04,889.14
2012-12-05,889.77
2012-12-06,888.1
2012-12-07,886.8
2012-12-10,886.65
2012-12-11,883.38
2012-12-12,882.74
2012-12-13,880.89
2012-12-14,877.82
2012-12-17,880.17
2012-12-18,880.0
2012-12-20,878.92
2012-12-21,881.14
2012-12-24,880.68
2012-12-26,880.01
2012-12-27,877.22
2012-12-28,877.05
2012-12-31,875.48
2013-01-02,876.94
2013-01-03,871.99
2013-01-04,867.56
2013-01-07,867.87
2013-01-08,865.36
2013-01-09,864.92
2013-01-10,864.9
2013-01-11,867.57
2013-01-14,862.31
2013-01-15,861.77
2013-01-16,860.92
2013-01-17,864.97
2013-01-18,864.83
2013-01-21,860.51
2013-01-22,862.98
2013-01-23,867.52
2013-01-24,868.08
2013-01-25,869.18
2013-01-29,874.08
2013-01-30,881.58
2013-01-31,876.43
2013-02-01,879.74
2013-02-04,880.77
2013-02-05,878.37
2013-02-06,878.47
2013-02-07,878.77
2013-02-08,878.72
2013-02-12,880.75
2013-02-13,883.13
2013-02-14,879.53
2013-02-15,878.66
2013-02-18,871.6
2013-02-19,873.1
2013-02-20,874.81
2013-02-21,869.33
2013-02-22,873.96
2013-02-25,876.77
2013-02-26,877.15
2013-02-27,878.38
2013-02-28,877.55
2013-03-04,870.46
2013-03-05,876.2
2013-03-06,872.5
2013-03-07,867.82
2013-03-08,872.68
2013-03-11,873.25
2013-03-12,879.52
2013-03-13,878.25
2013-03-14,878.53
2013-03-15,884.53
2013-03-18,887.64
2013-03-19,892.38
2013-03-20,887.31
2013-03-21,893.18
2013-03-22,893.53
2013-03-25,895.16
2013-03-26,894.15
2013-03-27,892.75
2013-03-28,892.46
2013-03-29,896.28
2013-04-01,896.31
2013-04-02,899.96
2013-04-03,898.0
2013-04-04,904.8
2013-04-05,906.22
2013-04-08,907.6
2013-04-09,916.47
2013-04-10,918.76
2013-04-11,919.24
2013-04-12,912.91
2013-04-15,914.5
2013-04-16,907.67
2013-04-17,907.26
2013-04-18,902.53
2013-04-19,907.77
2013-04-22,904.13
2013-04-23,904.23
2013-04-24,902.95
2013-04-25,900.37
2013-04-26,899.18
2013-04-29,897.08
2013-04-30,898.23
2013-05-02,893.92
2013-05-03,890.37
2013-05-06,891.8
2013-05-07,888.49
2013-05-08,887.99
2013-05-09,886.47
2013-05-10,881.3
2013-05-13,888.8
2013-05-14,898.18
2013-05-15,892.55
2013-05-16,893.78
2013-05-20,885.98
2013-05-21,891.66
2013-05-22,883.5
2013-05-23,877.74
2013-05-24,889.0
2013-05-27,892.16
2013-05-28,892.16
2013-05-29,885.7
2013-05-30,893.12
2013-05-31,896.29
2013-06-03,892.85
2013-06-04,900.39
2013-06-05,894.86
2013-06-07,899.57
2013-06-10,887.88
2013-06-11,892.42
2013-06-12,904.64
2013-06-13,900.92
2013-06-14,908.31
2013-06-17,902.34
2013-06-18,898.52
2013-06-19,895.04
2013-06-20,893.04
2013-06-21,898.78
2013-06-24,906.32
2013-06-25,907.28
2013-06-26,912.68
2013-06-27,905.76
2013-06-28,906.92
2013-07-01,902.52
2013-07-02,899.23
2013-07-03,890.85
2013-07-04,895.78
2013-07-05,894.7
2013-07-08,890.91
2013-07-09,900.06
2013-07-10,895.59
2013-07-11,901.81
2013-07-12,892.78
2013-07-15,889.37
2013-07-16,889.19
2013-07-17,889.01
2013-07-18,886.75
2013-07-19,886.0
2013-07-22,889.2
2013-07-23,887.1
2013-07-24,883.38
2013-07-25,878.04
2013-07-26,883.63
2013-07-29,879.61
2013-07-30,875.09
2013-07-31,876.02
2013-08-01,879.91
2013-08-02,878.74
2013-08-05,885.86
2013-08-06,879.88
2013-08-07,879.85
2013-08-08,881.81
2013-08-09,883.46
2013-08-12,883.57
2013-08-13,880.92
2013-08-14,880.73
2013-08-16,882.19
2013-08-19,877.5
2013-08-20,872.09
2013-08-21,880.23
2013-08-22,870.39
2013-08-23,877.54
2013-08-26,874.11
2013-08-27,868.41
2013-08-28,869.38
2013-08-29,875.6
2013-08-30,870.75
2013-09-02,870.75
2013-09-03,866.78
2013-09-04,857.65
2013-09-05,862.76
2013-09-06,853.93
2013-09-09,859.58
2013-09-10,857.56
2013-09-11,855.26
2013-09-12,858.59
2013-09-13,854.8
2013-09-16,860.5
2013-09-17,857.7
2013-09-23,867.4
2013-09-24,860.31
2013-09-25,856.19
2013-09-26,858.38
2013-09-27,855.75
2013-09-30,855.65
2013-10-01,855.74
2013-10-02,858.71
2013-10-04,861.06
2013-10-07,859.2
2013-10-08,857.74
2013-10-10,858.88
2013-10-11,861.39
2013-10-14,859.01
2013-10-15,862.05
2013-10-16,858.72
2013-10-17,857.66
2013-10-18,858.84
2013-10-21,856.87
2013-10-22,855.04
2013-10-23,859.33
2013-10-24,852.7
2013-10-25,854.51
2013-10-28,859.43
2013-10-29,857.25
2013-10-30,854.32
2013-10-31,855.76
2013-11-01,853.52
2013-11-04,854.21
2013-11-05,854.64
2013-11-06,854.25
2013-11-07,854.38
2013-11-08,851.76
2013-11-11,852.78
2013-11-12,855.42
2013-11-13,857.51
2013-11-14,860.8
2013-11-15,855.69
2013-11-18,855.52
2013-11-19,850.98
2013-11-20,849.26
2013-11-21,847.21
2013-11-22,849.66
2013-11-25,849.38
2013-11-26,848.58
2013-11-27,847.29
2013-11-28,845.44
2013-11-29,845.42
2013-12-02,843.95
2013-12-03,841.82
2013-12-04,847.21
2013-12-05,845.81
2013-12-06,846.06
2013-12-09,846.53
2013-12-10,842.88
2013-12-11,842.88
2013-12-12,840.18
2013-12-13,838.71
2013-12-16,838.92
2013-12-17,838.19
2013-12-18,836.28
2013-12-19,833.71
2013-12-20,836.11
2013-12-23,837.92
2013-12-24,837.05
2013-12-26,836.64
2013-12-27,834.47
2013-12-30,831.64
2013-12-31,832.75
2014-01-02,835.19
2014-01-03,828.98
2014-01-06,831.9
2014-01-07,837.93
2014-01-08,840.04
2014-01-09,836.96
2014-01-10,837.7
2014-01-13,840.96
2014-01-14,834.95
2014-01-15,833.88
2014-01-16,834.41
2014-01-17,836.41
2014-01-20,832.03
2014-01-21,833.74
2014-01-22,832.48
2014-01-23,835.44
2014-01-24,838.44
2014-01-27,842.02
2014-01-28,849.44
2014-01-29,847.46
2014-02-03,838.7
2014-02-04,848.32
2014-02-05,856.24
2014-02-06,851.41
2014-02-07,848.76
2014-02-10,847.77
2014-02-11,843.48
2014-02-12,846.03
2014-02-13,841.33
2014-02-14,840.8
2014-02-17,843.28
2014-02-18,842.47
2014-02-19,843.29
2014-02-20,843.99
2014-02-21,848.09
2014-02-24,846.49
2014-02-25,851.97
2014-02-26,847.09
2014-02-27,844.54
2014-02-28,844.37
2014-03-03,840.29
2014-03-04,843.78
2014-03-05,844.66
2014-03-06,843.09
2014-03-07,845.16
2014-03-10,837.58
2014-03-11,840.42
2014-03-12,839.78
2014-03-13,843.92
2014-03-14,842.4
2014-03-17,847.03
2014-03-18,845.77
2014-03-19,844.96
2014-03-20,840.85
2014-03-21,841.66
2014-03-24,847.96
2014-03-25,849.56
2014-03-26,850.42
2014-03-27,848.43
2014-03-28,849.0
2014-03-31,849.1
2014-04-01,847.39
2014-04-02,842.1
2014-04-03,837.49
2014-04-04,837.54
2014-04-07,838.74
2014-04-08,836.3
2014-04-09,841.67
2014-04-10,836.47
2014-04-11,829.03
2014-04-14,831.06
2014-04-15,829.13
2014-04-16,830.83
2014-04-17,832.51
2014-04-18,827.53
2014-04-21,828.24
2014-04-22,828.63
2014-04-23,827.9
2014-04-24,827.83
2014-04-25,825.32
2014-04-28,827.02
2014-04-29,825.52
2014-04-30,821.29
2014-05-02,824.05
2014-05-07,826.51
2014-05-08,820.51
2014-05-09,820.97
2014-05-12,819.06
2014-05-13,819.74
2014-05-14,817.18
2014-05-15,819.29
2014-05-16,819.76
2014-05-19,819.95
2014-05-20,817.67
2014-05-21,817.22
2014-05-22,820.7
2014-05-23,819.18
2014-05-26,817.61
2014-05-27,817.0
2014-05-28,814.61
2014-05-29,814.43
2014-05-30,814.41
2014-06-02,813.68
2014-06-03,814.35
2014-06-05,814.33
2014-06-09,816.87
2014-06-10,813.89
2014-06-11,813.49
2014-06-12,813.04
2014-06-13,815.3
2014-06-16,813.78
2014-06-17,815.14
2014-06-18,815.43
2014-06-19,819.3
2014-06-20,814.93
2014-06-23,815.88
2014-06-24,815.6
2014-06-25,815.08
2014-06-26,816.84
2014-06-27,813.73
2014-06-30,811.81
2014-07-01,811.92
2014-07-02,812.36
2014-07-03,809.52
2014-07-04,809.53
2014-07-07,809.84
2014-07-08,809.96
2014-07-09,813.29
2014-07-10,815.34
2014-07-11,814.8
2014-07-14,820.27
2014-07-15,820.58
2014-07-16,822.98
2014-07-17,831.11
2014-07-18,827.72
2014-07-21,831.51
2014-07-22,828.86
2014-07-23,826.22
2014-07-24,826.64
2014-07-25,828.43
2014-07-28,829.19
2014-07-29,825.78
2014-07-30,824.64
2014-07-31,823.06
2014-08-01,822.41
2014-08-04,828.68
2014-08-05,827.88
2014-08-06,825.99
2014-08-07,828.57
2014-08-08,826.13
2014-08-11,828.89
2014-08-12,824.45
2014-08-13,822.31
2014-08-14,822.94
2014-08-18,823.25
2014-08-19,817.53
2014-08-20,816.0
2014-08-21,816.26
2014-08-22,819.38
2014-08-25,815.27
2014-08-26,816.02
2014-08-27,814.69
2014-08-28,813.37
2014-08-29,811.33
2014-09-01,812.64
2014-09-02,811.57
2014-09-03,810.28
2014-09-04,814.21
2014-09-05,810.7
2014-09-11,811.21
2014-09-12,818.71
2014-09-15,821.24
2014-09-16,821.98
2014-09-17,820.9
2014-09-18,815.06
2014-09-19,822.18
2014-09-22,825.45
2014-09-23,820.03
2014-09-24,821.39
2014-09-25,820.65
2014-09-26,821.2
2014-09-29,817.9
2014-09-30,824.48
2014-10-01,826.7
2014-10-02,834.53
2014-10-06,827.95
2014-10-07,838.68
2014-10-08,836.73
2014-10-10,844.2
2014-10-13,840.2
2014-10-14,840.95
2014-10-15,833.69
2014-10-16,837.1
2014-10-17,831.72
2014-10-20,833.88
2014-10-21,834.99
2014-10-22,829.53
2014-10-23,827.7
2014-10-24,826.53
2014-10-27,830.37
2014-10-28,825.76
2014-10-29,825.91
2014-10-30,819.28
2014-10-31,824.73
2014-11-03,822.98
2014-11-04,832.8
2014-11-05,837.81
2014-11-06,833.62
2014-11-07,840.29
2014-11-10,847.92
2014-11-11,840.59
2014-11-12,843.45
2014-11-13,851.06
2014-11-14,849.43
2014-11-17,848.16
2014-11-18,844.72
2014-11-19,846.87
2014-11-20,843.87
2014-11-21,855.97
2014-11-24,854.97
2014-11-25,853.34
2014-11-26,855.61
2014-11-27,852.92
2014-11-28,847.46
2014-12-01,847.49
2014-12-02,855.0
2014-12-03,843.95
2014-12-04,849.07
2014-12-05,850.65
2014-12-08,841.23
2014-12-09,847.77
2014-12-10,844.98
2014-12-11,842.74
2014-12-12,836.11
2014-12-15,841.96
2014-12-16,840.93
2014-12-17,838.47
2014-12-18,829.22
2014-12-19,839.29
2014-12-22,837.3
2014-12-23,831.95
2014-12-24,830.22
2014-12-26,834.79
2014-12-29,830.85
2014-12-30,829.36
2014-12-31,831.75
2015-01-02,831.09
2015-01-05,826.6
2015-01-06,830.77
2015-01-07,827.39
2015-01-08,822.17
2015-01-09,821.37
2015-01-12,819.6
2015-01-13,811.39
2015-01-14,810.99
2015-01-15,809.46
2015-01-16,817.08
2015-01-19,812.26
2015-01-20,810.27
2015-01-21,810.55
2015-01-22,813.72
2015-01-23,810.41
2015-01-26,805.21
2015-01-27,802.81
2015-01-28,808.32
2015-01-29,800.31
2015-01-30,806.27
2015-02-02,810.22
2015-02-03,814.35
2015-02-04,815.67
2015-02-05,807.44
2015-02-06,810.21
2015-02-09,803.56
2015-02-10,810.16
2015-02-11,804.87
2015-02-12,805.71
2015-02-13,816.89
2015-02-16,810.69
2015-02-17,809.74
2015-02-23,809.63
2015-02-24,816.24
2015-02-25,816.62
2015-02-26,814.43
2015-02-27,809.81
2015-03-02,806.68
2015-03-03,807.22
2015-03-04,807.34
2015-03-05,801.83
2015-03-06,802.55
2015-03-09,797.64
2015-03-10,804.19
2015-03-11,805.22
2015-03-12,811.82
2015-03-13,818.96
2015-03-16,808.71
2015-03-17,815.73
2015-03-18,813.81
2015-03-19,817.06
2015-03-20,803.11
2015-03-23,814.27
2015-03-24,816.82
2015-03-25,810.02
2015-03-26,804.86
2015-03-27,805.75
2015-03-30,805.94
2015-03-31,803.02
2015-04-01,808.34
2015-04-02,809.68
2015-04-03,808.87
2015-04-06,811.84
2015-04-07,801.15
2015-04-08,801.34
2015-04-09,805.48
2015-04-10,804.6
2015-04-13,800.26
2015-04-14,799.15
2015-04-15,806.41
2015-04-16,808.02
2015-04-17,806.37
2015-04-20,806.71
2015-04-21,802.86
2015-04-22,801.88
2015-04-23,802.58
2015-04-24,806.94
2015-04-27,809.73
2015-04-28,809.08
2015-04-29,812.8
2015-04-30,807.94
2015-05-04,804.23
2015-05-06,810.97
2015-05-07,816.43
2015-05-08,815.43
2015-05-11,820.13
2015-05-12,815.0
2015-05-13,820.88
2015-05-14,826.09
2015-05-15,827.98
2015-05-18,824.25
2015-05-19,817.55
2015-05-20,816.85
2015-05-21,819.02
2015-05-22,819.19
2015-05-26,813.12
2015-05-27,813.96
2015-05-28,819.45
2015-05-29,822.29
2015-06-01,821.6
2015-06-02,819.55
2015-06-03,826.63
2015-06-04,823.25
2015-06-05,822.91
2015-06-08,818.59
2015-06-09,828.59
2015-06-10,828.28
2015-06-11,832.47
2015-06-12,825.48
2015-06-15,827.03
2015-06-16,829.21
2015-06-17,832.41
2015-06-18,836.0
2015-06-19,831.85
2015-06-22,827.03
2015-06-23,823.43
2015-06-24,823.68
2015-06-25,825.07
2015-06-26,826.36
2015-06-29,823.35
2015-06-30,834.96
2015-07-01,830.06
2015-07-02,826.41
2015-07-03,833.39
2015-07-06,829.86
2015-07-07,835.01
2015-07-08,833.44
2015-07-09,841.13
2015-07-10,841.88
2015-07-13,836.29
2015-07-14,833.73
2015-07-15,837.02
2015-07-16,836.26
2015-07-17,840.55
2015-07-20,837.97
2015-07-21,840.07
2015-07-22,849.55
2015-07-23,844.49
2015-07-24,849.39
2015-07-27,848.68
2015-07-28,853.62
2015-07-29,855.49
2015-07-30,845.77
2015-07-31,847.97
2015-08-03,852.71
2015-08-04,845.63
2015-08-05,846.31
2015-08-06,847.08
2015-08-07,845.76
2015-08-10,840.83
2015-08-11,843.81
2015-08-12,834.9
2015-08-13,850.64
2015-08-17,834.39
2015-08-18,839.6
2015-08-19,843.47
2015-08-20,844.78
2015-08-21,844.45
2015-08-24,844.88
2015-08-25,849.17
2015-08-26,850.52
2015-08-27,845.56
2015-08-28,846.29
2015-08-31,834.26
2015-09-01,838.68
2015-09-02,831.64
2015-09-03,832.01
2015-09-04,838.23
2015-09-07,836.35
2015-09-08,842.03
2015-09-09,848.72
2015-09-10,840.06
2015-09-11,846.31
2015-09-14,838.24
2015-09-15,840.15
2015-09-16,843.49
2015-09-17,844.15
2015-09-18,837.05
2015-09-21,832.41
2015-09-22,831.83
2015-09-23,830.39
2015-09-24,832.66
2015-09-25,836.5
2015-09-30,836.57
2015-10-01,836.22
2015-10-02,824.22
2015-10-05,824.2
2015-10-06,824.96
2015-10-07,819.85
2015-10-08,825.53
2015-10-12,830.55
2015-10-13,819.95
2015-10-14,818.12
2015-10-15,833.86
2015-10-16,821.82
2015-10-19,816.33
2015-10-20,810.01
2015-10-21,812.76
2015-10-22,811.52
2015-10-23,816.47
2015-10-26,806.7
2015-10-27,814.46
2015-10-28,809.68
2015-10-29,807.63
2015-10-30,814.01
2015-11-02,813.14
2015-11-03,815.41
2015-11-04,811.57
2015-11-05,805.06
2015-11-06,808.43
2015-11-09,800.87
2015-11-10,811.0
2015-11-11,814.46
2015-11-12,813.58
2015-11-13,813.97
2015-11-16,815.46
2015-11-17,824.6
2015-11-18,820.75
2015-11-19,825.41
2015-11-20,823.6
2015-11-23,818.75
2015-11-24,817.06
2015-11-25,819.89
2015-11-26,815.22
2015-11-27,813.36
2015-11-30,813.98
2015-12-01,820.34
2015-12-02,823.39
2015-12-03,821.03
2015-12-04,836.16
2015-12-07,827.47
2015-12-08,829.47
2015-12-09,835.32
2015-12-10,838.76
2015-12-11,838.68
2015-12-14,835.24
2015-12-15,842.4
2015-12-16,841.92
2015-12-17,836.49
2015-12-18,830.97
2015-12-21,838.35
2015-12-22,836.91
2015-12-23,837.59
2015-12-24,834.37
2015-12-28,833.75
2015-12-29,828.09
2015-12-30,826.9
2015-12-31,828.09
2016-01-04,826.81
2016-01-05,831.29
2016-01-06,832.92
2016-01-07,831.26
2016-01-08,837.69
2016-01-11,828.71
2016-01-12,843.23
2016-01-13,840.32
2016-01-14,839.41
2016-01-15,844.15
2016-01-18,840.74
2016-01-19,842.72
2016-01-20,841.58
2016-01-21,842.94
2016-01-22,844.05
2016-01-25,842.13
2016-01-26,835.01
2016-01-27,842.17
2016-01-28,838.92
2016-01-29,846.34
2016-02-01,847.02
2016-02-02,846.51
2016-02-03,841.3
2016-02-04,859.92
2016-02-05,859.96
2016-02-11,858.8
2016-02-12,861.52
2016-02-15,864.01
2016-02-16,864.74
2016-02-17,865.66
2016-02-18,872.21
2016-02-19,873.69
2016-02-22,877.38
2016-02-23,881.23
2016-02-24,873.31
2016-02-25,878.92
2016-02-26,881.95
2016-02-29,877.01
2016-03-02,886.1
2016-03-03,881.89
2016-03-04,877.44
2016-03-07,877.76
2016-03-08,870.86
2016-03-09,871.12
2016-03-10,878.48
2016-03-11,875.37
2016-03-14,874.04
2016-03-15,862.28
2016-03-16,860.9
2016-03-17,873.2
2016-03-18,869.77
2016-03-21,855.31
2016-03-22,856.55
2016-03-23,852.13
2016-03-24,847.66
2016-03-25,851.93
2016-03-28,852.89
2016-03-29,853.72
2016-03-30,858.05
2016-03-31,853.56
2016-04-01,848.88
2016-04-04,851.29
2016-04-05,848.68
2016-04-06,852.3
2016-04-07,858.03
2016-04-08,853.51
2016-04-11,857.49
2016-04-12,855.06
2016-04-14,847.77
2016-04-15,846.47
2016-04-18,846.32
2016-04-19,851.81
2016-04-20,852.33
2016-04-21,842.52
2016-04-22,841.1
2016-04-25,841.74
2016-04-26,850.28
2016-04-27,850.9
2016-04-28,849.76
2016-04-29,850.8
2016-05-02,846.9
2016-05-03,850.68
2016-05-04,841.27
2016-05-09,847.91
2016-05-10,848.78
2016-05-11,857.97
2016-05-12,854.44
2016-05-13,847.97
2016-05-16,851.25
2016-05-17,860.54
2016-05-18,856.55
2016-05-19,854.76
2016-05-20,863.24
2016-05-23,860.72
2016-05-24,858.5
2016-05-25,860.74
2016-05-26,860.52
2016-05-27,859.88
2016-05-30,854.53
2016-05-31,862.19
2016-06-01,864.47
2016-06-02,865.58
2016-06-03,864.6
2016-06-07,874.97
2016-06-08,860.26
2016-06-09,859.12
2016-06-10,854.09
2016-06-13,854.59
2016-06-14,865.06
2016-06-15,864.93
2016-06-16,870.33
2016-06-17,867.61
2016-06-20,868.29
2016-06-21,866.22
2016-06-22,862.65
2016-06-23,864.4
2016-06-24,858.69
2016-06-27,861.57
2016-06-28,868.73
2016-06-29,869.2
2016-06-30,864.6
2016-07-01,855.46
2016-07-04,852.27
2016-07-05,853.0
2016-07-06,852.5
2016-07-07,863.14
2016-07-08,856.71
2016-07-11,860.96
2016-07-12,849.88
2016-07-13,853.23
2016-07-14,850.81
2016-07-15,850.19
2016-07-18,841.31
2016-07-19,842.58
2016-07-20,841.39
2016-07-21,840.09
2016-07-22,841.79
2016-07-25,834.99
2016-07-26,834.85
2016-07-27,838.29
2016-07-28,838.24
2016-07-29,831.94
2016-08-01,836.3
2016-08-02,827.71
2016-08-03,827.6
2016-08-04,830.14
2016-08-05,829.68
2016-08-08,824.71
2016-08-09,826.18
2016-08-10,823.75
2016-08-11,817.68
2016-08-12,817.71
2016-08-16,820.03
2016-08-17,817.32
2016-08-18,821.32
2016-08-19,825.89
2016-08-22,827.88
2016-08-23,832.85
2016-08-24,826.85
2016-08-25,828.18
2016-08-26,827.05
2016-08-29,818.89
2016-08-30,827.6
2016-08-31,820.23
2016-09-01,820.41
2016-09-02,823.17
2016-09-05,821.49
2016-09-06,816.44
2016-09-07,820.07
2016-09-08,811.88
2016-09-09,809.39
2016-09-12,808.43
2016-09-13,818.82
2016-09-19,813.2
2016-09-20,822.35
2016-09-21,822.22
2016-09-22,825.33
2016-09-23,813.59
2016-09-26,812.18
2016-09-27,813.75
2016-09-28,811.7
2016-09-29,806.22
2016-09-30,803.39
2016-10-04,807.44
2016-10-05,806.29
2016-10-06,813.29
2016-10-07,809.25
2016-10-10,812.45
2016-10-11,807.82
2016-10-12,810.86
2016-10-13,811.6
2016-10-14,818.34
2016-10-17,814.57
2016-10-18,821.1
2016-10-19,816.9
2016-10-20,810.01
2016-10-21,807.94
2016-10-24,814.08
2016-10-25,813.93
2016-10-26,817.95
2016-10-27,814.06
2016-10-28,817.44
2016-10-31,822.79
2016-11-01,822.62
2016-11-02,822.44
2016-11-03,829.84
2016-11-04,824.16
2016-11-07,825.11
2016-11-08,821.53
2016-11-09,819.61
2016-11-10,818.66
2016-11-11,815.47
2016-11-14,823.86
2016-11-15,826.98
2016-11-16,826.27
2016-11-17,825.52
2016-11-18,825.53
2016-11-21,828.26
2016-11-22,831.53
2016-11-23,825.61
2016-11-24,820.55
2016-11-25,825.64
2016-11-28,825.7
2016-11-29,821.87
2016-11-30,820.03
2016-12-01,814.79
2016-12-02,822.53
2016-12-05,821.84
2016-12-06,827.23
2016-12-07,823.13
2016-12-08,825.41
2016-12-09,813.95
2016-12-12,814.16
2016-12-13,822.0
2016-12-14,817.98
2016-12-15,812.11
2016-12-16,817.78
2016-12-19,818.82
2016-12-20,818.77
2016-12-21,824.5
2016-12-22,826.18
2016-12-23,826.15
2016-12-26,832.86
2016-12-27,828.69
2016-12-28,831.44
2016-12-29,832.71
2016-12-30,834.6
2017-01-02,834.25
2017-01-03,832.76
2017-01-04,832.24
2017-01-05,838.48
2017-01-06,834.07
2017-01-09,826.02
2017-01-10,839.95
2017-01-11,834.49
2017-01-12,838.46
2017-01-13,828.67
2017-01-16,824.58
2017-01-17,825.73
2017-01-18,833.79
2017-01-19,815.99
2017-01-20,825.34
2017-01-23,823.38
2017-01-24,823.85
2017-01-25,818.89
2017-01-26,825.31
2017-01-31,815.12
2017-02-01,826.92
2017-02-02,817.72
2017-02-03,814.26
2017-02-06,814.81
2017-02-07,807.05
2017-02-08,804.86
2017-02-09,808.7
2017-02-10,806.18
2017-02-13,809.82
2017-02-14,808.72
2017-02-15,806.16
2017-02-16,804.48
2017-02-17,804.05
2017-02-20,807.54
2017-02-21,809.25
2017-02-22,807.21
2017-02-23,807.32
2017-02-24,809.12
2017-02-27,805.01
2017-02-28,806.17
2017-03-02,802.62
2017-03-03,808.47
2017-03-06,817.26
2017-03-07,818.36
2017-03-08,815.76
2017-03-09,808.66
2017-03-10,813.04
2017-03-13,820.14
2017-03-14,810.98
2017-03-15,810.5
2017-03-16,817.3
2017-03-17,807.49
2017-03-20,806.96
2017-03-21,805.0
2017-03-22,798.73
2017-03-23,803.32
2017-03-24,800.23
2017-03-27,804.11
2017-03-28,799.37
2017-03-29,795.64
2017-03-30,798.8
2017-03-31,798.7
2017-04-03,801.3
2017-04-04,797.34
2017-04-05,800.16
2017-04-06,803.06
2017-04-07,806.47
2017-04-10,806.88
2017-04-11,812.84
2017-04-12,816.42
2017-04-13,820.17
2017-04-14,809.51
2017-04-17,815.0
2017-04-18,812.57
2017-04-19,815.35
2017-04-20,815.34
2017-04-21,816.28
2017-04-24,815.85
2017-04-25,812.57
2017-04-26,810.98
2017-04-27,806.23
2017-04-28,808.92
2017-05-02,811.66
2017-05-04,809.26
2017-05-08,805.56
2017-05-10,802.98
2017-05-11,803.56
2017-05-12,802.87
2017-05-15,802.56
2017-05-16,805.18
2017-05-17,801.56
2017-05-18,804.43
2017-05-19,807.84
2017-05-22,813.35
2017-05-23,805.78
2017-05-24,806.16
2017-05-25,813.69
2017-05-26,806.26
2017-05-29,809.88
2017-05-30,807.48
2017-05-31,810.92
2017-06-01,810.84
2017-06-02,808.17
2017-06-05,811.1
2017-06-07,810.9
2017-06-08,811.78
2017-06-09,813.54
2017-06-12,810.02
2017-06-13,813.44
2017-06-14,817.04
2017-06-15,818.23
2017-06-16,811.65
2017-06-19,818.85
2017-06-20,815.39
2017-06-21,818.49
2017-06-22,822.23
2017-06-23,820.54
2017-06-26,821.81
2017-06-27,817.19
2017-06-28,819.59
2017-06-29,826.15
2017-06-30,826.43
2017-07-03,831.09
2017-07-04,828.24
2017-07-05,831.35
2017-07-06,832.61
2017-07-07,834.27
2017-07-10,835.99
2017-07-11,830.37
2017-07-12,832.41
2017-07-13,831.32
2017-07-14,827.3
2017-07-17,828.41
2017-07-18,823.23
2017-07-19,823.89
2017-07-20,819.79
2017-07-21,822.99
2017-07-24,822.96
2017-07-25,819.31
2017-07-26,819.19
2017-07-27,825.78
2017-07-28,818.71
2017-07-31,824.99
2017-08-01,826.96
2017-08-02,823.0
2017-08-03,825.79
2017-08-04,830.12
2017-08-07,827.29
2017-08-08,827.13
2017-08-09,825.68
2017-08-10,832.23
2017-08-11,836.55
2017-08-14,842.84
2017-08-16,832.72
2017-08-17,836.0
2017-08-18,831.31
2017-08-21,837.34
2017-08-22,836.31
2017-08-23,833.44
2017-08-24,831.39
2017-08-25,827.77
2017-08-28,832.84
2017-08-29,826.59
2017-08-30,831.27
2017-08-31,827.02
2017-09-01,830.21
2017-09-04,827.07
2017-09-05,833.89
2017-09-06,836.11
2017-09-07,839.81
2017-09-08,843.08
2017-09-11,839.42
2017-09-12,839.22
2017-09-13,838.5
2017-09-14,835.03
2017-09-15,840.91
2017-09-18,842.47
2017-09-19,837.03
2017-09-20,839.09
2017-09-21,837.05
2017-09-22,838.83
2017-09-25,843.3
2017-09-26,836.84
2017-09-27,838.57
2017-09-28,837.95
2017-09-29,844.28
2017-10-10,840.2
2017-10-11,839.23
2017-10-12,838.5
2017-10-13,838.01
2017-10-16,837.47
2017-10-17,833.37
2017-10-18,834.92
2017-10-19,833.04
2017-10-20,834.51
2017-10-23,831.06
2017-10-24,831.45
2017-10-25,828.14
2017-10-26,829.78
2017-10-27,821.94
2017-10-30,827.6
2017-10-31,826.81
2017-11-01,822.81
2017-11-02,820.57
2017-11-03,819.11
2017-11-06,815.34
2017-11-07,819.93
2017-11-08,815.08
2017-11-09,818.35
2017-11-10,819.91
2017-11-13,820.9
2017-11-14,822.74
2017-11-15,823.06
2017-11-16,821.16
2017-11-17,813.9
2017-11-20,808.63
2017-11-21,809.59
2017-11-22,810.26
2017-11-23,810.23
2017-11-24,808.89
2017-11-27,805.46
2017-11-28,807.87
2017-11-29,808.69
2017-11-30,803.44
2017-12-01,804.16
2017-12-04,806.39
2017-12-05,807.76
2017-12-06,804.65
2017-12-07,809.35
2017-12-08,808.78
2017-12-11,808.19
2017-12-12,808.44
2017-12-13,805.75
2017-12-14,810.47
2017-12-15,807.18
2017-12-18,807.52
2017-12-19,808.15
2017-12-20,807.01
2017-12-21,805.82
2017-12-22,803.81
2017-12-26,803.04
2017-12-27,801.71
2017-12-28,802.33
2017-12-29,800.63
2018-01-02,801.08
2018-01-03,800.56
2018-01-04,801.23
2018-01-05,802.61
2018-01-08,800.8
2018-01-09,799.46
2018-01-10,798.97
2018-01-11,802.41
2018-01-12,805.78
2018-01-15,803.49
2018-01-16,802.46
2018-01-17,805.33
2018-01-18,803.44
2018-01-19,809.78
2018-01-22,808.56
2018-01-23,810.29
2018-01-24,811.98
2018-01-25,817.91
2018-01-26,809.04
2018-01-29,814.19
2018-01-30,812.58
2018-01-31,816.75
2018-02-01,816.47
2018-02-02,818.57
2018-02-05,814.54
2018-02-06,824.29
2018-02-07,829.96
2018-02-08,817.25
2018-02-09,816.7
2018-02-12,822.79
2018-02-13,819.02
2018-02-14,818.2
2018-02-19,823.53
2018-02-20,813.25
2018-02-21,811.11
2018-02-22,811.91
2018-02-23,821.19
2018-02-26,816.92
2018-02-27,815.91
2018-02-28,808.94
2018-03-02,818.01
2018-03-05,819.97
2018-03-06,819.65
2018-03-07,815.75
2018-03-08,813.07
2018-03-09,811.02
2018-03-12,812.25
2018-03-13,810.59
2018-03-14,812.53
2018-03-15,813.93
2018-03-16,810.74
2018-03-19,811.19
2018-03-20,813.67
2018-03-21,812.01
2018-03-22,816.3
2018-03-23,812.37
2018-03-26,822.21
2018-03-27,826.04
2018-03-28,818.44
2018-03-29,814.38
2018-03-30,813.22
2018-04-02,811.78
2018-04-03,806.29
2018-04-04,806.8
2018-04-05,806.16
2018-04-06,804.79
2018-04-09,809.69
2018-04-10,813.98
2018-04-11,815.57
2018-04-12,814.64
2018-04-13,814.19
2018-04-16,815.14
2018-04-17,819.04
2018-04-18,814.76
2018-04-19,814.34
2018-04-20,810.78
2018-04-23,810.43
2018-04-24,806.81
2018-04-25,814.51
2018-04-26,812.09
2018-04-27,813.06
2018-04-30,812.78
2018-05-02,800.22
2018-05-03,804.63
2018-05-04,808.88
2018-05-08,805.85
2018-05-09,804.3
2018-05-10,803.58
2018-05-11,804.2
2018-05-14,800.15
2018-05-15,798.38
2018-05-16,797.26
2018-05-17,805.39
2018-05-18,804.13
2018-05-21,804.02
2018-05-23,809.71
2018-05-24,803.58
2018-05-25,805.78
2018-05-28,804.31
2018-05-29,799.11
2018-05-30,799.45
2018-05-31,807.51
2018-06-01,804.42
2018-06-04,803.52
2018-06-05,801.06
2018-06-07,802.67
2018-06-08,800.55
2018-06-11,803.44
2018-06-12,803.97
2018-06-14,805.29
2018-06-15,805.1
2018-06-18,807.1
2018-06-19,817.41
2018-06-20,815.06
2018-06-21,815.61
2018-06-22,816.58
2018-06-25,816.51
2018-06-26,819.52
2018-06-27,818.32
2018-06-28,817.87
2018-06-29,819.72
2018-07-02,819.69
2018-07-03,816.19
2018-07-04,821.47
2018-07-05,817.04
2018-07-06,819.46
2018-07-09,823.27
2018-07-10,819.98
2018-07-11,820.15
2018-07-12,821.55
2018-07-13,826.65
2018-07-16,822.73
2018-07-17,828.74
2018-07-18,824.29
2018-07-19,826.82
2018-07-20,825.6
2018-07-23,833.68
2018-07-24,826.47
2018-07-25,832.44
2018-07-26,829.96
2018-07-27,820.82
2018-07-30,822.44
2018-07-31,820.47
2018-08-01,820.66
2018-08-02,821.78
2018-08-03,820.13
2018-08-06,825.18
2018-08-07,821.0
2018-08-08,825.32
2018-08-09,820.9
2018-08-10,816.94
2018-08-13,820.02
2018-08-14,824.0
2018-08-16,820.36
2018-08-17,822.24
2018-08-20,821.1
2018-08-21,819.33
2018-08-22,818.95
2018-08-23,818.81
2018-08-24,815.84
2018-08-27,821.59
2018-08-28,817.83
2018-08-29,813.69
2018-08-30,812.55
2018-08-31,810.85
2018-09-03,811.41
2018-09-04,811.83
2018-09-05,810.15
2018-09-06,812.71
2018-09-07,815.83
2018-09-10,814.73
2018-09-11,818.06
2018-09-12,819.16
2018-09-13,821.38
2018-09-14,818.19
2018-09-17,814.44
2018-09-18,819.86
2018-09-19,822.21
2018-09-20,820.1
2018-09-21,820.8
2018-09-27,817.45
2018-09-28,813.14
2018-10-01,811.91
2018-10-02,809.55
2018-10-04,808.84
2018-10-05,817.13
2018-10-08,817.22
2018-10-10,818.77
2018-10-11,819.14
2018-10-12,830.34
2018-10-15,822.07
2018-10-16,823.72
2018-10-17,820.88
2018-10-18,816.22
2018-10-19,819.83
2018-10-22,823.54
2018-10-23,819.58
2018-10-24,823.73
2018-10-25,819.66
2018-10-26,824.58
2018-10-29,826.46
2018-10-30,822.99
2018-10-31,823.42
2018-11-01,822.35
2018-11-02,827.35
2018-11-05,819.05
2018-11-06,816.78
2018-11-07,817.49
2018-11-08,817.13
2018-11-09,813.06
2018-11-12,816.02
2018-11-13,817.24
2018-11-14,823.78
2018-11-15,821.23
2018-11-16,821.41
2018-11-19,822.31
2018-11-20,822.02
2018-11-21,819.88
2018-11-22,823.69
2018-11-23,822.35
2018-11-26,822.06
2018-11-27,821.51
2018-11-28,820.02
2018-11-29,822.36
2018-11-30,818.83
2018-12-03,817.92
2018-12-04,814.7
2018-12-05,812.92
2018-12-06,814.66
2018-12-07,816.15
2018-12-10,815.94
2018-12-11,818.59
2018-12-12,822.37
2018-12-13,821.9
2018-12-14,819.48
2018-12-17,820.04
2018-12-18,824.33
2018-12-19,824.59
2018-12-20,820.13
2018-12-21,824.1
2018-12-24,817.74
2018-12-26,819.52
2018-12-27,819.87
2018-12-28,818.02
2018-12-31,818.28
2019-01-02,820.17
2019-01-03,818.37
2019-01-04,826.52
2019-01-07,828.14
2019-01-08,824.64
2019-01-09,826.15
2019-01-10,828.64
2019-01-11,827.34
2019-01-14,825.83
2019-01-15,828.3
2019-01-16,826.03
2019-01-17,828.11
2019-01-18,827.14
2019-01-21,825.49
2019-01-22,828.98
2019-01-23,831.18
2019-01-24,830.29
2019-01-25,828.56
2019-01-28,831.5
2019-01-29,825.13
2019-01-30,826.97
2019-01-31,829.4
2019-02-01,825.85
2019-02-07,823.69
2019-02-08,827.89
2019-02-11,828.97
2019-02-12,826.14
2019-02-13,829.01
2019-02-14,824.84
2019-02-15,828.64
2019-02-18,831.02
2019-02-19,828.97
2019-02-20,833.36
2019-02-21,830.51
2019-02-22,830.37
2019-02-25,833.45
2019-02-26,830.59
2019-02-27,830.0
2019-02-28,829.11
2019-03-04,827.75
2019-03-05,830.53
2019-03-06,830.21
2019-03-07,830.7
2019-03-08,828.99
2019-03-11,834.31
2019-03-12,835.85
2019-03-13,832.53
2019-03-14,836.66
2019-03-15,835.76
2019-03-18,839.91
2019-03-19,838.88
2019-03-20,836.9
2019-03-21,839.7
2019-03-22,834.7
2019-03-25,835.16
2019-03-26,840.57
2019-03-27,837.38
2019-03-28,836.92
2019-03-29,838.78
2019-04-01,838.6
2019-04-02,835.73
2019-04-03,837.92
2019-04-04,838.68
2019-04-05,838.01
2019-04-08,838.8
2019-04-09,842.58
2019-04-10,844.2
2019-04-11,844.27
2019-04-12,840.03
2019-04-15,843.13
2019-04-16,838.16
2019-04-17,838.22
2019-04-18,840.03
2019-04-19,838.03
2019-04-22,839.03
2019-04-23,841.27
2019-04-24,840.87
2019-04-25,841.79
2019-04-26,850.39
2019-04-29,851.53
2019-04-30,850.74
2019-05-02,855.08
2019-05-03,853.99
2019-05-07,857.46
2019-05-08,858.44
2019-05-09,858.8
2019-05-10,861.49
2019-05-13,864.03
2019-05-14,863.26
2019-05-15,867.18
2019-05-16,869.32
2019-05-17,866.73
2019-05-20,865.81
2019-05-21,866.93
2019-05-22,866.56
2019-05-23,866.31
2019-05-24,863.88
2019-05-27,865.42
2019-05-28,861.1
2019-05-29,861.02
2019-05-30,864.0
2019-05-31,863.1
2019-06-03,866.74
2019-06-04,865.87
2019-06-05,864.71
2019-06-07,864.73
2019-06-10,865.34
2019-06-11,866.95
2019-06-12,866.51
2019-06-13,864.7
2019-06-14,866.83
2019-06-17,863.45
2019-06-18,865.44
2019-06-19,866.99
2019-06-20,863.85
2019-06-21,860.98
2019-06-24,857.47
2019-06-25,855.64
2019-06-26,852.37
2019-06-27,854.98
2019-06-28,854.7
2019-07-01,855.48
2019-07-02,852.22
2019-07-03,858.97
2019-07-04,862.97
2019-07-05,862.5
2019-07-08,860.37
2019-07-09,866.64
2019-07-10,866.36
2019-07-11,870.08
2019-07-12,864.96
2019-07-15,866.65
2019-07-16,869.65
2019-07-17,867.53
2019-07-18,867.43
2019-07-19,868.68
2019-07-22,862.57
2019-07-23,865.25
2019-07-24,862.76
2019-07-25,863.37
2019-07-26,862.77
2019-07-29,864.88
2019-07-30,863.67
2019-07-31,862.55
2019-08-01,860.13
2019-08-02,862.64
2019-08-05,867.59
2019-08-06,874.79
2019-08-07,879.19
2019-08-08,878.64
2019-08-09,876.01
2019-08-12,872.93
2019-08-13,876.65
2019-08-14,880.8
2019-08-16,872.26
2019-08-19,876.12
2019-08-20,872.86
2019-08-21,873.63
2019-08-22,870.1
2019-08-23,869.51
2019-08-26,871.68
2019-08-27,877.44
2019-08-28,873.39
2019-08-29,873.87
2019-08-30,875.41
2019-09-02,870.81
2019-09-03,870.77
2019-09-04,874.02
2019-09-05,874.03
2019-09-06,866.36
2019-09-09,866.6
2019-09-10,864.15
2019-09-11,863.73
2019-09-16,867.13
2019-09-17,860.81
2019-09-18,864.88
2019-09-19,865.03
2019-09-20,866.8
2019-09-23,864.96
2019-09-24,866.1
2019-09-25,868.14
2019-09-26,869.18
2019-09-27,867.44
2019-09-30,869.81
2019-10-01,867.6
2019-10-02,864.97
2019-10-04,871.9
2019-10-07,867.3
2019-10-08,866.18
2019-10-10,864.57
2019-10-11,869.57
2019-10-14,866.81
2019-10-15,864.8
2019-10-16,863.55
2019-10-17,866.17
2019-10-18,869.4
2019-10-21,865.56
2019-10-22,863.34
2019-10-23,859.33
2019-10-24,861.65
2019-10-25,858.66
2019-10-28,861.39
2019-10-29,858.52
2019-10-30,856.21
2019-10-31,858.23
2019-11-01,853.69
2019-11-04,860.24
2019-11-05,853.89
2019-11-06,853.83
2019-11-07,850.88
2019-11-08,855.11
2019-11-11,850.23
2019-11-12,853.4
2019-11-13,854.1
2019-11-14,857.02
2019-11-15,859.29
2019-11-18,857.42
2019-11-19,855.84
2019-11-20,858.41
2019-11-21,859.2
2019-11-22,863.14
2019-11-25,863.24
2019-11-26,861.81
2019-11-27,860.81
2019-11-28,861.19
2019-11-29,863.48
2019-12-02,863.14
2019-12-03,863.84
2019-12-04,869.55
2019-12-05,875.66
2019-12-06,874.73
2019-12-09,874.49
2019-12-10,874.71
2019-12-11,877.41
2019-12-12,879.2
2019-12-13,878.65
2019-12-16,864.76
2019-12-17,865.45
2019-12-18,860.75
2019-12-19,859.78
2019-12-20,859.47
2019-12-23,857.79
2019-12-24,857.79
2019-12-26,858.88
2019-12-27,857.64
2019-12-30,858.37
2019-12-31,858.55
2020-01-02,860.88
2020-01-03,858.65
2020-01-06,860.91
2020-01-07,867.01
2020-01-08,862.83
2020-01-09,869.12
2020-01-10,858.46
2020-01-13,861.16
2020-01-14,858.3
2020-01-15,855.96
2020-01-16,860.86
