,CAD
2010-01-04,1110.15
2010-01-05,1109.76
2010-01-06,1101.19
2010-01-07,1102.69
2010-01-08,1095.51
2010-01-11,1099.37
2010-01-12,1083.4
2010-01-13,1081.9
2010-01-14,1092.96
2010-01-15,1096.28
2010-01-18,1090.75
2010-01-19,1098.66
2010-01-20,1090.07
2010-01-21,1082.66
2010-01-22,1082.33
2010-01-25,1088.75
2010-01-26,1086.98
2010-01-27,1083.13
2010-01-28,1090.12
2010-01-29,1084.13
2010-02-01,1082.81
2010-02-02,1100.92
2010-02-03,1096.87
2010-02-04,1084.63
2010-02-05,1075.29
2010-02-08,1094.39
2010-02-09,1089.98
2010-02-10,1093.04
2010-02-11,1089.89
2010-02-12,1102.0
2010-02-16,1100.53
2010-02-17,1104.15
2010-02-18,1092.19
2010-02-19,1091.35
2010-02-22,1113.97
2010-02-23,1102.39
2010-02-24,1088.01
2010-02-25,1097.34
2010-02-26,1092.42
2010-03-02,1114.29
2010-03-03,1112.75
2010-03-04,1111.69
2010-03-05,1109.62
2010-03-08,1111.77
2010-03-09,1102.66
2010-03-10,1105.43
2010-03-11,1105.45
2010-03-12,1104.76
2010-03-15,1111.76
2010-03-16,1112.43
2010-03-17,1118.16
2010-03-18,1117.71
2010-03-19,1116.29
2010-03-22,1113.85
2010-03-23,1117.12
2010-03-24,1115.72
2010-03-25,1109.16
2010-03-26,1113.53
2010-03-29,1111.9
2010-03-30,1114.74
2010-03-31,1109.61
2010-04-01,1115.43
2010-04-02,1118.9
2010-04-05,1115.27
2010-04-06,1122.8
2010-04-07,1122.2
2010-04-08,1116.05
2010-04-09,1121.18
2010-04-12,1116.18
2010-04-13,1109.89
2010-04-14,1118.14
2010-04-15,1117.54
2010-04-16,1106.32
2010-04-19,1096.75
2010-04-20,1101.03
2010-04-21,1117.48
2010-04-22,1110.54
2010-04-23,1108.12
2010-04-26,1111.11
2010-04-27,1103.72
2010-04-28,1089.64
2010-04-29,1107.77
2010-04-30,1111.28
2010-05-03,1090.83
2010-05-04,1103.77
2010-05-06,1081.09
2010-05-07,1080.59
2010-05-10,1116.98
2010-05-11,1106.04
2010-05-12,1107.18
2010-05-13,1116.61
2010-05-14,1107.14
2010-05-17,1094.36
2010-05-18,1112.68
2010-05-19,1105.43
2010-05-20,1116.74
2010-05-24,1109.17
2010-05-25,1139.47
2010-05-26,1175.57
2010-05-27,1171.15
2010-05-28,1175.82
2010-05-31,1137.85
2010-06-01,1152.23
2010-06-03,1162.57
2010-06-04,1157.36
2010-06-07,1128.96
2010-06-08,1165.07
2010-06-09,1176.89
2010-06-10,1189.73
2010-06-11,1223.27
2010-06-14,1203.3
2010-06-15,1185.24
2010-06-16,1192.94
2010-06-17,1181.0
2010-06-18,1181.4
2010-06-21,1183.12
2010-06-22,1149.85
2010-06-23,1150.89
2010-06-24,1143.27
2010-06-25,1136.88
2010-06-28,1161.72
2010-06-29,1158.18
2010-06-30,1148.62
2010-07-01,1156.27
2010-07-02,1162.72
2010-07-05,1148.66
2010-07-06,1149.08
2010-07-07,1165.43
2010-07-08,1165.56
2010-07-09,1160.93
2010-07-12,1160.9
2010-07-13,1155.72
2010-07-14,1168.55
2010-07-15,1160.95
2010-07-16,1159.93
2010-07-19,1136.6
2010-07-20,1152.18
2010-07-21,1161.01
2010-07-22,1148.75
2010-07-23,1164.12
2010-07-26,1153.65
2010-07-27,1157.14
2010-07-28,1143.24
2010-07-29,1142.84
2010-07-30,1146.83
2010-08-02,1150.82
2010-08-03,1147.24
2010-08-04,1141.36
2010-08-05,1148.26
2010-08-06,1148.39
2010-08-09,1133.45
2010-08-10,1128.24
2010-08-11,1132.49
2010-08-12,1123.54
2010-08-13,1144.89
2010-08-16,1139.74
2010-08-17,1144.01
2010-08-18,1141.32
2010-08-19,1143.2
2010-08-20,1128.66
2010-08-23,1124.79
2010-08-24,1122.32
2010-08-25,1121.17
2010-08-26,1127.95
2010-08-27,1128.71
2010-08-30,1139.21
2010-08-31,1121.69
2010-09-01,1124.13
2010-09-02,1132.39
2010-09-03,1121.56
2010-09-06,1133.64
2010-09-07,1130.72
2010-09-08,1122.09
2010-09-09,1134.01
2010-09-10,1131.37
2010-09-13,1129.69
2010-09-14,1129.22
2010-09-15,1130.65
2010-09-16,1131.77
2010-09-17,1133.78
2010-09-20,1126.49
2010-09-24,1123.4
2010-09-27,1128.58
2010-09-28,1114.85
2010-09-29,1114.62
2010-09-30,1106.16
2010-10-01,1106.77
2010-10-04,1112.27
2010-10-05,1098.93
2010-10-06,1113.22
2010-10-07,1107.75
2010-10-08,1097.21
2010-10-11,1109.11
2010-10-12,1100.22
2010-10-13,1115.57
2010-10-14,1116.37
2010-10-15,1107.81
2010-10-18,1100.67
2010-10-19,1098.26
2010-10-20,1087.13
2010-10-21,1106.41
2010-10-22,1097.71
2010-10-25,1100.07
2010-10-26,1094.92
2010-10-27,1091.77
2010-10-28,1095.12
2010-10-29,1105.05
2010-11-01,1103.78
2010-11-02,1102.24
2010-11-03,1104.79
2010-11-04,1100.72
2010-11-05,1104.35
2010-11-08,1105.38
2010-11-09,1109.38
2010-11-10,1106.94
2010-11-11,1112.63
2010-11-12,1103.47
2010-11-15,1106.83
2010-11-16,1118.08
2010-11-17,1104.62
2010-11-18,1111.87
2010-11-19,1117.5
2010-11-22,1113.71
2010-11-23,1106.04
2010-11-24,1109.35
2010-11-25,1137.69
2010-11-26,1133.57
2010-11-29,1126.98
2010-11-30,1135.83
2010-12-01,1125.68
2010-12-02,1133.51
2010-12-03,1145.23
2010-12-06,1139.8
2010-12-07,1127.62
2010-12-08,1121.86
2010-12-09,1128.68
2010-12-10,1126.74
2010-12-13,1130.35
2010-12-14,1134.87
2010-12-15,1135.16
2010-12-16,1146.16
2010-12-17,1149.72
2010-12-20,1136.48
2010-12-21,1144.86
2010-12-22,1133.41
2010-12-23,1140.45
2010-12-24,1140.1
2010-12-27,1141.22
2010-12-28,1142.77
2010-12-29,1145.15
2010-12-30,1146.16
2010-12-31,1138.67
2011-01-03,1146.29
2011-01-04,1135.73
2011-01-05,1124.27
2011-01-06,1128.89
2011-01-07,1126.71
2011-01-10,1130.29
2011-01-11,1128.05
2011-01-12,1137.86
2011-01-13,1135.5
2011-01-14,1124.46
2011-01-17,1128.41
2011-01-18,1129.32
2011-01-19,1125.64
2011-01-20,1117.36
2011-01-21,1121.11
2011-01-24,1129.0
2011-01-25,1127.35
2011-01-26,1121.02
2011-01-27,1123.2
2011-01-28,1119.62
2011-01-31,1112.74
2011-02-01,1122.31
2011-02-07,1131.01
2011-02-08,1117.45
2011-02-09,1109.95
2011-02-10,1111.69
2011-02-11,1117.43
2011-02-14,1135.17
2011-02-15,1136.17
2011-02-16,1134.01
2011-02-17,1137.42
2011-02-18,1133.31
2011-02-21,1129.26
2011-02-22,1135.82
2011-02-23,1137.16
2011-02-24,1138.03
2011-02-25,1146.62
2011-02-28,1153.98
2011-03-02,1158.63
2011-03-03,1160.01
2011-03-04,1154.4
2011-03-07,1148.18
2011-03-08,1148.63
2011-03-09,1150.71
2011-03-10,1151.11
2011-03-11,1146.72
2011-03-14,1154.81
2011-03-15,1160.26
2011-03-16,1148.29
2011-03-17,1140.96
2011-03-18,1154.28
2011-03-21,1146.36
2011-03-22,1150.05
2011-03-23,1143.13
2011-03-24,1145.81
2011-03-25,1150.23
2011-03-28,1135.51
2011-03-29,1138.86
2011-03-30,1144.0
2011-03-31,1139.62
2011-04-01,1134.47
2011-04-04,1136.42
2011-04-05,1124.28
2011-04-06,1130.8
2011-04-07,1130.55
2011-04-08,1134.16
2011-04-11,1135.12
2011-04-12,1134.25
2011-04-13,1134.12
2011-04-14,1134.71
2011-04-15,1133.73
2011-04-18,1133.35
2011-04-19,1130.13
2011-04-20,1143.63
2011-04-21,1137.15
2011-04-22,1133.13
2011-04-25,1134.56
2011-04-26,1133.71
2011-04-27,1141.85
2011-04-28,1136.02
2011-04-29,1128.32
2011-05-02,1133.97
2011-05-03,1121.06
2011-05-04,1123.22
2011-05-06,1112.19
2011-05-09,1125.46
2011-05-11,1128.78
2011-05-12,1119.22
2011-05-13,1124.53
2011-05-16,1123.04
2011-05-17,1120.76
2011-05-18,1122.9
2011-05-19,1120.66
2011-05-20,1121.54
2011-05-23,1111.2
2011-05-24,1116.43
2011-05-25,1120.86
2011-05-26,1121.42
2011-05-27,1113.66
2011-05-30,1107.34
2011-05-31,1106.49
2011-06-01,1113.07
2011-06-02,1101.85
2011-06-03,1107.76
2011-06-07,1099.6
2011-06-08,1108.99
2011-06-09,1103.91
2011-06-10,1112.7
2011-06-13,1103.66
2011-06-14,1112.03
2011-06-15,1118.45
2011-06-16,1106.51
2011-06-17,1109.48
2011-06-20,1108.48
2011-06-21,1106.15
2011-06-22,1111.83
2011-06-23,1103.36
2011-06-24,1101.03
2011-06-27,1089.67
2011-06-28,1102.8
2011-06-29,1101.8
2011-06-30,1114.08
2011-07-01,1109.72
2011-07-04,1112.11
2011-07-05,1108.47
2011-07-06,1106.43
2011-07-07,1103.87
2011-07-08,1110.44
2011-07-11,1098.95
2011-07-12,1093.83
2011-07-13,1104.18
2011-07-14,1111.32
2011-07-15,1100.9
2011-07-18,1108.16
2011-07-19,1106.11
2011-07-20,1114.77
2011-07-21,1115.13
2011-07-22,1117.96
2011-07-25,1106.93
2011-07-26,1113.28
2011-07-27,1115.77
2011-07-28,1106.41
2011-07-29,1108.41
2011-08-01,1103.94
2011-08-02,1098.15
2011-08-03,1093.05
2011-08-04,1101.5
2011-08-05,1079.0
2011-08-08,1088.17
2011-08-09,1082.21
2011-08-10,1113.98
2011-08-11,1086.92
2011-08-12,1101.06
2011-08-16,1099.09
2011-08-17,1088.5
2011-08-18,1094.37
2011-08-19,1081.98
2011-08-22,1092.46
2011-08-23,1093.63
2011-08-24,1093.58
2011-08-25,1092.6
2011-08-26,1098.48
2011-08-29,1104.83
2011-08-30,1102.4
2011-08-31,1094.86
2011-09-01,1094.2
2011-09-02,1088.97
2011-09-05,1076.7
2011-09-06,1077.57
2011-09-07,1082.74
2011-09-08,1088.96
2011-09-09,1085.5
2011-09-14,1091.39
2011-09-15,1111.46
2011-09-16,1125.43
2011-09-19,1127.53
2011-09-20,1129.02
2011-09-21,1157.78
2011-09-22,1140.19
2011-09-23,1145.48
2011-09-26,1154.31
2011-09-28,1156.29
2011-09-29,1133.1
2011-09-30,1136.21
2011-10-04,1117.74
2011-10-05,1138.26
2011-10-06,1144.78
2011-10-07,1143.05
2011-10-10,1135.94
2011-10-11,1142.38
2011-10-12,1132.16
2011-10-13,1151.95
2011-10-14,1132.02
2011-10-17,1149.44
2011-10-18,1120.49
2011-10-19,1130.2
2011-10-20,1116.98
2011-10-21,1121.44
2011-10-24,1139.64
2011-10-25,1133.51
2011-10-26,1109.48
2011-10-27,1125.11
2011-10-28,1133.91
2011-10-31,1112.23
2011-11-01,1105.37
2011-11-02,1090.19
2011-11-03,1109.23
2011-11-04,1122.41
2011-11-07,1095.67
2011-11-08,1099.77
2011-11-09,1105.96
2011-11-10,1089.02
2011-11-11,1115.23
2011-11-14,1116.8
2011-11-15,1102.08
2011-11-16,1103.04
2011-11-17,1107.21
2011-11-18,1106.18
2011-11-21,1104.75
2011-11-22,1096.14
2011-11-23,1104.25
2011-11-24,1096.93
2011-11-25,1105.1
2011-11-28,1112.67
2011-11-29,1116.17
2011-11-30,1115.39
2011-12-01,1119.61
2011-12-02,1111.25
2011-12-05,1109.23
2011-12-06,1111.41
2011-12-07,1120.5
2011-12-08,1116.97
2011-12-09,1105.2
2011-12-12,1120.95
2011-12-13,1114.68
2011-12-14,1117.68
2011-12-15,1115.44
2011-12-16,1123.32
2011-12-19,1113.89
2011-12-20,1126.09
2011-12-21,1134.59
2011-12-22,1120.53
2011-12-23,1132.53
2011-12-26,1124.99
2011-12-27,1129.06
2011-12-28,1134.39
2011-12-29,1129.72
2011-12-30,1129.74
2012-01-02,1131.46
2012-01-03,1133.95
2012-01-04,1138.15
2012-01-05,1132.51
2012-01-06,1127.75
2012-01-09,1125.48
2012-01-10,1137.79
2012-01-11,1137.21
2012-01-12,1137.39
2012-01-13,1137.7
2012-01-16,1122.43
2012-01-17,1133.21
2012-01-18,1129.21
2012-01-19,1130.22
2012-01-20,1123.81
2012-01-25,1124.24
2012-01-26,1121.25
2012-01-27,1119.53
2012-01-30,1122.0
2012-01-31,1122.98
2012-02-01,1122.99
2012-02-02,1128.83
2012-02-03,1119.17
2012-02-06,1126.11
2012-02-07,1124.06
2012-02-08,1127.36
2012-02-09,1120.12
2012-02-10,1123.49
2012-02-13,1121.37
2012-02-14,1122.3
2012-02-15,1124.61
2012-02-16,1122.71
2012-02-17,1131.59
2012-02-20,1133.3
2012-02-21,1129.14
2012-02-22,1127.46
2012-02-23,1126.58
2012-02-24,1131.35
2012-02-27,1124.98
2012-02-28,1130.21
2012-02-29,1132.1
2012-03-02,1136.7
2012-03-05,1126.55
2012-03-06,1124.47
2012-03-07,1118.4
2012-03-08,1129.34
2012-03-09,1130.88
2012-03-12,1126.41
2012-03-13,1130.98
2012-03-14,1134.49
2012-03-15,1131.44
2012-03-16,1138.32
2012-03-19,1134.38
2012-03-20,1137.39
2012-03-21,1133.07
2012-03-22,1136.03
2012-03-23,1130.98
2012-03-26,1137.33
2012-03-27,1147.86
2012-03-28,1141.71
2012-03-29,1139.42
2012-03-30,1141.45
2012-04-02,1139.5
2012-04-03,1139.03
2012-04-04,1133.43
2012-04-05,1132.5
2012-04-06,1137.29
2012-04-09,1136.95
2012-04-10,1141.31
2012-04-12,1134.04
2012-04-13,1148.1
2012-04-16,1135.06
2012-04-17,1138.04
2012-04-18,1151.22
2012-04-19,1146.81
2012-04-20,1146.29
2012-04-23,1148.01
2012-04-24,1149.48
2012-04-25,1156.06
2012-04-26,1158.99
2012-04-27,1153.6
2012-04-30,1156.29
2012-05-02,1147.78
2012-05-03,1142.03
2012-05-04,1143.26
2012-05-07,1134.79
2012-05-08,1146.93
2012-05-09,1136.5
2012-05-10,1137.72
2012-05-11,1138.97
2012-05-14,1143.48
2012-05-15,1145.72
2012-05-16,1146.31
2012-05-17,1148.01
2012-05-18,1141.46
2012-05-21,1146.89
2012-05-22,1146.52
2012-05-23,1139.68
2012-05-24,1144.13
2012-05-25,1146.47
2012-05-29,1152.06
2012-05-30,1152.05
2012-05-31,1143.33
2012-06-01,1144.13
2012-06-04,1133.05
2012-06-05,1137.22
2012-06-07,1137.22
2012-06-08,1139.53
2012-06-11,1148.03
2012-06-12,1131.75
2012-06-13,1141.56
2012-06-14,1134.78
2012-06-15,1140.18
2012-06-18,1141.06
2012-06-19,1132.47
2012-06-20,1137.27
2012-06-21,1130.82
2012-06-22,1118.12
2012-06-25,1128.1
2012-06-26,1128.3
2012-06-27,1132.44
2012-06-28,1128.99
2012-06-29,1116.13
2012-07-02,1132.14
2012-07-03,1124.8
2012-07-04,1127.51
2012-07-05,1120.4
2012-07-06,1120.04
2012-07-09,1116.57
2012-07-10,1120.6
2012-07-11,1117.51
2012-07-12,1122.38
2012-07-13,1124.55
2012-07-16,1135.39
2012-07-17,1130.53
2012-07-18,1129.33
2012-07-19,1128.69
2012-07-20,1129.68
2012-07-23,1125.12
2012-07-24,1125.96
2012-07-25,1123.61
2012-07-26,1133.28
2012-07-27,1136.12
2012-07-30,1135.47
2012-07-31,1134.33
2012-08-01,1129.47
2012-08-02,1122.21
2012-08-03,1121.93
2012-08-06,1134.47
2012-08-07,1125.82
2012-08-08,1130.58
2012-08-09,1134.24
2012-08-10,1135.8
2012-08-13,1138.0
2012-08-14,1139.92
2012-08-16,1141.28
2012-08-17,1148.43
2012-08-20,1146.43
2012-08-21,1148.65
2012-08-22,1144.23
2012-08-23,1144.03
2012-08-24,1137.51
2012-08-27,1143.65
2012-08-28,1146.84
2012-08-29,1150.84
2012-08-30,1146.27
2012-08-31,1143.46
2012-09-03,1150.27
2012-09-04,1147.7
2012-09-05,1147.23
2012-09-06,1145.42
2012-09-07,1153.87
2012-09-10,1155.58
2012-09-11,1155.35
2012-09-12,1160.16
2012-09-13,1153.89
2012-09-14,1164.42
2012-09-17,1153.15
2012-09-18,1144.0
2012-09-19,1146.36
2012-09-20,1145.86
2012-09-21,1145.29
2012-09-24,1145.11
2012-09-25,1144.58
2012-09-26,1140.27
2012-09-27,1138.34
2012-09-28,1140.73
2012-10-02,1133.59
2012-10-04,1128.1
2012-10-05,1134.92
2012-10-08,1135.23
2012-10-09,1137.4
2012-10-10,1134.42
2012-10-11,1134.73
2012-10-12,1139.73
2012-10-15,1133.78
2012-10-16,1133.29
2012-10-17,1122.25
2012-10-18,1129.28
2012-10-19,1121.97
2012-10-22,1111.3
2012-10-23,1113.45
2012-10-24,1110.41
2012-10-25,1109.8
2012-10-26,1106.82
2012-10-29,1097.27
2012-10-30,1094.64
2012-10-31,1095.09
2012-11-01,1090.38
2012-11-02,1094.62
2012-11-05,1095.91
2012-11-06,1095.86
2012-11-07,1100.08
2012-11-08,1090.97
2012-11-09,1087.66
2012-11-12,1089.06
2012-11-13,1088.4
2012-11-14,1087.85
2012-11-15,1083.4
2012-11-16,1085.89
2012-11-19,1088.65
2012-11-20,1090.33
2012-11-21,1086.37
2012-11-22,1087.17
2012-11-23,1086.93
2012-11-26,1094.12
2012-11-27,1092.55
2012-11-28,1089.99
2012-11-29,1093.93
2012-11-30,1092.4
2012-12-03,1089.85
2012-12-04,1089.16
2012-12-05,1091.17
2012-12-06,1091.34
2012-12-07,1091.87
2012-12-10,1096.86
2012-12-11,1094.12
2012-12-12,1092.32
2012-12-13,1092.36
2012-12-14,1089.13
2012-12-17,1089.59
2012-12-18,1090.57
2012-12-20,1083.61
2012-12-21,1087.1
2012-12-24,1082.76
2012-12-26,1083.63
2012-12-27,1080.44
2012-12-28,1078.0
2012-12-31,1076.05
2013-01-02,1078.38
2013-01-03,1080.2
2013-01-04,1076.07
2013-01-07,1078.61
2013-01-08,1078.72
2013-01-09,1077.53
2013-01-10,1075.27
2013-01-11,1079.24
2013-01-14,1073.24
2013-01-15,1073.05
2013-01-16,1072.18
2013-01-17,1073.72
2013-01-18,1073.33
2013-01-21,1064.4
2013-01-22,1067.58
2013-01-23,1072.98
2013-01-24,1065.61
2013-01-25,1065.84
2013-01-29,1076.1
2013-01-30,1086.32
2013-01-31,1080.86
2013-02-01,1092.07
2013-02-04,1096.63
2013-02-05,1090.64
2013-02-06,1091.66
2013-02-07,1093.39
2013-02-08,1092.19
2013-02-12,1088.47
2013-02-13,1092.18
2013-02-14,1084.94
2013-02-15,1083.72
2013-02-18,1070.91
2013-02-19,1071.19
2013-02-20,1069.21
2013-02-21,1060.2
2013-02-22,1064.88
2013-02-25,1062.7
2013-02-26,1060.26
2013-02-27,1060.74
2013-02-28,1060.48
2013-03-04,1052.84
2013-03-05,1062.4
2013-03-06,1058.22
2013-03-07,1049.69
2013-03-08,1055.17
2013-03-11,1059.73
2013-03-12,1070.47
2013-03-13,1066.89
2013-03-14,1067.71
2013-03-15,1081.0
2013-03-18,1085.74
2013-03-19,1090.48
2013-03-20,1080.96
2013-03-21,1088.92
2013-03-22,1089.29
2013-03-25,1091.98
2013-03-26,1089.24
2013-03-27,1089.7
2013-03-28,1091.52
2013-03-29,1094.43
2013-04-01,1093.69
2013-04-02,1097.07
2013-04-03,1096.84
2013-04-04,1104.75
2013-04-05,1109.65
2013-04-08,1108.7
2013-04-09,1119.49
2013-04-10,1120.96
2013-04-11,1122.25
2013-04-12,1117.49
2013-04-15,1115.04
2013-04-16,1099.09
2013-04-17,1096.41
2013-04-18,1086.83
2013-04-19,1094.15
2013-04-22,1090.32
2013-04-23,1093.75
2013-04-24,1091.33
2013-04-25,1091.37
2013-04-26,1091.79
2013-04-29,1091.09
2013-04-30,1095.56
2013-05-02,1093.72
2013-05-03,1088.38
2013-05-06,1090.85
2013-05-07,1086.5
2013-05-08,1088.56
2013-05-09,1085.04
2013-05-10,1079.87
2013-05-13,1090.71
2013-05-14,1103.02
2013-05-15,1089.57
2013-05-16,1095.36
2013-05-20,1083.53
2013-05-21,1091.41
2013-05-22,1083.91
2013-05-23,1071.93
2013-05-24,1090.23
2013-05-27,1093.29
2013-05-28,1088.37
2013-05-29,1081.69
2013-05-30,1092.23
2013-05-31,1095.28
2013-06-03,1087.03
2013-06-04,1097.05
2013-06-05,1084.49
2013-06-07,1089.46
2013-06-10,1088.01
2013-06-11,1102.05
2013-06-12,1112.78
2013-06-13,1108.1
2013-06-14,1116.6
2013-06-17,1109.56
2013-06-18,1107.46
2013-06-19,1106.06
2013-06-20,1102.19
2013-06-21,1103.65
2013-06-24,1102.46
2013-06-25,1102.37
2013-06-26,1102.17
2013-06-27,1101.62
2013-06-28,1096.88
2013-07-01,1088.48
2013-07-02,1082.76
2013-07-03,1073.64
2013-07-04,1086.13
2013-07-05,1083.12
2013-07-08,1079.32
2013-07-09,1090.34
2013-07-10,1086.67
2013-07-11,1095.53
2013-07-12,1084.14
2013-07-15,1079.55
2013-07-16,1075.6
2013-07-17,1078.03
2013-07-18,1074.11
2013-07-19,1081.37
2013-07-22,1084.3
2013-07-23,1081.93
2013-07-24,1084.88
2013-07-25,1080.23
2013-07-26,1086.66
2013-07-29,1082.47
2013-07-30,1080.55
2013-07-31,1080.17
2013-08-01,1088.58
2013-08-02,1083.69
2013-08-05,1083.52
2013-08-06,1077.46
2013-08-07,1074.19
2013-08-08,1072.21
2013-08-09,1078.08
2013-08-12,1081.31
2013-08-13,1079.22
2013-08-14,1079.06
2013-08-16,1086.16
2013-08-19,1078.81
2013-08-20,1076.77
2013-08-21,1079.37
2013-08-22,1066.63
2013-08-23,1070.05
2013-08-26,1064.14
2013-08-27,1060.0
2013-08-28,1064.95
2013-08-29,1064.82
2013-08-30,1054.38
2013-09-02,1052.9
2013-09-03,1046.09
2013-09-04,1040.05
2013-09-05,1047.53
2013-09-06,1041.32
2013-09-09,1052.26
2013-09-10,1048.87
2013-09-11,1048.06
2013-09-12,1053.85
2013-09-13,1048.95
2013-09-16,1053.13
2013-09-17,1048.8
2013-09-23,1053.49
2013-09-24,1046.19
2013-09-25,1043.19
2013-09-26,1043.82
2013-09-27,1041.99
2013-09-30,1042.8
2013-10-01,1041.36
2013-10-02,1040.02
2013-10-04,1040.77
2013-10-07,1040.64
2013-10-08,1037.86
2013-10-10,1033.1
2013-10-11,1033.63
2013-10-14,1032.85
2013-10-15,1035.14
2013-10-16,1029.3
2013-10-17,1033.01
2013-10-18,1033.7
2013-10-21,1031.09
2013-10-22,1030.42
2013-10-23,1031.68
2013-10-24,1017.72
2013-10-25,1014.68
2013-10-28,1017.04
2013-10-29,1016.23
2013-10-30,1013.42
2013-10-31,1013.03
2013-11-01,1015.86
2013-11-04,1019.57
2013-11-05,1019.0
2013-11-06,1015.83
2013-11-07,1019.19
2013-11-08,1014.39
2013-11-11,1014.31
2013-11-12,1020.44
2013-11-13,1020.44
2013-11-14,1026.01
2013-11-15,1019.83
2013-11-18,1021.89
2013-11-19,1016.78
2013-11-20,1009.03
2013-11-21,1010.62
2013-11-22,1009.41
2013-11-25,1008.17
2013-11-26,1006.84
2013-11-27,1005.6
2013-11-28,1001.32
2013-11-29,1003.21
2013-12-02,996.75
2013-12-03,993.94
2013-12-04,996.85
2013-12-05,993.91
2013-12-06,996.15
2013-12-09,993.66
2013-12-10,990.22
2013-12-11,992.5
2013-12-12,993.3
2013-12-13,989.62
2013-12-16,994.33
2013-12-17,993.49
2013-12-18,991.61
2013-12-19,981.8
2013-12-20,991.84
2013-12-23,997.84
2013-12-24,999.67
2013-12-26,997.13
2013-12-27,995.07
2013-12-30,985.85
2013-12-31,990.85
2014-01-02,991.22
2014-01-03,984.58
2014-01-06,991.39
2014-01-07,996.3
2014-01-08,991.78
2014-01-09,984.62
2014-01-10,981.83
2014-01-13,974.46
2014-01-14,971.9
2014-01-15,966.49
2014-01-16,971.03
2014-01-17,973.34
2014-01-20,967.36
2014-01-21,971.47
2014-01-22,970.14
2014-01-23,963.13
2014-01-24,965.41
2014-01-27,973.34
2014-01-28,975.61
2014-01-29,967.98
2014-02-03,962.87
2014-02-04,974.3
2014-02-05,980.15
2014-02-06,974.23
2014-02-07,972.18
2014-02-10,974.0
2014-02-11,969.61
2014-02-12,973.44
2014-02-13,967.82
2014-02-14,968.9
2014-02-17,967.61
2014-02-18,967.7
2014-02-19,971.25
2014-02-20,963.61
2014-02-21,965.76
2014-02-24,966.15
2014-02-25,972.53
2014-02-26,965.72
2014-02-27,961.28
2014-02-28,959.39
2014-03-03,962.27
2014-03-04,967.59
2014-03-05,965.94
2014-03-06,970.36
2014-03-07,971.64
2014-03-10,958.2
2014-03-11,959.23
2014-03-12,958.46
2014-03-13,961.68
2014-03-14,963.53
2014-03-17,966.07
2014-03-18,967.18
2014-03-19,959.0
2014-03-20,952.54
2014-03-21,956.63
2014-03-24,962.79
2014-03-25,964.23
2014-03-26,965.7
2014-03-27,968.29
2014-03-28,972.75
2014-03-31,966.98
2014-04-01,964.45
2014-04-02,961.64
2014-04-03,958.21
2014-04-04,958.77
2014-04-07,961.84
2014-04-08,959.86
2014-04-09,964.13
2014-04-10,958.47
2014-04-11,947.76
2014-04-14,945.63
2014-04-15,947.77
2014-04-16,948.27
2014-04-17,945.26
2014-04-18,941.96
2014-04-21,941.2
2014-04-22,942.26
2014-04-23,942.61
2014-04-24,942.34
2014-04-25,942.07
2014-04-28,941.54
2014-04-29,940.77
2014-04-30,941.85
2014-05-02,941.27
2014-05-07,947.18
2014-05-08,941.05
2014-05-09,944.93
2014-05-12,938.7
2014-05-13,940.76
2014-05-14,937.67
2014-05-15,940.86
2014-05-16,943.78
2014-05-19,944.13
2014-05-20,940.67
2014-05-21,938.77
2014-05-22,940.76
2014-05-23,941.15
2014-05-26,942.23
2014-05-27,943.03
2014-05-28,942.53
2014-05-29,940.67
2014-05-30,942.48
2014-06-02,941.07
2014-06-03,939.51
2014-06-05,935.86
2014-06-09,935.46
2014-06-10,932.75
2014-06-11,932.23
2014-06-12,935.27
2014-06-13,937.31
2014-06-16,937.56
2014-06-17,940.24
2014-06-18,941.33
2014-06-19,944.17
2014-06-20,941.21
2014-06-23,948.11
2014-06-24,949.11
2014-06-25,947.42
2014-06-26,951.79
2014-06-27,951.22
2014-06-30,951.19
2014-07-01,948.46
2014-07-02,951.57
2014-07-03,946.57
2014-07-04,948.87
2014-07-07,947.1
2014-07-08,945.2
2014-07-09,947.62
2014-07-10,950.15
2014-07-11,950.05
2014-07-14,948.74
2014-07-15,950.58
2014-07-16,951.66
2014-07-17,961.55
2014-07-18,956.52
2014-07-21,960.85
2014-07-22,956.7
2014-07-23,954.05
2014-07-24,953.48
2014-07-25,956.72
2014-07-28,952.18
2014-07-29,949.22
2014-07-30,944.34
2014-07-31,939.42
2014-08-01,941.04
2014-08-04,946.18
2014-08-05,945.91
2014-08-06,940.34
2014-08-07,947.33
2014-08-08,946.65
2014-08-11,945.67
2014-08-12,943.21
2014-08-13,941.06
2014-08-14,941.87
2014-08-18,940.75
2014-08-19,934.48
2014-08-20,930.87
2014-08-21,931.05
2014-08-22,935.79
2014-08-25,929.61
2014-08-26,928.54
2014-08-27,929.51
2014-08-28,933.74
2014-08-29,933.51
2014-09-01,933.58
2014-09-02,932.99
2014-09-03,929.36
2014-09-04,935.76
2014-09-05,935.66
2014-09-11,936.14
2014-09-12,937.17
2014-09-15,935.89
2014-09-16,939.88
2014-09-17,943.15
2014-09-18,938.33
2014-09-19,951.45
2014-09-22,954.29
2014-09-23,943.09
2014-09-24,941.2
2014-09-25,939.42
2014-09-26,939.11
2014-09-29,933.94
2014-09-30,941.82
2014-10-01,941.65
2014-10-02,951.53
2014-10-06,942.28
2014-10-07,960.23
2014-10-08,956.16
2014-10-10,958.65
2014-10-13,956.59
2014-10-14,954.68
2014-10-15,940.98
2014-10-16,945.91
2014-10-17,941.59
2014-10-20,941.28
2014-10-21,939.45
2014-10-22,939.25
2014-10-23,937.58
2014-10-24,940.18
2014-10-27,942.52
2014-10-28,935.6
2014-10-29,940.85
2014-10-30,936.16
2014-10-31,941.66
2014-11-03,938.82
2014-11-04,947.06
2014-11-05,947.32
2014-11-06,946.89
2014-11-07,953.14
2014-11-10,965.11
2014-11-11,953.9
2014-11-12,961.2
2014-11-13,970.62
2014-11-14,965.22
2014-11-17,974.05
2014-11-18,971.05
2014-11-19,972.22
2014-11-20,973.03
2014-11-21,984.09
2014-11-24,988.26
2014-11-25,985.77
2014-11-26,988.41
2014-11-27,983.87
2014-11-28,971.07
2014-12-01,965.99
2014-12-02,985.87
2014-12-03,970.03
2014-12-04,980.08
2014-12-05,979.72
2014-12-08,972.48
2014-12-09,974.34
2014-12-10,972.37
2014-12-11,962.4
2014-12-12,952.92
2014-12-15,953.69
2014-12-16,945.85
2014-12-17,939.46
2014-12-18,934.31
2014-12-19,952.43
2014-12-22,948.33
2014-12-23,942.78
2014-12-24,946.83
2014-12-26,950.47
2014-12-29,945.2
2014-12-30,942.98
2014-12-31,946.53
2015-01-02,946.69
2015-01-05,934.25
2015-01-06,942.61
2015-01-07,932.35
2015-01-08,930.37
2015-01-09,928.14
2015-01-12,921.53
2015-01-13,904.5
2015-01-14,904.95
2015-01-15,903.19
2015-01-16,906.17
2015-01-19,899.55
2015-01-20,903.56
2015-01-21,895.35
2015-01-22,880.39
2015-01-23,876.27
2015-01-26,871.11
2015-01-27,865.17
2015-01-28,872.94
2015-01-29,864.49
2015-01-30,864.41
2015-02-02,863.46
2015-02-03,875.57
2015-02-04,883.66
2015-02-05,866.71
2015-02-06,876.2
2015-02-09,869.63
2015-02-10,879.71
2015-02-11,866.88
2015-02-12,869.66
2015-02-13,885.22
2015-02-16,882.53
2015-02-17,881.07
2015-02-23,878.65
2015-02-24,883.46
2015-02-25,887.16
2015-02-26,886.9
2015-02-27,878.59
2015-03-02,879.11
2015-03-03,879.26
2015-03-04,880.7
2015-03-05,882.57
2015-03-06,881.21
2015-03-09,872.03
2015-03-10,879.76
2015-03-11,882.82
2015-03-12,884.3
2015-03-13,891.1
2015-03-16,879.34
2015-03-17,887.63
2015-03-18,883.62
2015-03-19,895.94
2015-03-20,876.79
2015-03-23,892.15
2015-03-24,892.15
2015-03-25,885.54
2015-03-26,880.75
2015-03-27,884.85
2015-03-30,876.22
2015-03-31,871.62
2015-04-01,875.02
2015-04-02,874.54
2015-04-03,873.96
2015-04-06,877.19
2015-04-07,870.75
2015-04-08,871.59
2015-04-09,871.93
2015-04-10,869.24
2015-04-13,871.15
2015-04-14,870.52
2015-04-15,878.46
2015-04-16,890.69
2015-04-17,893.03
2015-04-20,887.79
2015-04-21,885.06
2015-04-22,882.98
2015-04-23,883.35
2015-04-24,891.6
2015-04-27,885.95
2015-04-28,888.9
2015-04-29,890.15
2015-04-30,888.75
2015-05-04,879.31
2015-05-06,894.45
2015-05-07,898.06
2015-05-08,897.61
2015-05-11,902.42
2015-05-12,900.82
2015-05-13,913.27
2015-05-14,915.93
2015-05-15,912.36
2015-05-18,906.12
2015-05-19,893.31
2015-05-20,891.91
2015-05-21,897.37
2015-05-22,896.9
2015-05-26,886.25
2015-05-27,884.31
2015-05-28,888.8
2015-05-29,891.71
2015-06-01,889.0
2015-06-02,887.47
2015-06-03,897.81
2015-06-04,887.89
2015-06-05,887.92
2015-06-08,893.25
2015-06-09,903.63
2015-06-10,907.05
2015-06-11,910.63
2015-06-12,903.24
2015-06-15,902.92
2015-06-16,906.6
2015-06-17,908.93
2015-06-18,913.78
2015-06-19,908.12
2015-06-22,899.98
2015-06-23,893.36
2015-06-24,895.68
2015-06-25,894.77
2015-06-26,900.06
2015-06-29,903.35
2015-06-30,906.17
2015-07-01,895.86
2015-07-02,888.62
2015-07-03,895.62
2015-07-06,889.46
2015-07-07,890.36
2015-07-08,887.88
2015-07-09,891.51
2015-07-10,894.05
2015-07-13,890.29
2015-07-14,888.01
2015-07-15,895.05
2015-07-16,884.06
2015-07-17,885.63
2015-07-20,883.16
2015-07-21,886.11
2015-07-22,895.07
2015-07-23,884.4
2015-07-24,892.26
2015-07-27,893.06
2015-07-28,896.57
2015-07-29,901.76
2015-07-30,894.44
2015-07-31,896.81
2015-08-03,893.18
2015-08-04,885.75
2015-08-05,886.44
2015-08-06,889.57
2015-08-07,892.94
2015-08-10,886.41
2015-08-11,895.49
2015-08-12,893.37
2015-08-13,917.24
2015-08-17,896.75
2015-08-18,903.06
2015-08-19,907.26
2015-08-20,903.0
2015-08-21,905.87
2015-08-24,902.18
2015-08-25,901.57
2015-08-26,895.77
2015-08-27,894.11
2015-08-28,897.2
2015-08-31,888.78
2015-09-01,900.0
2015-09-02,887.18
2015-09-03,888.05
2015-09-04,900.24
2015-09-07,898.16
2015-09-08,903.56
2015-09-09,910.92
2015-09-10,898.2
2015-09-11,904.09
2015-09-14,893.7
2015-09-15,890.98
2015-09-16,892.78
2015-09-17,895.28
2015-09-18,888.15
2015-09-21,882.83
2015-09-22,885.35
2015-09-23,886.88
2015-09-24,891.32
2015-09-25,893.5
2015-09-30,889.96
2015-10-01,893.29
2015-10-02,890.28
2015-10-05,896.22
2015-10-06,895.55
2015-10-07,893.25
2015-10-08,892.12
2015-10-12,895.43
2015-10-13,882.48
2015-10-14,881.34
2015-10-15,889.76
2015-10-16,881.5
2015-10-19,874.03
2015-10-20,864.29
2015-10-21,870.21
2015-10-22,861.29
2015-10-23,868.66
2015-10-26,855.78
2015-10-27,861.58
2015-10-28,852.38
2015-10-29,858.36
2015-10-30,868.08
2015-11-02,870.72
2015-11-03,870.7
2015-11-04,867.38
2015-11-05,858.84
2015-11-06,863.76
2015-11-09,855.61
2015-11-10,869.48
2015-11-11,872.34
2015-11-12,871.28
2015-11-13,868.83
2015-11-16,871.95
2015-11-17,879.51
2015-11-18,877.91
2015-11-19,881.99
2015-11-20,875.63
2015-11-23,866.88
2015-11-24,866.69
2015-11-25,868.64
2015-11-26,861.56
2015-11-27,861.95
2015-11-30,860.37
2015-12-01,867.39
2015-12-02,866.84
2015-12-03,868.65
2015-12-04,875.18
2015-12-07,864.7
2015-12-08,863.62
2015-12-09,865.92
2015-12-10,868.49
2015-12-11,863.4
2015-12-14,858.9
2015-12-15,864.28
2015-12-16,861.36
2015-12-17,854.82
2015-12-18,845.82
2015-12-21,849.63
2015-12-22,843.77
2015-12-23,845.08
2015-12-24,845.63
2015-12-28,846.28
2015-12-29,838.34
2015-12-30,843.77
2015-12-31,844.56
2016-01-04,845.97
2016-01-05,849.94
2016-01-06,850.0
2016-01-07,848.03
2016-01-08,850.01
2016-01-11,843.55
2016-01-12,849.87
2016-01-13,847.24
2016-01-14,841.17
2016-01-15,844.94
2016-01-18,831.19
2016-01-19,833.85
2016-01-20,830.38
2016-01-21,835.64
2016-01-22,848.1
2016-01-25,850.83
2016-01-26,836.5
2016-01-27,850.61
2016-01-28,852.32
2016-01-29,860.99
2016-02-01,862.62
2016-02-02,863.56
2016-02-03,855.84
2016-02-04,882.37
2016-02-05,874.53
2016-02-11,858.06
2016-02-12,860.28
2016-02-15,871.31
2016-02-16,874.52
2016-02-17,877.4
2016-02-18,895.03
2016-02-19,892.65
2016-02-22,895.17
2016-02-23,899.19
2016-02-24,892.31
2016-02-25,901.12
2016-02-26,912.86
2016-02-29,912.64
2016-03-02,924.63
2016-03-03,917.94
2016-03-04,908.61
2016-03-07,906.47
2016-03-08,903.19
2016-03-09,897.79
2016-03-10,917.23
2016-03-11,906.01
2016-03-14,906.42
2016-03-15,894.66
2016-03-16,890.72
2016-03-17,908.79
2016-03-18,904.3
2016-03-21,890.77
2016-03-22,890.36
2016-03-23,888.85
2016-03-24,877.21
2016-03-25,881.83
2016-03-28,881.04
2016-03-29,887.54
2016-03-30,890.1
2016-03-31,889.63
2016-04-01,881.33
2016-04-04,881.19
2016-04-05,878.03
2016-04-06,879.0
2016-04-07,883.11
2016-04-08,878.35
2016-04-11,890.92
2016-04-12,890.54
2016-04-14,893.53
2016-04-15,897.66
2016-04-18,886.38
2016-04-19,899.79
2016-04-20,898.92
2016-04-21,894.92
2016-04-22,891.94
2016-04-25,900.84
2016-04-26,906.56
2016-04-27,912.32
2016-04-28,910.24
2016-04-29,911.33
2016-05-02,906.71
2016-05-03,910.75
2016-05-04,894.86
2016-05-09,892.35
2016-05-10,898.83
2016-05-11,909.09
2016-05-12,908.39
2016-05-13,906.9
2016-05-16,902.7
2016-05-17,913.96
2016-05-18,908.9
2016-05-19,907.55
2016-05-20,909.84
2016-05-23,905.65
2016-05-24,900.21
2016-05-25,905.5
2016-05-26,909.95
2016-05-27,909.97
2016-05-30,903.54
2016-05-31,912.23
2016-06-01,910.13
2016-06-02,911.5
2016-06-03,907.75
2016-06-07,925.4
2016-06-08,912.03
2016-06-09,910.99
2016-06-10,908.5
2016-06-13,910.52
2016-06-14,914.71
2016-06-15,911.32
2016-06-16,910.8
2016-06-17,903.45
2016-06-20,911.27
2016-06-21,908.89
2016-06-22,904.7
2016-06-23,902.4
2016-06-24,899.87
2016-06-27,897.22
2016-06-28,905.01
2016-06-29,902.94
2016-06-30,899.8
2016-07-01,889.8
2016-07-04,888.43
2016-07-05,893.22
2016-07-06,886.85
2016-07-07,899.68
2016-07-08,889.38
2016-07-11,888.99
2016-07-12,875.15
2016-07-13,881.06
2016-07-14,883.14
2016-07-15,885.08
2016-07-18,875.14
2016-07-19,877.49
2016-07-20,874.21
2016-07-21,872.57
2016-07-22,871.65
2016-07-25,864.04
2016-07-26,860.34
2016-07-27,864.19
2016-07-28,861.25
2016-07-29,855.66
2016-08-01,859.94
2016-08-02,846.31
2016-08-03,846.1
2016-08-04,852.46
2016-08-05,855.19
2016-08-08,843.11
2016-08-09,845.32
2016-08-10,844.03
2016-08-11,839.73
2016-08-12,845.96
2016-08-16,852.08
2016-08-17,851.54
2016-08-18,857.89
2016-08-19,865.8
2016-08-22,866.01
2016-08-23,869.49
2016-08-24,865.2
2016-08-25,867.61
2016-08-26,866.43
2016-08-29,856.06
2016-08-30,864.64
2016-08-31,854.4
2016-09-01,852.49
2016-09-02,854.53
2016-09-05,860.35
2016-09-06,856.94
2016-09-07,859.79
2016-09-08,848.76
2016-09-09,845.8
2016-09-12,842.24
2016-09-13,851.75
2016-09-19,842.01
2016-09-20,848.39
2016-09-21,849.01
2016-09-22,853.43
2016-09-23,845.74
2016-09-26,838.93
2016-09-27,837.01
2016-09-28,835.89
2016-09-29,839.33
2016-09-30,833.97
2016-10-04,840.42
2016-10-05,837.74
2016-10-06,844.65
2016-10-07,839.98
2016-10-10,841.88
2016-10-11,843.68
2016-10-12,844.19
2016-10-13,846.43
2016-10-14,856.73
2016-10-17,861.88
2016-10-18,868.57
2016-10-19,863.76
2016-10-20,855.69
2016-10-21,849.78
2016-10-24,850.1
2016-10-25,849.91
2016-10-26,851.22
2016-10-27,846.46
2016-10-28,851.15
2016-10-31,853.86
2016-11-01,853.32
2016-11-02,852.79
2016-11-03,858.07
2016-11-04,851.45
2016-11-07,856.22
2016-11-08,853.66
2016-11-09,855.84
2016-11-10,853.86
2016-11-11,854.55
2016-11-14,861.18
2016-11-15,863.48
2016-11-16,868.83
2016-11-17,868.97
2016-11-18,868.83
2016-11-21,875.58
2016-11-22,882.07
2016-11-23,874.86
2016-11-24,870.68
2016-11-25,876.57
2016-11-28,871.68
2016-11-29,872.9
2016-11-30,870.07
2016-12-01,869.89
2016-12-02,880.66
2016-12-05,877.17
2016-12-06,884.75
2016-12-07,880.78
2016-12-08,884.27
2016-12-09,878.34
2016-12-12,887.86
2016-12-13,891.38
2016-12-14,887.46
2016-12-15,879.02
2016-12-16,884.83
2016-12-19,887.57
2016-12-20,885.11
2016-12-21,891.28
2016-12-22,888.48
2016-12-23,888.33
2016-12-26,889.13
2016-12-27,887.13
2016-12-28,887.78
2016-12-29,890.63
2016-12-30,894.72
2017-01-02,899.52
2017-01-03,898.09
2017-01-04,898.77
2017-01-05,906.92
2017-01-06,900.85
2017-01-09,897.6
2017-01-10,911.88
2017-01-11,905.7
2017-01-12,907.88
2017-01-13,899.47
2017-01-16,896.85
2017-01-17,896.08
2017-01-18,905.32
2017-01-19,878.97
2017-01-20,883.64
2017-01-23,880.19
2017-01-24,882.13
2017-01-25,884.73
2017-01-26,892.07
2017-01-31,883.24
2017-02-01,894.06
2017-02-02,885.62
2017-02-03,882.1
2017-02-06,880.43
2017-02-07,869.67
2017-02-08,865.69
2017-02-09,871.49
2017-02-10,871.59
2017-02-13,879.0
2017-02-14,881.47
2017-02-15,875.54
2017-02-16,873.32
2017-02-17,871.12
2017-02-20,874.81
2017-02-21,875.9
2017-02-22,872.29
2017-02-23,866.81
2017-02-24,869.41
2017-02-27,863.0
2017-02-28,858.5
2017-03-02,848.8
2017-03-03,852.65
2017-03-06,861.64
2017-03-07,862.34
2017-03-08,858.05
2017-03-09,849.84
2017-03-10,855.45
2017-03-13,860.48
2017-03-14,853.09
2017-03-15,850.99
2017-03-16,861.88
2017-03-17,849.37
2017-03-20,848.41
2017-03-21,843.08
2017-03-22,836.8
2017-03-23,842.81
2017-03-24,838.67
2017-03-27,842.17
2017-03-28,832.77
2017-03-29,831.15
2017-03-30,835.49
2017-03-31,836.84
2017-04-03,840.41
2017-04-04,832.09
2017-04-05,835.03
2017-04-06,836.84
2017-04-07,842.87
2017-04-10,846.31
2017-04-11,856.93
2017-04-12,859.73
2017-04-13,864.3
2017-04-14,848.88
2017-04-17,855.02
2017-04-18,852.72
2017-04-19,850.26
2017-04-20,845.24
2017-04-21,847.18
2017-04-24,842.89
2017-04-25,836.93
2017-04-26,832.78
2017-04-27,826.49
2017-04-28,828.7
2017-05-02,828.69
2017-05-04,823.59
2017-05-08,828.13
2017-05-10,826.15
2017-05-11,828.53
2017-05-12,824.87
2017-05-15,821.64
2017-05-16,825.35
2017-05-17,821.17
2017-05-18,822.63
2017-05-19,826.78
2017-05-22,834.6
2017-05-23,827.88
2017-05-24,829.06
2017-05-25,840.06
2017-05-26,828.82
2017-05-29,832.19
2017-05-30,831.49
2017-05-31,834.43
2017-06-01,831.09
2017-06-02,829.31
2017-06-05,830.54
2017-06-07,831.68
2017-06-08,830.68
2017-06-09,832.22
2017-06-12,833.75
2017-06-13,845.44
2017-06-14,852.97
2017-06-15,850.02
2017-06-16,847.01
2017-06-19,857.65
2017-06-20,855.47
2017-06-21,856.85
2017-06-22,856.77
2017-06-23,862.15
2017-06-26,859.51
2017-06-27,856.43
2017-06-28,862.77
2017-06-29,875.84
2017-06-30,877.19
2017-07-03,882.14
2017-07-04,880.53
2017-07-05,888.35
2017-07-06,887.05
2017-07-07,888.74
2017-07-10,897.26
2017-07-11,891.88
2017-07-12,890.55
2017-07-13,897.74
2017-07-14,893.38
2017-07-17,898.49
2017-07-18,888.66
2017-07-19,891.55
2017-07-20,890.32
2017-07-21,893.1
2017-07-24,894.17
2017-07-25,892.2
2017-07-26,892.13
2017-07-27,899.66
2017-07-28,886.42
2017-07-31,900.07
2017-08-01,897.34
2017-08-02,891.26
2017-08-03,893.63
2017-08-04,896.95
2017-08-07,890.45
2017-08-08,889.07
2017-08-09,888.63
2017-08-10,893.53
2017-08-11,895.4
2017-08-14,904.2
2017-08-16,892.46
2017-08-17,902.47
2017-08-18,895.86
2017-08-21,906.82
2017-08-22,906.11
2017-08-23,903.6
2017-08-24,901.33
2017-08-25,900.11
2017-08-28,905.35
2017-08-29,894.78
2017-08-30,900.06
2017-08-31,889.45
2017-09-01,902.37
2017-09-04,906.87
2017-09-05,911.51
2017-09-06,914.81
2017-09-07,926.38
2017-09-08,932.78
2017-09-11,927.9
2017-09-12,933.36
2017-09-13,927.59
2017-09-14,927.14
2017-09-15,931.03
2017-09-18,929.97
2017-09-19,918.78
2017-09-20,919.52
2017-09-21,915.62
2017-09-22,919.11
2017-09-25,920.27
2017-09-26,914.25
2017-09-27,919.6
2017-09-28,913.24
2017-09-29,922.08
2017-10-10,912.73
2017-10-11,909.43
2017-10-12,911.51
2017-10-13,908.92
2017-10-16,905.69
2017-10-17,900.33
2017-10-18,904.87
2017-10-19,906.93
2017-10-20,906.96
2017-10-23,896.13
2017-10-24,895.24
2017-10-25,890.42
2017-10-26,881.48
2017-10-27,874.95
2017-10-30,880.92
2017-10-31,876.75
2017-11-01,869.45
2017-11-02,867.52
2017-11-03,869.15
2017-11-06,871.78
2017-11-07,878.32
2017-11-08,870.55
2017-11-09,875.51
2017-11-10,878.75
2017-11-13,880.24
2017-11-14,879.84
2017-11-15,878.22
2017-11-16,873.01
2017-11-17,865.86
2017-11-20,857.4
2017-11-21,857.74
2017-11-22,858.71
2017-11-23,859.29
2017-11-24,855.84
2017-11-27,853.52
2017-11-28,852.28
2017-11-29,849.4
2017-11-30,841.48
2017-12-01,841.36
2017-12-04,855.58
2017-12-05,858.21
2017-12-06,854.08
2017-12-07,853.61
2017-12-08,850.09
2017-12-11,850.4
2017-12-12,849.49
2017-12-13,846.78
2017-12-14,851.68
2017-12-15,848.92
2017-12-18,846.29
2017-12-19,846.92
2017-12-20,844.31
2017-12-21,843.97
2017-12-22,848.16
2017-12-26,847.99
2017-12-27,848.91
2017-12-28,849.39
2017-12-29,852.69
2018-01-02,853.26
2018-01-03,850.62
2018-01-04,849.64
2018-01-05,853.01
2018-01-08,856.19
2018-01-09,857.51
2018-01-10,855.97
2018-01-11,853.42
2018-01-12,855.49
2018-01-15,854.91
2018-01-16,854.3
2018-01-17,855.68
2018-01-18,855.93
2018-01-19,861.83
2018-01-22,854.63
2018-01-23,858.83
2018-01-24,860.89
2018-01-25,867.13
2018-01-26,856.94
2018-01-29,864.08
2018-01-30,862.99
2018-01-31,868.46
2018-02-01,870.1
2018-02-02,873.26
2018-02-05,864.82
2018-02-06,869.51
2018-02-07,875.55
2018-02-08,861.92
2018-02-09,863.64
2018-02-12,867.81
2018-02-13,861.07
2018-02-14,859.88
2018-02-19,860.31
2018-02-20,850.25
2018-02-21,846.15
2018-02-22,846.79
2018-02-23,852.61
2018-02-26,853.21
2018-02-27,846.53
2018-02-28,838.59
2018-03-02,843.13
2018-03-05,839.1
2018-03-06,832.85
2018-03-07,832.74
2018-03-08,828.06
2018-03-09,828.67
2018-03-12,834.63
2018-03-13,828.6
2018-03-14,822.6
2018-03-15,822.73
2018-03-16,816.24
2018-03-19,816.83
2018-03-20,819.09
2018-03-21,819.09
2018-03-22,830.57
2018-03-23,826.82
2018-03-26,839.26
2018-03-27,841.43
2018-03-28,832.52
2018-03-29,827.71
2018-03-30,827.64
2018-04-02,825.85
2018-04-03,819.28
2018-04-04,826.21
2018-04-05,828.94
2018-04-06,829.19
2018-04-09,834.47
2018-04-10,840.22
2018-04-11,847.58
2018-04-12,848.23
2018-04-13,848.88
2018-04-16,848.77
2018-04-17,853.8
2018-04-18,851.11
2018-04-19,844.69
2018-04-20,839.88
2018-04-23,836.34
2018-04-24,832.18
2018-04-25,839.59
2018-04-26,840.37
2018-04-27,838.67
2018-04-30,837.84
2018-05-02,830.97
2018-05-03,834.65
2018-05-04,837.55
2018-05-08,835.75
2018-05-09,832.39
2018-05-10,841.74
2018-05-11,842.22
2018-05-14,835.73
2018-05-15,833.35
2018-05-16,833.18
2018-05-17,844.02
2018-05-18,841.23
2018-05-21,838.67
2018-05-23,845.79
2018-05-24,840.42
2018-05-25,838.11
2018-05-28,831.4
2018-05-29,825.86
2018-05-30,826.53
2018-05-31,838.8
2018-06-01,831.45
2018-06-04,830.28
2018-06-05,828.36
2018-06-07,826.33
2018-06-08,823.11
2018-06-11,827.48
2018-06-12,826.82
2018-06-14,828.79
2018-06-15,826.21
2018-06-18,826.88
2018-06-19,836.67
2018-06-20,832.3
2018-06-21,832.64
2018-06-22,832.83
2018-06-25,835.55
2018-06-26,839.65
2018-06-27,838.37
2018-06-28,838.38
2018-06-29,846.12
2018-07-02,850.03
2018-07-03,847.54
2018-07-04,852.97
2018-07-05,848.78
2018-07-06,851.56
2018-07-09,853.51
2018-07-10,848.21
2018-07-11,847.8
2018-07-12,848.64
2018-07-13,856.37
2018-07-16,853.78
2018-07-17,859.24
2018-07-18,852.49
2018-07-19,857.31
2018-07-20,852.87
2018-07-23,865.07
2018-07-24,856.74
2018-07-25,862.97
2018-07-26,864.78
2018-07-27,856.36
2018-07-30,857.42
2018-07-31,857.12
2018-08-01,858.77
2018-08-02,861.17
2018-08-03,862.28
2018-08-06,866.97
2018-08-07,864.13
2018-08-08,861.94
2018-08-09,859.46
2018-08-10,856.6
2018-08-13,857.09
2018-08-14,863.64
2018-08-16,861.4
2018-08-17,859.29
2018-08-20,861.84
2018-08-21,860.3
2018-08-22,857.52
2018-08-23,861.0
2018-08-24,856.13
2018-08-27,861.83
2018-08-28,859.67
2018-08-29,858.54
2018-08-30,858.74
2018-08-31,854.01
2018-09-03,852.35
2018-09-04,850.65
2018-09-05,845.56
2018-09-06,848.34
2018-09-07,852.46
2018-09-10,852.48
2018-09-11,857.35
2018-09-12,863.51
2018-09-13,867.12
2018-09-14,862.53
2018-09-17,858.18
2018-09-18,862.69
2018-09-19,868.32
2018-09-20,869.06
2018-09-21,868.07
2018-09-27,856.49
2018-09-28,853.49
2018-10-01,864.74
2018-10-02,867.28
2018-10-04,867.44
2018-10-05,873.2
2018-10-08,873.46
2018-10-10,874.41
2018-10-11,867.95
2018-10-12,877.23
2018-10-15,870.36
2018-10-16,872.72
2018-10-17,872.03
2018-10-18,863.72
2018-10-19,865.9
2018-10-22,865.25
2018-10-23,863.25
2018-10-24,868.15
2018-10-25,868.02
2018-10-26,871.05
2018-10-29,871.39
2018-10-30,867.08
2018-10-31,869.56
2018-11-01,865.82
2018-11-02,870.38
2018-11-05,859.16
2018-11-06,856.37
2018-11-07,855.27
2018-11-08,854.57
2018-11-09,850.95
2018-11-12,852.45
2018-11-13,854.82
2018-11-14,858.69
2018-11-15,855.29
2018-11-16,857.62
2018-11-19,858.33
2018-11-20,855.94
2018-11-21,847.27
2018-11-22,854.84
2018-11-23,856.15
2018-11-26,854.95
2018-11-27,852.63
2018-11-28,849.65
2018-11-29,850.56
2018-11-30,844.63
2018-12-03,844.71
2018-12-04,843.84
2018-12-05,836.8
2018-12-06,833.47
2018-12-07,834.77
2018-12-10,838.99
2018-12-11,839.77
2018-12-12,843.97
2018-12-13,844.52
2018-12-14,842.01
2018-12-17,843.76
2018-12-18,843.69
2018-12-19,839.48
2018-12-20,834.67
2018-12-21,836.28
2018-12-24,826.52
2018-12-26,827.41
2018-12-27,829.42
2018-12-28,823.3
2018-12-31,820.35
2019-01-02,820.53
2019-01-03,821.13
2019-01-04,836.67
2019-01-07,841.24
2019-01-08,841.23
2019-01-09,845.26
2019-01-10,849.18
2019-01-11,845.35
2019-01-14,842.58
2019-01-15,844.52
2019-01-16,844.15
2019-01-17,846.25
2019-01-18,844.43
2019-01-21,845.12
2019-01-22,847.09
2019-01-23,846.34
2019-01-24,845.51
2019-01-25,844.44
2019-01-28,851.51
2019-01-29,842.15
2019-01-30,842.51
2019-01-31,849.84
2019-02-01,847.06
2019-02-07,844.88
2019-02-08,844.09
2019-02-11,846.92
2019-02-12,845.49
2019-02-13,850.04
2019-02-14,845.86
2019-02-15,846.15
2019-02-18,850.93
2019-02-19,849.86
2019-02-20,853.2
2019-02-21,852.0
2019-02-22,849.69
2019-02-25,857.15
2019-02-26,849.83
2019-02-27,849.42
2019-02-28,850.13
2019-03-04,843.46
2019-03-05,845.29
2019-03-06,842.82
2019-03-07,839.04
2019-03-08,838.85
2019-03-11,845.2
2019-03-12,847.05
2019-03-13,845.34
2019-03-14,851.33
2019-03-15,849.74
2019-03-18,851.43
2019-03-19,849.79
2019-03-20,848.67
2019-03-21,850.4
2019-03-22,842.35
2019-03-25,841.5
2019-03-26,846.75
2019-03-27,846.18
2019-03-28,846.13
2019-03-29,846.92
2019-04-01,851.04
2019-04-02,850.85
2019-04-03,851.3
2019-04-04,850.65
2019-04-05,849.45
2019-04-08,849.74
2019-04-09,857.45
2019-04-10,857.41
2019-04-11,856.92
2019-04-12,851.87
2019-04-15,855.3
2019-04-16,847.87
2019-04-17,849.82
2019-04-18,851.07
2019-04-19,849.21
2019-04-22,849.76
2019-04-23,855.11
2019-04-24,849.79
2019-04-25,849.87
2019-04-26,859.6
2019-04-29,861.56
2019-04-30,860.96
2019-05-02,865.99
2019-05-03,864.13
2019-05-07,869.47
2019-05-08,868.61
2019-05-09,868.59
2019-05-10,872.81
2019-05-13,877.18
2019-05-14,877.44
2019-05-15,881.84
2019-05-16,884.94
2019-05-17,883.85
2019-05-20,886.4
2019-05-21,888.4
2019-05-22,890.29
2019-05-23,889.37
2019-05-24,884.27
2019-05-27,885.35
2019-05-28,880.96
2019-05-29,880.19
2019-05-30,882.89
2019-05-31,881.84
2019-06-03,880.77
2019-06-04,880.04
2019-06-05,882.31
2019-06-07,883.22
2019-06-10,888.95
2019-06-11,892.51
2019-06-12,889.7
2019-06-13,885.96
2019-06-14,889.05
2019-06-17,883.02
2019-06-18,884.64
2019-06-19,885.88
2019-06-20,886.83
2019-06-21,885.16
2019-06-24,879.44
2019-06-25,878.36
2019-06-26,876.33
2019-06-27,882.47
2019-06-28,883.09
2019-07-01,883.69
2019-07-02,879.8
2019-07-03,888.92
2019-07-04,896.41
2019-07-05,896.01
2019-07-08,895.21
2019-07-09,899.62
2019-07-10,898.8
2019-07-11,903.66
2019-07-12,898.5
2019-07-15,903.53
2019-07-16,904.05
2019-07-17,900.58
2019-07-18,904.45
2019-07-19,904.87
2019-07-22,898.68
2019-07-23,897.25
2019-07-24,896.84
2019-07-25,896.58
2019-07-26,896.37
2019-07-29,899.37
2019-07-30,899.24
2019-07-31,898.89
2019-08-01,895.99
2019-08-02,899.7
2019-08-05,905.12
2019-08-06,917.4
2019-08-07,914.07
2019-08-08,912.88
2019-08-09,915.5
2019-08-12,915.43
2019-08-13,918.37
2019-08-14,922.01
2019-08-16,910.06
2019-08-19,914.42
2019-08-20,908.39
2019-08-21,908.52
2019-08-22,906.42
2019-08-23,906.16
2019-08-26,910.47
2019-08-27,919.26
2019-08-28,913.17
2019-08-29,911.79
2019-08-30,914.41
2019-09-02,908.24
2019-09-03,909.22
2019-09-04,910.88
2019-09-05,914.74
2019-09-06,906.8
2019-09-09,908.77
2019-09-10,905.67
2019-09-11,906.56
2019-09-16,901.41
2019-09-17,894.33
2019-09-18,897.0
2019-09-19,895.45
2019-09-20,901.55
2019-09-23,897.45
2019-09-24,900.05
2019-09-25,901.95
2019-09-26,903.59
2019-09-27,903.58
2019-09-30,907.57
2019-10-01,905.53
2019-10-02,906.32
2019-10-04,902.63
2019-10-07,899.39
2019-10-08,899.12
2019-10-10,895.38
2019-10-11,899.9
2019-10-14,901.16
2019-10-15,894.68
2019-10-16,896.94
2019-10-17,899.14
2019-10-18,903.18
2019-10-21,899.02
2019-10-22,897.97
2019-10-23,894.54
2019-10-24,897.84
2019-10-25,895.77
2019-10-28,899.08
2019-10-29,895.8
2019-10-30,891.31
2019-10-31,887.88
2019-11-01,882.58
2019-11-04,888.38
2019-11-05,882.13
2019-11-06,882.04
2019-11-07,877.86
2019-11-08,881.08
2019-11-11,874.01
2019-11-12,877.61
2019-11-13,879.27
2019-11-14,881.04
2019-11-15,883.62
2019-11-18,882.12
2019-11-19,881.86
2019-11-20,880.83
2019-11-21,879.25
2019-11-22,885.99
2019-11-25,885.6
2019-11-26,884.19
2019-11-27,884.67
2019-11-28,885.08
2019-11-29,888.16
2019-12-02,888.58
2019-12-03,887.02
2019-12-04,892.42
2019-12-05,904.66
2019-12-06,903.07
2019-12-09,897.55
2019-12-10,898.16
2019-12-11,900.78
2019-12-12,905.76
2019-12-13,903.4
2019-12-16,889.03
2019-12-17,890.99
2019-12-18,886.52
2019-12-19,888.52
2019-12-20,887.14
2019-12-23,884.48
2019-12-24,884.48
2019-12-26,884.4
2019-12-27,885.8
2019-12-30,887.98
2019-12-31,886.56
2020-01-02,892.19
2020-01-03,890.88
2020-01-06,895.38
2020-01-07,902.47
2020-01-08,895.94
2020-01-09,900.63
2020-01-10,888.34
2020-01-13,888.85
2020-01-14,885.39
2020-01-15,882.76
2020-01-16,888.45
