,AUD
2010-01-04,1050.37
2010-01-05,1054.51
2010-01-06,1043.72
2010-01-07,1046.4
2010-01-08,1039.54
2010-01-11,1051.73
2010-01-12,1040.8
2010-01-13,1035.44
2010-01-14,1040.57
2010-01-15,1044.96
2010-01-18,1034.58
2010-01-19,1043.96
2010-01-20,1036.38
2010-01-21,1031.41
2010-01-22,1025.73
2010-01-25,1038.37
2010-01-26,1039.02
2010-01-27,1035.1
2010-01-28,1039.98
2010-01-29,1032.35
2010-02-01,1022.66
2010-02-02,1041.91
2010-02-03,1028.02
2010-02-04,1014.63
2010-02-05,1000.72
2010-02-08,1016.37
2010-02-09,1012.36
2010-02-10,1024.68
2010-02-11,1013.74
2010-02-12,1030.22
2010-02-16,1026.48
2010-02-17,1039.11
2010-02-18,1026.72
2010-02-19,1022.37
2010-02-22,1041.27
2010-02-23,1034.43
2010-02-24,1024.4
2010-02-25,1032.69
2010-02-26,1028.72
2010-03-02,1045.46
2010-03-03,1041.98
2010-03-04,1038.3
2010-03-05,1028.39
2010-03-08,1039.3
2010-03-09,1029.57
2010-03-10,1038.75
2010-03-11,1037.1
2010-03-12,1035.77
2010-03-15,1037.61
2010-03-16,1035.36
2010-03-17,1041.98
2010-03-18,1042.87
2010-03-19,1041.25
2010-03-22,1035.13
2010-03-23,1043.82
2010-03-24,1041.68
2010-03-25,1034.16
2010-03-26,1034.84
2010-03-29,1031.81
2010-03-30,1043.75
2010-03-31,1039.37
2010-04-01,1037.14
2010-04-02,1038.66
2010-04-05,1034.58
2010-04-06,1036.05
2010-04-07,1042.29
2010-04-08,1039.8
2010-04-09,1042.72
2010-04-12,1049.15
2010-04-13,1031.19
2010-04-14,1039.4
2010-04-15,1044.41
2010-04-16,1035.03
2010-04-19,1025.98
2010-04-20,1033.78
2010-04-21,1038.64
2010-04-22,1029.56
2010-04-23,1027.05
2010-04-26,1028.64
2010-04-27,1024.79
2010-04-28,1014.99
2010-04-29,1034.14
2010-04-30,1037.81
2010-05-03,1024.59
2010-05-04,1033.9
2010-05-06,1010.27
2010-05-07,1006.11
2010-05-10,1036.69
2010-05-11,1022.18
2010-05-12,1011.27
2010-05-13,1017.75
2010-05-14,1013.04
2010-05-17,1002.28
2010-05-18,1008.06
2010-05-19,991.64
2010-05-20,988.06
2010-05-24,976.94
2010-05-25,998.32
2010-05-26,1037.9
2010-05-27,1033.45
2010-05-28,1046.17
2010-05-31,1013.75
2010-06-01,1016.73
2010-06-03,1016.99
2010-06-04,1015.86
2010-06-07,982.98
2010-06-08,1001.42
2010-06-09,1019.18
2010-06-10,1029.97
2010-06-11,1070.32
2010-06-14,1060.41
2010-06-15,1051.23
2010-06-16,1056.47
2010-06-17,1045.46
2010-06-18,1053.88
2010-06-21,1062.88
2010-06-22,1032.32
2010-06-23,1032.41
2010-06-24,1040.15
2010-06-25,1028.1
2010-06-28,1050.74
2010-06-29,1043.51
2010-06-30,1029.84
2010-07-01,1034.27
2010-07-02,1042.27
2010-07-05,1026.42
2010-07-06,1025.19
2010-07-07,1044.13
2010-07-08,1055.09
2010-07-09,1061.98
2010-07-12,1049.79
2010-07-13,1048.53
2010-07-14,1064.63
2010-07-15,1057.21
2010-07-16,1063.81
2010-07-19,1039.37
2010-07-20,1054.37
2010-07-21,1069.6
2010-07-22,1054.9
2010-07-23,1078.61
2010-07-26,1071.02
2010-07-27,1076.93
2010-07-28,1066.9
2010-07-29,1059.13
2010-07-30,1069.61
2010-08-02,1072.84
2010-08-03,1072.31
2010-08-04,1066.56
2010-08-05,1071.09
2010-08-06,1068.96
2010-08-09,1070.29
2010-08-10,1061.97
2010-08-11,1065.42
2010-08-12,1052.92
2010-08-13,1070.72
2010-08-16,1061.38
2010-08-17,1069.17
2010-08-18,1066.66
2010-08-19,1054.46
2010-08-20,1045.7
2010-08-23,1048.05
2010-08-24,1051.74
2010-08-25,1050.18
2010-08-26,1057.99
2010-08-27,1056.86
2010-08-30,1078.61
2010-08-31,1061.03
2010-09-01,1068.38
2010-09-02,1083.03
2010-09-03,1074.3
2010-09-06,1077.8
2010-09-07,1072.99
2010-09-08,1071.76
2010-09-09,1079.81
2010-09-10,1079.84
2010-09-13,1083.53
2010-09-14,1084.22
2010-09-15,1090.67
2010-09-16,1089.7
2010-09-17,1088.93
2010-09-20,1090.52
2010-09-24,1103.12
2010-09-27,1110.9
2010-09-28,1101.87
2010-09-29,1110.77
2010-09-30,1106.08
2010-10-01,1100.04
2010-10-04,1102.35
2010-10-05,1087.29
2010-10-06,1099.1
2010-10-07,1094.06
2010-10-08,1096.78
2010-10-11,1109.17
2010-10-12,1096.38
2010-10-13,1111.67
2010-10-14,1110.6
2010-10-15,1104.4
2010-10-18,1102.94
2010-10-19,1105.86
2010-10-20,1088.71
2010-10-21,1115.57
2010-10-22,1102.38
2010-10-25,1110.47
2010-10-26,1104.85
2010-10-27,1102.28
2010-10-28,1095.32
2010-10-29,1102.55
2010-11-01,1107.28
2010-11-02,1104.21
2010-11-03,1114.18
2010-11-04,1115.68
2010-11-05,1123.88
2010-11-08,1122.3
2010-11-09,1126.68
2010-11-10,1118.65
2010-11-11,1117.14
2010-11-12,1104.34
2010-11-15,1105.73
2010-11-16,1111.08
2010-11-17,1101.87
2010-11-18,1116.47
2010-11-19,1127.34
2010-11-22,1118.97
2010-11-23,1112.93
2010-11-24,1103.97
2010-11-25,1129.83
2010-11-26,1119.05
2010-11-29,1110.99
2010-11-30,1113.79
2010-12-01,1107.17
2010-12-02,1115.94
2010-12-03,1122.06
2010-12-06,1135.21
2010-12-07,1121.81
2010-12-08,1115.54
2010-12-09,1116.8
2010-12-10,1120.24
2010-12-13,1122.88
2010-12-14,1137.73
2010-12-15,1139.29
2010-12-16,1136.06
2010-12-17,1145.22
2010-12-20,1136.53
2010-12-21,1156.92
2010-12-22,1150.01
2010-12-23,1154.86
2010-12-24,1154.67
2010-12-27,1153.67
2010-12-28,1155.66
2010-12-29,1158.98
2010-12-30,1166.56
2010-12-31,1157.92
2011-01-03,1163.44
2011-01-04,1145.15
2011-01-05,1128.81
2011-01-06,1124.38
2011-01-07,1117.48
2011-01-10,1116.21
2011-01-11,1112.87
2011-01-12,1106.32
2011-01-13,1114.9
2011-01-14,1111.25
2011-01-17,1104.28
2011-01-18,1107.4
2011-01-19,1115.01
2011-01-20,1110.44
2011-01-21,1103.55
2011-01-24,1109.55
2011-01-25,1118.28
2011-01-26,1113.41
2011-01-27,1115.85
2011-01-28,1103.27
2011-01-31,1102.43
2011-02-01,1119.16
2011-02-07,1131.89
2011-02-08,1121.78
2011-02-09,1119.75
2011-02-10,1117.01
2011-02-11,1113.4
2011-02-14,1121.54
2011-02-15,1126.93
2011-02-16,1119.02
2011-02-17,1123.61
2011-02-18,1128.81
2011-02-21,1129.03
2011-02-22,1125.78
2011-02-23,1126.29
2011-02-24,1129.01
2011-02-25,1138.23
2011-02-28,1143.63
2011-03-02,1143.98
2011-03-03,1146.74
2011-03-04,1137.08
2011-03-07,1133.17
2011-03-08,1130.81
2011-03-09,1128.63
2011-03-10,1126.69
2011-03-11,1119.74
2011-03-14,1136.25
2011-03-15,1140.99
2011-03-16,1120.38
2011-03-17,1109.41
2011-03-18,1113.08
2011-03-21,1123.17
2011-03-22,1132.71
2011-03-23,1131.96
2011-03-24,1138.42
2011-03-25,1145.82
2011-03-28,1141.75
2011-03-29,1140.94
2011-03-30,1147.09
2011-03-31,1142.08
2011-04-01,1137.01
2011-04-04,1137.78
2011-04-05,1126.68
2011-04-06,1124.73
2011-04-07,1132.66
2011-04-08,1137.78
2011-04-11,1147.1
2011-04-12,1137.64
2011-04-13,1141.43
2011-04-14,1146.41
2011-04-15,1148.17
2011-04-18,1148.93
2011-04-19,1142.98
2011-04-20,1151.65
2011-04-21,1157.55
2011-04-22,1160.57
2011-04-25,1163.75
2011-04-26,1159.85
2011-04-27,1171.74
2011-04-28,1172.83
2011-04-29,1172.67
2011-05-02,1173.65
2011-05-03,1167.99
2011-05-04,1161.11
2011-05-06,1139.29
2011-05-09,1162.79
2011-05-11,1172.23
2011-05-12,1150.73
2011-05-13,1154.7
2011-05-16,1149.66
2011-05-17,1155.25
2011-05-18,1160.1
2011-05-19,1155.11
2011-05-20,1157.21
2011-05-23,1151.4
2011-05-24,1146.5
2011-05-25,1155.56
2011-05-26,1155.01
2011-05-27,1158.71
2011-05-30,1158.5
2011-05-31,1157.48
2011-06-01,1150.24
2011-06-02,1144.7
2011-06-03,1153.27
2011-06-07,1155.94
2011-06-08,1157.86
2011-06-09,1150.66
2011-06-10,1150.74
2011-06-13,1139.42
2011-06-14,1151.22
2011-06-15,1157.67
2011-06-16,1144.91
2011-06-17,1149.77
2011-06-20,1153.3
2011-06-21,1147.54
2011-06-22,1144.82
2011-06-23,1134.82
2011-06-24,1135.16
2011-06-27,1128.13
2011-06-28,1136.85
2011-06-29,1139.89
2011-06-30,1152.65
2011-07-01,1146.24
2011-07-04,1149.21
2011-07-05,1142.36
2011-07-06,1139.29
2011-07-07,1138.75
2011-07-08,1146.3
2011-07-11,1134.66
2011-07-12,1127.04
2011-07-13,1130.12
2011-07-14,1144.96
2011-07-15,1133.31
2011-07-18,1126.45
2011-07-19,1126.84
2011-07-20,1137.8
2011-07-21,1136.4
2011-07-22,1143.26
2011-07-25,1139.45
2011-07-26,1144.03
2011-07-27,1153.82
2011-07-28,1158.84
2011-07-29,1157.81
2011-08-01,1160.15
2011-08-02,1151.56
2011-08-03,1129.57
2011-08-04,1139.32
2011-08-05,1104.28
2011-08-08,1113.89
2011-08-09,1089.33
2011-08-10,1131.68
2011-08-11,1096.34
2011-08-12,1122.13
2011-08-16,1131.07
2011-08-17,1120.72
2011-08-18,1131.91
2011-08-19,1111.55
2011-08-22,1124.48
2011-08-23,1125.82
2011-08-24,1136.29
2011-08-25,1129.01
2011-08-26,1133.7
2011-08-29,1146.97
2011-08-30,1148.95
2011-08-31,1144.31
2011-09-01,1144.04
2011-09-02,1140.07
2011-09-05,1127.31
2011-09-06,1123.74
2011-09-07,1125.6
2011-09-08,1140.99
2011-09-09,1137.92
2011-09-14,1110.27
2011-09-15,1130.83
2011-09-16,1144.28
2011-09-19,1140.94
2011-09-20,1140.2
2011-09-21,1177.58
2011-09-22,1153.74
2011-09-23,1151.07
2011-09-26,1165.6
2011-09-28,1168.32
2011-09-29,1142.97
2011-09-30,1150.43
2011-10-04,1121.55
2011-10-05,1146.66
2011-10-06,1150.25
2011-10-07,1155.45
2011-10-10,1150.93
2011-10-11,1170.95
2011-10-12,1159.37
2011-10-13,1190.98
2011-10-14,1175.89
2011-10-17,1199.0
2011-10-18,1165.52
2011-10-19,1176.06
2011-10-20,1164.61
2011-10-21,1166.56
2011-10-24,1187.15
2011-10-25,1190.49
2011-10-26,1176.63
2011-10-27,1174.88
2011-10-28,1203.44
2011-10-31,1178.78
2011-11-01,1164.44
2011-11-02,1146.37
2011-11-03,1160.49
2011-11-04,1176.25
2011-11-07,1158.66
2011-11-08,1156.92
2011-11-09,1158.22
2011-11-10,1130.15
2011-11-11,1151.2
2011-11-14,1164.44
2011-11-15,1142.28
2011-11-16,1145.35
2011-11-17,1142.73
2011-11-18,1137.94
2011-11-21,1133.33
2011-11-22,1120.45
2011-11-23,1127.91
2011-11-24,1113.0
2011-11-25,1124.99
2011-11-28,1140.76
2011-11-29,1144.91
2011-11-30,1154.04
2011-12-01,1171.0
2011-12-02,1152.62
2011-12-05,1156.63
2011-12-06,1159.74
2011-12-07,1158.97
2011-12-08,1159.2
2011-12-09,1150.13
2011-12-12,1165.77
2011-12-13,1152.27
2011-12-14,1156.79
2011-12-15,1147.32
2011-12-16,1153.91
2011-12-19,1153.44
2011-12-20,1157.92
2011-12-21,1175.09
2011-12-22,1161.14
2011-12-23,1171.06
2011-12-26,1167.33
2011-12-27,1169.09
2011-12-28,1173.46
2011-12-29,1167.3
2011-12-30,1169.27
2012-01-02,1179.48
2012-01-03,1184.04
2012-01-04,1193.31
2012-01-05,1187.79
2012-01-06,1178.77
2012-01-09,1181.68
2012-01-10,1192.77
2012-01-11,1191.46
2012-01-12,1194.7
2012-01-13,1197.33
2012-01-16,1183.28
2012-01-17,1190.24
2012-01-18,1190.01
2012-01-19,1191.05
2012-01-20,1184.02
2012-01-25,1189.79
2012-01-26,1193.26
2012-01-27,1192.04
2012-01-30,1196.17
2012-01-31,1191.49
2012-02-01,1196.33
2012-02-02,1206.26
2012-02-03,1197.35
2012-02-06,1203.88
2012-02-07,1200.36
2012-02-08,1211.84
2012-02-09,1203.19
2012-02-10,1205.09
2012-02-13,1202.26
2012-02-14,1203.79
2012-02-15,1201.47
2012-02-16,1200.65
2012-02-17,1212.55
2012-02-20,1213.12
2012-02-21,1205.05
2012-02-22,1197.83
2012-02-23,1197.26
2012-02-24,1210.84
2012-02-27,1203.94
2012-02-28,1213.65
2012-02-29,1213.63
2012-03-02,1210.72
2012-03-05,1195.52
2012-03-06,1193.33
2012-03-07,1182.36
2012-03-08,1192.07
2012-03-09,1192.08
2012-03-12,1179.77
2012-03-13,1181.07
2012-03-14,1182.9
2012-03-15,1173.42
2012-03-16,1187.81
2012-03-19,1192.26
2012-03-20,1191.0
2012-03-21,1177.35
2012-03-22,1178.25
2012-03-23,1174.66
2012-03-26,1188.39
2012-03-27,1197.79
2012-03-28,1187.79
2012-03-29,1181.78
2012-03-30,1180.52
2012-04-02,1183.88
2012-04-03,1175.82
2012-04-04,1159.07
2012-04-05,1159.04
2012-04-06,1163.1
2012-04-09,1163.32
2012-04-10,1172.3
2012-04-12,1173.46
2012-04-13,1191.99
2012-04-16,1174.81
2012-04-17,1178.66
2012-04-18,1184.85
2012-04-19,1176.89
2012-04-20,1179.56
2012-04-23,1182.1
2012-04-24,1175.69
2012-04-25,1178.57
2012-04-26,1180.19
2012-04-27,1179.22
2012-04-30,1185.86
2012-05-02,1169.17
2012-05-03,1162.4
2012-05-04,1160.17
2012-05-07,1146.27
2012-05-08,1162.7
2012-05-09,1146.6
2012-05-10,1146.04
2012-05-11,1148.96
2012-05-14,1146.57
2012-05-15,1145.31
2012-05-16,1146.77
2012-05-17,1152.66
2012-05-18,1150.4
2012-05-21,1150.17
2012-05-22,1156.49
2012-05-23,1139.98
2012-05-24,1144.46
2012-05-25,1149.42
2012-05-29,1161.4
2012-05-30,1158.98
2012-05-31,1143.11
2012-06-01,1148.99
2012-06-04,1140.7
2012-06-05,1150.01
2012-06-07,1150.01
2012-06-08,1159.64
2012-06-11,1171.24
2012-06-12,1150.6
2012-06-13,1166.17
2012-06-14,1161.03
2012-06-15,1168.84
2012-06-18,1177.56
2012-06-19,1172.07
2012-06-20,1178.87
2012-06-21,1174.49
2012-06-22,1155.68
2012-06-25,1162.47
2012-06-26,1161.55
2012-06-27,1166.74
2012-06-28,1166.82
2012-06-29,1157.03
2012-07-02,1179.83
2012-07-03,1171.61
2012-07-04,1174.08
2012-07-05,1166.18
2012-07-06,1168.04
2012-07-09,1161.74
2012-07-10,1166.16
2012-07-11,1164.13
2012-07-12,1171.96
2012-07-13,1162.24
2012-07-16,1178.98
2012-07-17,1175.37
2012-07-18,1178.55
2012-07-19,1181.19
2012-07-20,1186.93
2012-07-23,1180.34
2012-07-24,1177.06
2012-07-25,1172.9
2012-07-26,1186.58
2012-07-27,1192.57
2012-07-30,1194.79
2012-07-31,1193.18
2012-08-01,1188.78
2012-08-02,1179.98
2012-08-03,1181.95
2012-08-06,1199.7
2012-08-07,1189.98
2012-08-08,1188.91
2012-08-09,1192.01
2012-08-10,1190.96
2012-08-13,1190.77
2012-08-14,1189.85
2012-08-16,1185.2
2012-08-17,1191.62
2012-08-20,1180.96
2012-08-21,1186.65
2012-08-22,1185.39
2012-08-23,1191.2
2012-08-24,1178.97
2012-08-27,1180.64
2012-08-28,1176.71
2012-08-29,1179.11
2012-08-30,1173.01
2012-08-31,1168.01
2012-09-03,1167.69
2012-09-04,1159.13
2012-09-05,1155.79
2012-09-06,1156.91
2012-09-07,1166.09
2012-09-10,1172.27
2012-09-11,1166.97
2012-09-12,1177.97
2012-09-13,1178.23
2012-09-14,1189.21
2012-09-17,1180.73
2012-09-18,1167.74
2012-09-19,1166.99
2012-09-20,1170.22
2012-09-21,1166.84
2012-09-24,1168.65
2012-09-25,1167.11
2012-09-26,1160.44
2012-09-27,1162.0
2012-09-28,1168.1
2012-10-02,1152.8
2012-10-04,1138.51
2012-10-05,1140.41
2012-10-08,1128.98
2012-10-09,1133.36
2012-10-10,1133.03
2012-10-11,1139.04
2012-10-12,1143.45
2012-10-15,1136.66
2012-10-16,1139.79
2012-10-17,1139.7
2012-10-18,1146.27
2012-10-19,1146.4
2012-10-22,1139.56
2012-10-23,1141.68
2012-10-24,1131.24
2012-10-25,1141.78
2012-10-26,1139.84
2012-10-29,1135.21
2012-10-30,1131.85
2012-10-31,1135.18
2012-11-01,1131.28
2012-11-02,1136.06
2012-11-05,1128.68
2012-11-06,1132.47
2012-11-07,1138.38
2012-11-08,1131.51
2012-11-09,1131.95
2012-11-12,1132.37
2012-11-13,1134.55
2012-11-14,1137.78
2012-11-15,1127.04
2012-11-16,1123.0
2012-11-19,1127.7
2012-11-20,1131.3
2012-11-21,1124.86
2012-11-22,1123.98
2012-11-23,1125.84
2012-11-26,1136.65
2012-11-27,1135.51
2012-11-28,1132.4
2012-11-29,1137.01
2012-11-30,1130.91
2012-12-03,1129.56
2012-12-04,1129.28
2012-12-05,1134.53
2012-12-06,1131.59
2012-12-07,1133.97
2012-12-10,1135.59
2012-12-11,1131.59
2012-12-12,1134.83
2012-12-13,1134.59
2012-12-14,1128.76
2012-12-17,1133.98
2012-12-18,1131.32
2012-12-20,1122.17
2012-12-21,1124.82
2012-12-24,1118.58
2012-12-26,1114.41
2012-12-27,1113.75
2012-12-28,1112.24
2012-12-31,1111.43
2013-01-02,1112.5
2013-01-03,1118.04
2013-01-04,1113.21
2013-01-07,1116.93
2013-01-08,1117.9
2013-01-09,1116.94
2013-01-10,1116.11
2013-01-11,1123.97
2013-01-14,1112.34
2013-01-15,1115.19
2013-01-16,1114.66
2013-01-17,1118.78
2013-01-18,1115.92
2013-01-21,1109.17
2013-01-22,1114.48
2013-01-23,1124.43
2013-01-24,1122.29
2013-01-25,1116.69
2013-01-29,1127.48
2013-01-30,1139.08
2013-01-31,1128.12
2013-02-01,1135.56
2013-02-04,1138.8
2013-02-05,1136.53
2013-02-06,1128.7
2013-02-07,1122.93
2013-02-08,1120.24
2013-02-12,1121.86
2013-02-13,1128.39
2013-02-14,1125.56
2013-02-15,1124.18
2013-02-18,1109.59
2013-02-19,1115.89
2013-02-20,1119.79
2013-02-21,1105.77
2013-02-22,1115.54
2013-02-25,1118.5
2013-02-26,1116.38
2013-02-27,1113.4
2013-02-28,1109.98
2013-03-04,1103.48
2013-03-05,1112.85
2013-03-06,1115.43
2013-03-07,1108.36
2013-03-08,1115.73
2013-03-11,1113.09
2013-03-12,1129.55
2013-03-13,1129.55
2013-03-14,1130.04
2013-03-15,1146.82
2013-03-18,1150.47
2013-03-19,1158.61
2013-03-20,1151.11
2013-03-21,1159.02
2013-03-22,1164.59
2013-03-25,1168.26
2013-03-26,1164.29
2013-03-27,1160.91
2013-03-28,1158.56
2013-03-29,1158.09
2013-04-01,1158.28
2013-04-02,1164.19
2013-04-03,1163.15
2013-04-04,1171.42
2013-04-05,1172.4
2013-04-08,1168.07
2013-04-09,1185.48
2013-04-10,1195.1
2013-04-11,1200.39
2013-04-12,1190.7
2013-04-15,1189.01
2013-04-16,1162.6
2013-04-17,1163.66
2013-04-18,1149.15
2013-04-19,1155.27
2013-04-22,1150.1
2013-04-23,1151.76
2013-04-24,1149.94
2013-04-25,1149.7
2013-04-26,1146.59
2013-04-29,1140.65
2013-04-30,1146.94
2013-05-02,1133.01
2013-05-03,1128.13
2013-05-06,1132.95
2013-05-07,1121.51
2013-05-08,1114.18
2013-05-09,1108.53
2013-05-10,1097.27
2013-05-13,1102.77
2013-05-14,1109.81
2013-05-15,1098.92
2013-05-16,1100.96
2013-05-20,1085.5
2013-05-21,1097.02
2013-05-22,1091.31
2013-05-23,1075.52
2013-05-24,1091.51
2013-05-27,1087.05
2013-05-28,1083.98
2013-05-29,1077.5
2013-05-30,1088.53
2013-05-31,1091.18
2013-06-03,1082.38
2013-06-04,1100.29
2013-06-05,1082.71
2013-06-07,1069.84
2013-06-10,1047.44
2013-06-11,1060.96
2013-06-12,1071.74
2013-06-13,1071.53
2013-06-14,1092.53
2013-06-17,1080.31
2013-06-18,1075.89
2013-06-19,1071.43
2013-06-20,1050.69
2013-06-21,1054.12
2013-06-24,1068.41
2013-06-25,1072.0
2013-06-26,1073.27
2013-06-27,1071.34
2013-06-28,1065.25
2013-07-01,1045.89
2013-07-02,1050.55
2013-07-03,1035.64
2013-07-04,1037.2
2013-07-05,1041.74
2013-07-08,1034.04
2013-07-09,1051.57
2013-07-10,1048.95
2013-07-11,1054.47
2013-07-12,1031.42
2013-07-15,1017.93
2013-07-16,1020.56
2013-07-17,1033.79
2013-07-18,1031.78
2013-07-19,1030.89
2013-07-22,1032.89
2013-07-23,1035.28
2013-07-24,1036.89
2013-07-25,1019.51
2013-07-26,1032.5
2013-07-29,1031.16
2013-07-30,1019.48
2013-07-31,1010.26
2013-08-01,1001.65
2013-08-02,1002.2
2013-08-05,1002.62
2013-08-06,995.24
2013-08-07,1001.33
2013-08-08,1005.12
2013-08-09,1012.82
2013-08-12,1022.41
2013-08-13,1015.39
2013-08-14,1015.57
2013-08-16,1022.1
2013-08-19,1023.85
2013-08-20,1016.81
2013-08-21,1017.06
2013-08-22,1004.0
2013-08-23,1015.52
2013-08-26,1009.62
2013-08-27,1003.7
2013-08-28,1002.1
2013-08-29,999.32
2013-08-30,990.15
2013-09-02,990.82
2013-09-03,993.19
2013-09-04,992.89
2013-09-05,1007.69
2013-09-06,998.26
2013-09-09,1007.71
2013-09-10,1004.41
2013-09-11,1009.77
2013-09-12,1013.56
2013-09-13,1003.26
2013-09-16,1012.69
2013-09-17,1008.56
2013-09-23,1019.49
2013-09-24,1013.82
2013-09-25,1008.26
2013-09-26,1008.58
2013-09-27,1006.39
2013-09-30,1000.74
2013-10-01,1001.33
2013-10-02,1009.44
2013-10-04,1011.25
2013-10-07,1011.38
2013-10-08,1008.79
2013-10-10,1014.71
2013-10-11,1016.75
2013-10-14,1010.18
2013-10-15,1018.15
2013-10-16,1015.47
2013-10-17,1018.49
2013-10-18,1024.38
2013-10-21,1026.43
2013-10-22,1025.1
2013-10-23,1030.49
2013-10-24,1017.73
2013-10-25,1017.03
2013-10-28,1018.59
2013-10-29,1012.52
2013-10-30,1006.16
2013-10-31,1004.62
2013-11-01,1002.29
2013-11-04,1004.05
2013-11-05,1009.84
2013-11-06,1009.06
2013-11-07,1011.45
2013-11-08,1003.1
2013-11-11,996.82
2013-11-12,1000.01
2013-11-13,995.4
2013-11-14,1003.59
2013-11-15,993.98
2013-11-18,998.96
2013-11-19,994.14
2013-11-20,995.67
2013-11-21,985.63
2013-11-22,980.24
2013-11-25,974.07
2013-11-26,973.58
2013-11-27,967.74
2013-11-28,963.3
2013-11-29,964.71
2013-12-02,964.6
2013-12-03,963.56
2013-12-04,969.44
2013-12-05,958.53
2013-12-06,961.47
2013-12-09,965.03
2013-12-10,957.16
2013-12-11,962.77
2013-12-12,951.13
2013-12-13,940.67
2013-12-16,942.58
2013-12-17,941.34
2013-12-18,937.41
2013-12-19,930.37
2013-12-20,937.26
2013-12-23,947.21
2013-12-24,947.21
2013-12-26,946.14
2013-12-27,941.44
2013-12-30,934.42
2013-12-31,939.96
2014-01-02,938.64
2014-01-03,935.28
2014-01-06,943.79
2014-01-07,952.58
2014-01-08,952.14
2014-01-09,947.73
2014-01-10,947.09
2014-01-13,955.14
2014-01-14,956.66
2014-01-15,948.33
2014-01-16,946.58
2014-01-17,938.31
2014-01-20,931.24
2014-01-21,937.03
2014-01-22,936.92
2014-01-23,945.21
2014-01-24,938.56
2014-01-27,936.79
2014-01-28,946.85
2014-01-29,948.72
2014-02-03,938.28
2014-02-04,947.57
2014-02-05,968.58
2014-02-06,963.02
2014-02-07,963.49
2014-02-10,962.27
2014-02-11,958.65
2014-02-12,967.91
2014-02-13,959.93
2014-02-14,955.81
2014-02-17,961.39
2014-02-18,958.59
2014-02-19,960.03
2014-02-20,960.18
2014-02-21,966.05
2014-02-24,962.36
2014-02-25,972.22
2014-02-26,964.5
2014-02-27,958.74
2014-02-28,956.98
2014-03-03,948.92
2014-03-04,957.64
2014-03-05,959.65
2014-03-06,961.61
2014-03-07,970.75
2014-03-10,962.5
2014-03-11,962.19
2014-03-12,955.02
2014-03-13,961.64
2014-03-14,964.72
2014-03-17,966.78
2014-03-18,972.06
2014-03-19,974.89
2014-03-20,967.11
2014-03-21,971.91
2014-03-24,983.18
2014-03-25,985.93
2014-03-26,987.79
2014-03-27,990.77
2014-03-28,993.41
2014-03-31,988.75
2014-04-01,988.81
2014-04-02,980.33
2014-04-03,977.2
2014-04-04,976.84
2014-04-07,981.22
2014-04-08,976.19
2014-04-09,984.91
2014-04-10,978.52
2014-04-11,975.39
2014-04-14,973.49
2014-04-15,978.44
2014-04-16,974.3
2014-04-17,975.59
2014-04-18,967.72
2014-04-21,968.74
2014-04-22,968.67
2014-04-23,973.69
2014-04-24,965.28
2014-04-25,962.3
2014-04-28,963.16
2014-04-29,960.04
2014-04-30,956.08
2014-05-02,956.85
2014-05-07,963.97
2014-05-08,956.63
2014-05-09,959.02
2014-05-12,957.58
2014-05-13,959.4
2014-05-14,957.13
2014-05-15,960.41
2014-05-16,960.86
2014-05-19,960.87
2014-05-20,954.03
2014-05-21,945.96
2014-05-22,949.08
2014-05-23,945.75
2014-05-26,946.25
2014-05-27,946.7
2014-05-28,947.87
2014-05-29,944.42
2014-05-30,950.7
2014-06-02,949.58
2014-06-03,945.7
2014-06-05,950.35
2014-06-09,955.01
2014-06-10,951.52
2014-06-11,952.77
2014-06-12,953.58
2014-06-13,959.2
2014-06-16,956.46
2014-06-17,958.13
2014-06-18,954.64
2014-06-19,961.46
2014-06-20,957.2
2014-06-23,956.69
2014-06-24,959.94
2014-06-25,953.36
2014-06-26,959.47
2014-06-27,957.4
2014-06-30,955.26
2014-07-01,954.61
2014-07-02,960.5
2014-07-03,952.65
2014-07-04,943.77
2014-07-07,944.03
2014-07-08,946.58
2014-07-09,951.34
2014-07-10,952.89
2014-07-11,950.28
2014-07-14,955.39
2014-07-15,956.83
2014-07-16,958.9
2014-07-17,967.23
2014-07-18,961.34
2014-07-21,969.68
2014-07-22,962.46
2014-07-23,962.3
2014-07-24,965.32
2014-07-25,968.07
2014-07-28,967.28
2014-07-29,964.71
2014-07-30,961.68
2014-07-31,955.06
2014-08-01,954.78
2014-08-04,962.06
2014-08-05,963.04
2014-08-06,958.85
2014-08-07,966.97
2014-08-08,958.89
2014-08-11,962.19
2014-08-12,954.75
2014-08-13,953.03
2014-08-14,956.39
2014-08-18,954.85
2014-08-19,948.65
2014-08-20,946.64
2014-08-21,948.06
2014-08-22,952.84
2014-08-25,948.03
2014-08-26,947.37
2014-08-27,948.06
2014-08-28,947.38
2014-08-29,948.32
2014-09-01,947.31
2014-09-02,946.75
2014-09-03,942.38
2014-09-04,952.16
2014-09-05,951.27
2014-09-11,938.53
2014-09-12,941.77
2014-09-15,935.45
2014-09-16,938.33
2014-09-17,940.27
2014-09-18,925.29
2014-09-19,935.37
2014-09-22,934.3
2014-09-23,924.04
2014-09-24,922.57
2014-09-25,922.41
2014-09-26,917.54
2014-09-29,911.79
2014-09-30,916.07
2014-10-01,922.49
2014-10-02,927.96
2014-10-06,918.81
2014-10-07,937.97
2014-10-08,940.33
2014-10-10,939.5
2014-10-13,927.65
2014-10-14,936.0
2014-10-15,926.36
2014-10-16,937.37
2014-10-17,928.79
2014-10-20,930.66
2014-10-21,931.99
2014-10-22,924.59
2014-10-23,924.09
2014-10-24,924.32
2014-10-27,932.29
2014-10-28,925.97
2014-10-29,930.52
2014-10-30,920.21
2014-10-31,930.68
2014-11-03,927.67
2014-11-04,934.69
2014-11-05,945.56
2014-11-06,925.69
2014-11-07,932.16
2014-11-10,944.79
2014-11-11,935.88
2014-11-12,947.56
2014-11-13,957.45
2014-11-14,956.03
2014-11-17,962.7
2014-11-18,954.94
2014-11-19,957.8
2014-11-20,949.56
2014-11-21,959.16
2014-11-24,963.93
2014-11-25,958.27
2014-11-26,949.55
2014-11-27,945.05
2014-11-28,938.74
2014-12-01,936.65
2014-12-02,948.32
2014-12-03,934.86
2014-12-04,935.54
2014-12-05,935.43
2014-12-08,923.96
2014-12-09,928.24
2014-12-10,922.63
2014-12-11,918.5
2014-12-12,907.69
2014-12-15,910.55
2014-12-16,905.89
2014-12-17,898.12
2014-12-18,884.3
2014-12-19,901.87
2014-12-22,897.23
2014-12-23,891.12
2014-12-24,892.18
2014-12-26,895.75
2014-12-29,892.68
2014-12-30,893.5
2014-12-31,899.09
2015-01-02,898.49
2015-01-05,890.51
2015-01-06,897.27
2015-01-07,892.06
2015-01-08,888.28
2015-01-09,890.83
2015-01-12,897.57
2015-01-13,883.02
2015-01-14,883.15
2015-01-15,880.87
2015-01-16,889.99
2015-01-19,886.29
2015-01-20,885.0
2015-01-21,885.52
2015-01-22,879.6
2015-01-23,870.63
2015-01-26,854.92
2015-01-27,855.13
2015-01-28,858.11
2015-01-29,855.44
2015-01-30,848.1
2015-02-02,851.84
2015-02-03,859.49
2015-02-04,854.26
2015-02-05,845.44
2015-02-06,850.23
2015-02-09,845.72
2015-02-10,855.77
2015-02-11,847.72
2015-02-12,847.14
2015-02-13,857.65
2015-02-16,852.91
2015-02-17,852.92
2015-02-23,863.64
2015-02-24,865.81
2015-02-25,867.7
2015-02-26,869.21
2015-02-27,857.32
2015-03-02,858.05
2015-03-03,855.26
2015-03-04,859.76
2015-03-05,857.3
2015-03-06,856.1
2015-03-09,848.65
2015-03-10,854.15
2015-03-11,854.46
2015-03-12,856.55
2015-03-13,871.02
2015-03-16,858.16
2015-03-17,866.64
2015-03-18,861.48
2015-03-19,874.69
2015-03-20,852.49
2015-03-23,872.91
2015-03-24,880.67
2015-03-25,871.45
2015-03-26,864.24
2015-03-27,864.53
2015-03-30,854.95
2015-03-31,845.6
2015-04-01,845.14
2015-04-02,838.39
2015-04-03,832.72
2015-04-06,836.0
2015-04-07,825.03
2015-04-08,832.64
2015-04-09,840.88
2015-04-10,841.92
2015-04-13,839.83
2015-04-14,831.99
2015-04-15,835.38
2015-04-16,841.62
2015-04-17,848.77
2015-04-20,846.32
2015-04-21,835.63
2015-04-22,836.08
2015-04-23,838.4
2015-04-24,842.57
2015-04-27,844.59
2015-04-28,844.45
2015-04-29,857.79
2015-04-30,854.11
2015-05-04,837.42
2015-05-06,856.19
2015-05-07,861.29
2015-05-08,859.07
2015-05-11,863.93
2015-05-12,860.09
2015-05-13,875.32
2015-05-14,889.11
2015-05-15,883.85
2015-05-18,875.77
2015-05-19,867.48
2015-05-20,863.67
2015-05-21,862.2
2015-05-22,864.03
2015-05-26,853.77
2015-05-27,850.22
2015-05-28,855.88
2015-05-29,848.4
2015-06-01,845.98
2015-06-02,845.76
2015-06-03,865.63
2015-06-04,859.8
2015-06-05,852.63
2015-06-08,847.64
2015-06-09,862.43
2015-06-10,860.74
2015-06-11,864.23
2015-06-12,860.73
2015-06-15,859.83
2015-06-16,866.17
2015-06-17,866.13
2015-06-18,864.35
2015-06-19,865.67
2015-06-22,857.59
2015-06-23,849.78
2015-06-24,854.24
2015-06-25,854.08
2015-06-26,858.66
2015-06-29,850.32
2015-06-30,862.86
2015-07-01,860.64
2015-07-02,854.37
2015-07-03,857.51
2015-07-06,839.74
2015-07-07,843.26
2015-07-08,841.38
2015-07-09,843.83
2015-07-10,847.21
2015-07-13,839.7
2015-07-14,837.03
2015-07-15,848.97
2015-07-16,842.83
2015-07-17,850.91
2015-07-20,845.57
2015-07-21,849.01
2015-07-22,860.05
2015-07-23,850.1
2015-07-24,855.34
2015-07-27,848.12
2015-07-28,850.61
2015-07-29,856.11
2015-07-30,845.27
2015-07-31,850.47
2015-08-03,854.83
2015-08-04,847.57
2015-08-05,863.12
2015-08-06,862.2
2015-08-07,859.63
2015-08-10,862.98
2015-08-11,863.9
2015-08-12,855.68
2015-08-13,878.44
2015-08-17,865.33
2015-08-18,871.64
2015-08-19,869.1
2015-08-20,871.05
2015-08-21,869.51
2015-08-24,864.86
2015-08-25,856.58
2015-08-26,850.79
2015-08-27,846.68
2015-08-28,849.97
2015-08-31,840.17
2015-09-01,842.0
2015-09-02,823.98
2015-09-03,830.08
2015-09-04,833.28
2015-09-07,824.05
2015-09-08,833.59
2015-09-09,845.84
2015-09-10,831.84
2015-09-11,846.75
2015-09-14,839.08
2015-09-15,844.71
2015-09-16,843.11
2015-09-17,848.28
2015-09-18,840.2
2015-09-21,839.27
2015-09-22,836.35
2015-09-23,833.1
2015-09-24,830.83
2015-09-25,836.05
2015-09-30,836.27
2015-10-01,833.58
2015-10-02,829.78
2015-10-05,832.61
2015-10-06,830.2
2015-10-07,833.65
2015-10-08,839.0
2015-10-12,848.62
2015-10-13,844.08
2015-10-14,828.5
2015-10-15,840.26
2015-10-16,830.89
2015-10-19,820.2
2015-10-20,815.34
2015-10-21,821.07
2015-10-22,815.89
2015-10-23,820.41
2015-10-26,814.04
2015-10-27,821.66
2015-10-28,813.5
2015-10-29,804.36
2015-10-30,808.92
2015-11-02,811.54
2015-11-03,815.34
2015-11-04,814.18
2015-11-05,806.63
2015-11-06,812.8
2015-11-09,800.61
2015-11-10,813.12
2015-11-11,814.27
2015-11-12,816.62
2015-11-13,823.1
2015-11-16,825.05
2015-11-17,832.21
2015-11-18,831.48
2015-11-19,834.52
2015-11-20,837.12
2015-11-23,836.5
2015-11-24,833.05
2015-11-25,839.37
2015-11-26,830.6
2015-11-27,827.37
2015-11-30,827.31
2015-12-01,836.61
2015-12-02,848.02
2015-12-03,846.17
2015-12-04,856.11
2015-12-07,848.17
2015-12-08,846.86
2015-12-09,849.37
2015-12-10,851.31
2015-12-11,855.63
2015-12-14,847.02
2015-12-15,859.57
2015-12-16,851.81
2015-12-17,848.72
2015-12-18,839.2
2015-12-21,849.68
2015-12-22,846.65
2015-12-23,850.26
2015-12-24,847.55
2015-12-28,852.08
2015-12-29,844.92
2015-12-30,851.49
2015-12-31,853.1
2016-01-04,855.15
2016-01-05,850.62
2016-01-06,850.81
2016-01-07,843.73
2016-01-08,842.07
2016-01-11,829.21
2016-01-12,844.99
2016-01-13,843.71
2016-01-14,838.87
2016-01-15,848.1
2016-01-18,830.87
2016-01-19,833.41
2016-01-20,836.22
2016-01-21,838.73
2016-01-22,847.11
2016-01-25,843.08
2016-01-26,830.05
2016-01-27,840.44
2016-01-28,843.76
2016-01-29,855.73
2016-02-01,852.78
2016-02-02,856.22
2016-02-03,846.08
2016-02-04,871.77
2016-02-05,865.94
2016-02-11,849.12
2016-02-12,852.08
2016-02-15,858.3
2016-02-16,863.99
2016-02-17,865.49
2016-02-18,878.18
2016-02-19,876.56
2016-02-22,881.5
2016-02-23,891.6
2016-02-24,884.87
2016-02-25,887.76
2016-02-26,893.95
2016-02-29,879.6
2016-03-02,890.9
2016-03-03,898.27
2016-03-04,896.2
2016-03-07,896.22
2016-03-08,895.96
2016-03-09,895.4
2016-03-10,907.6
2016-03-11,901.28
2016-03-14,906.68
2016-03-15,891.77
2016-03-16,887.56
2016-03-17,900.07
2016-03-18,897.96
2016-03-21,882.01
2016-03-22,883.47
2016-03-23,883.02
2016-03-24,872.58
2016-03-25,878.71
2016-03-28,877.93
2016-03-29,883.16
2016-03-30,887.89
2016-03-31,884.16
2016-04-01,877.6
2016-04-04,881.21
2016-04-05,872.96
2016-04-06,871.51
2016-04-07,878.66
2016-04-08,867.09
2016-04-11,875.18
2016-04-12,872.65
2016-04-14,876.84
2016-04-15,887.48
2016-04-18,881.78
2016-04-19,892.62
2016-04-20,890.16
2016-04-21,882.91
2016-04-22,878.92
2016-04-25,879.39
2016-04-26,886.99
2016-04-27,890.9
2016-04-28,870.88
2016-04-29,872.22
2016-05-02,866.38
2016-05-03,874.71
2016-05-04,852.43
2016-05-09,850.94
2016-05-10,852.04
2016-05-11,865.18
2016-05-12,859.78
2016-05-13,852.3
2016-05-16,849.39
2016-05-17,859.02
2016-05-18,858.97
2016-05-19,854.44
2016-05-20,860.83
2016-05-23,858.92
2016-05-24,854.61
2016-05-25,855.14
2016-05-26,852.47
2016-05-27,853.15
2016-05-30,847.33
2016-05-31,855.86
2016-06-01,861.68
2016-06-02,864.64
2016-06-03,858.71
2016-06-07,874.21
2016-06-08,867.05
2016-06-09,865.58
2016-06-10,859.4
2016-06-13,857.9
2016-06-14,865.7
2016-06-15,861.96
2016-06-16,871.87
2016-06-17,862.36
2016-06-20,869.49
2016-06-21,866.99
2016-06-22,863.67
2016-06-23,869.14
2016-06-24,873.01
2016-06-27,869.25
2016-06-28,869.37
2016-06-29,869.23
2016-06-30,867.7
2016-07-01,858.51
2016-07-04,856.44
2016-07-05,865.15
2016-07-06,857.95
2016-07-07,875.92
2016-07-08,865.6
2016-07-11,876.99
2016-07-12,865.15
2016-07-13,875.42
2016-07-14,870.85
2016-07-15,870.97
2016-07-18,860.06
2016-07-19,861.37
2016-07-20,855.74
2016-07-21,851.55
2016-07-22,855.04
2016-07-25,847.45
2016-07-26,850.12
2016-07-27,855.68
2016-07-28,849.89
2016-07-29,845.01
2016-08-01,852.74
2016-08-02,836.03
2016-08-03,843.26
2016-08-04,845.58
2016-08-05,850.16
2016-08-08,845.31
2016-08-09,851.66
2016-08-10,849.0
2016-08-11,845.75
2016-08-12,845.65
2016-08-16,845.53
2016-08-17,843.2
2016-08-18,844.2
2016-08-19,849.72
2016-08-22,850.17
2016-08-23,858.6
2016-08-24,851.01
2016-08-25,853.99
2016-08-26,853.52
2016-08-29,841.66
2016-08-30,852.45
2016-08-31,840.44
2016-09-01,840.34
2016-09-02,845.35
2016-09-05,845.91
2016-09-06,840.63
2016-09-07,848.36
2016-09-08,839.03
2016-09-09,836.19
2016-09-12,828.64
2016-09-13,840.11
2016-09-19,834.06
2016-09-20,844.31
2016-09-21,845.95
2016-09-22,852.51
2016-09-23,843.65
2016-09-26,840.3
2016-09-27,845.01
2016-09-28,846.0
2016-09-29,843.14
2016-09-30,837.08
2016-10-04,847.38
2016-10-05,841.81
2016-10-06,847.88
2016-10-07,842.42
2016-10-10,848.21
2016-10-11,844.86
2016-10-12,843.88
2016-10-13,848.93
2016-10-14,855.51
2016-10-17,861.8
2016-10-18,869.54
2016-10-19,868.19
2016-10-20,867.25
2016-10-21,857.56
2016-10-24,862.79
2016-10-25,861.99
2016-10-26,868.97
2016-10-27,865.55
2016-10-28,865.47
2016-10-31,869.21
2016-11-01,870.64
2016-11-02,873.71
2016-11-03,879.33
2016-11-04,876.38
2016-11-07,877.45
2016-11-08,881.6
2016-11-09,882.3
2016-11-10,875.28
2016-11-11,875.8
2016-11-14,879.94
2016-11-15,884.54
2016-11-16,882.44
2016-11-17,873.88
2016-11-18,870.7
2016-11-21,866.98
2016-11-22,872.49
2016-11-23,870.16
2016-11-24,867.25
2016-11-25,876.1
2016-11-28,877.57
2016-11-29,876.38
2016-11-30,875.15
2016-12-01,862.8
2016-12-02,869.48
2016-12-05,869.86
2016-12-06,877.18
2016-12-07,872.68
2016-12-08,875.47
2016-12-09,863.88
2016-12-12,868.12
2016-12-13,877.12
2016-12-14,873.43
2016-12-15,864.19
2016-12-16,868.91
2016-12-19,862.4
2016-12-20,860.32
2016-12-21,865.94
2016-12-22,863.35
2016-12-23,864.48
2016-12-26,862.96
2016-12-27,861.65
2016-12-28,866.37
2016-12-29,867.24
2016-12-30,872.05
2017-01-02,870.6
2017-01-03,868.89
2017-01-04,871.96
2017-01-05,878.36
2017-01-06,874.81
2017-01-09,867.81
2017-01-10,887.25
2017-01-11,882.84
2017-01-12,890.9
2017-01-13,885.03
2017-01-16,882.92
2017-01-17,882.36
2017-01-18,893.11
2017-01-19,876.24
2017-01-20,889.59
2017-01-23,886.23
2017-01-24,886.34
2017-01-25,882.65
2017-01-26,883.1
2017-01-31,875.07
2017-02-01,883.33
2017-02-02,876.1
2017-02-03,880.34
2017-02-06,879.77
2017-02-07,870.34
2017-02-08,870.74
2017-02-09,875.2
2017-02-10,873.6
2017-02-13,883.18
2017-02-14,880.57
2017-02-15,878.17
2017-02-16,880.63
2017-02-17,876.61
2017-02-20,878.9
2017-02-21,882.33
2017-02-22,880.17
2017-02-23,878.15
2017-02-24,878.58
2017-02-27,867.99
2017-02-28,869.11
2017-03-02,868.36
2017-03-03,864.61
2017-03-06,874.9
2017-03-07,876.61
2017-03-08,873.53
2017-03-09,863.05
2017-03-10,867.25
2017-03-13,873.17
2017-03-14,868.46
2017-03-15,867.47
2017-03-16,882.65
2017-03-17,868.3
2017-03-20,871.91
2017-03-21,869.29
2017-03-22,858.13
2017-03-23,862.07
2017-03-24,854.39
2017-03-27,856.79
2017-03-28,849.24
2017-03-29,848.95
2017-03-30,853.88
2017-03-31,853.37
2017-04-03,854.64
2017-04-04,846.88
2017-04-05,846.5
2017-04-06,851.26
2017-04-07,852.83
2017-04-10,851.35
2017-04-11,857.17
2017-04-12,859.64
2017-04-13,862.22
2017-04-14,856.74
2017-04-17,863.21
2017-04-18,862.26
2017-04-19,859.68
2017-04-20,854.17
2017-04-21,858.33
2017-04-24,858.87
2017-04-25,856.47
2017-04-26,852.11
2017-04-27,841.57
2017-04-28,844.02
2017-05-02,853.17
2017-05-04,839.66
2017-05-08,839.45
2017-05-10,831.69
2017-05-11,834.14
2017-05-12,833.44
2017-05-15,832.48
2017-05-16,835.05
2017-05-17,830.28
2017-05-18,831.03
2017-05-19,834.34
2017-05-22,840.55
2017-05-23,834.81
2017-05-24,838.21
2017-05-25,844.78
2017-05-26,833.19
2017-05-29,833.13
2017-05-30,833.19
2017-05-31,838.32
2017-06-01,832.77
2017-06-02,827.14
2017-06-05,833.67
2017-06-07,840.25
2017-06-08,846.72
2017-06-09,847.18
2017-06-12,844.73
2017-06-13,849.51
2017-06-14,850.91
2017-06-15,854.39
2017-06-16,851.64
2017-06-19,863.74
2017-06-20,859.13
2017-06-21,861.56
2017-06-22,862.02
2017-06-23,860.28
2017-06-26,862.71
2017-06-27,860.71
2017-06-28,862.3
2017-06-29,872.09
2017-06-30,875.55
2017-07-03,879.96
2017-07-04,877.53
2017-07-05,874.56
2017-07-06,874.1
2017-07-07,874.47
2017-07-10,878.58
2017-07-11,874.67
2017-07-12,878.5
2017-07-13,879.53
2017-07-14,879.63
2017-07-17,889.03
2017-07-18,879.21
2017-07-19,891.3
2017-07-20,892.67
2017-07-21,894.35
2017-07-24,887.6
2017-07-25,884.45
2017-07-26,885.85
2017-07-27,895.68
2017-07-28,886.77
2017-07-31,893.66
2017-08-01,897.46
2017-08-02,890.54
2017-08-03,894.24
2017-08-04,897.29
2017-08-07,892.72
2017-08-08,891.41
2017-08-09,890.59
2017-08-10,895.05
2017-08-11,897.42
2017-08-14,904.32
2017-08-16,890.13
2017-08-17,903.13
2017-08-18,896.28
2017-08-21,905.04
2017-08-22,903.41
2017-08-23,898.71
2017-08-24,894.43
2017-08-25,890.45
2017-08-28,896.92
2017-08-29,886.91
2017-08-30,895.78
2017-08-31,887.74
2017-09-01,894.05
2017-09-04,894.57
2017-09-05,899.2
2017-09-06,905.72
2017-09-07,907.64
2017-09-08,909.55
2017-09-11,907.41
2017-09-12,906.99
2017-09-13,905.76
2017-09-14,900.37
2017-09-15,905.6
2017-09-18,906.91
2017-09-19,898.49
2017-09-20,904.9
2017-09-21,906.22
2017-09-22,897.97
2017-09-25,903.76
2017-09-26,897.21
2017-09-27,895.86
2017-09-28,894.88
2017-09-29,900.04
2017-10-10,888.49
2017-10-11,885.63
2017-10-12,885.0
2017-10-13,886.84
2017-10-16,891.18
2017-10-17,884.25
2017-10-18,887.81
2017-10-19,887.14
2017-10-20,892.03
2017-10-23,884.47
2017-10-24,884.01
2017-10-25,877.7
2017-10-26,869.19
2017-10-27,861.01
2017-10-30,866.77
2017-10-31,864.9
2017-11-01,858.17
2017-11-02,857.26
2017-11-03,858.24
2017-11-06,851.44
2017-11-07,858.3
2017-11-08,850.71
2017-11-09,855.67
2017-11-10,855.5
2017-11-13,854.43
2017-11-14,853.58
2017-11-15,853.53
2017-11-16,845.38
2017-11-17,837.57
2017-11-20,828.6
2017-11-21,829.45
2017-11-22,831.64
2017-11-23,831.19
2017-11-24,829.81
2017-11-27,825.96
2017-11-28,826.96
2017-11-29,827.22
2017-11-30,819.27
2017-12-01,820.23
2017-12-04,825.71
2017-12-05,827.22
2017-12-06,824.18
2017-12-07,825.8
2017-12-08,821.05
2017-12-11,821.14
2017-12-12,822.52
2017-12-13,823.73
2017-12-14,833.34
2017-12-15,832.41
2017-12-18,833.1
2017-12-19,835.12
2017-12-20,832.54
2017-12-21,830.15
2017-12-22,832.39
2017-12-26,832.98
2017-12-27,832.06
2017-12-28,835.43
2017-12-29,835.16
2018-01-02,836.28
2018-01-03,833.24
2018-01-04,834.26
2018-01-05,837.91
2018-01-08,835.55
2018-01-09,835.22
2018-01-10,834.74
2018-01-11,839.86
2018-01-12,844.96
2018-01-15,842.66
2018-01-16,845.27
2018-01-17,847.0
2018-01-18,848.7
2018-01-19,856.59
2018-01-22,853.73
2018-01-23,856.67
2018-01-24,855.23
2018-01-25,862.1
2018-01-26,850.53
2018-01-29,863.07
2018-01-30,861.9
2018-01-31,866.41
2018-02-01,863.33
2018-02-02,860.84
2018-02-05,850.59
2018-02-06,858.65
2018-02-07,864.83
2018-02-08,846.76
2018-02-09,846.04
2018-02-12,854.0
2018-02-13,851.71
2018-02-14,850.65
2018-02-19,854.47
2018-02-20,845.11
2018-02-21,843.29
2018-02-22,838.68
2018-02-23,849.37
2018-02-26,846.03
2018-02-27,842.75
2018-02-28,834.58
2018-03-02,839.39
2018-03-05,839.14
2018-03-06,839.17
2018-03-07,838.49
2018-03-08,835.56
2018-03-09,832.12
2018-03-12,840.44
2018-03-13,837.5
2018-03-14,837.35
2018-03-15,839.48
2018-03-16,830.31
2018-03-19,825.09
2018-03-20,826.06
2018-03-21,823.28
2018-03-22,832.21
2018-03-23,822.91
2018-03-26,833.13
2018-03-27,837.55
2018-03-28,823.5
2018-03-29,818.73
2018-03-30,819.23
2018-04-02,818.15
2018-04-03,810.56
2018-04-04,812.87
2018-04-05,816.52
2018-04-06,812.21
2018-04-09,818.63
2018-04-10,821.6
2018-04-11,829.34
2018-04-12,827.69
2018-04-13,828.78
2018-04-16,831.6
2018-04-17,834.93
2018-04-18,829.99
2018-04-19,830.75
2018-04-20,821.87
2018-04-23,818.46
2018-04-24,812.79
2018-04-25,818.77
2018-04-26,816.52
2018-04-27,815.77
2018-04-30,815.06
2018-05-02,799.02
2018-05-03,805.15
2018-05-04,810.55
2018-05-08,809.03
2018-05-09,803.1
2018-05-10,807.14
2018-05-11,809.97
2018-05-14,806.53
2018-05-15,802.67
2018-05-16,801.29
2018-05-17,811.51
2018-05-18,810.88
2018-05-21,812.65
2018-05-23,821.52
2018-05-24,816.27
2018-05-25,817.93
2018-05-28,815.34
2018-05-29,809.89
2018-05-30,807.45
2018-05-31,818.92
2018-06-01,814.57
2018-06-04,814.26
2018-06-05,819.35
2018-06-07,820.12
2018-06-08,814.11
2018-06-11,815.26
2018-06-12,816.99
2018-06-14,814.66
2018-06-15,809.06
2018-06-18,812.0
2018-06-19,819.85
2018-06-20,816.25
2018-06-21,816.98
2018-06-22,818.33
2018-06-25,824.97
2018-06-26,827.53
2018-06-27,824.3
2018-06-28,820.87
2018-06-29,824.45
2018-07-02,827.01
2018-07-03,820.12
2018-07-04,827.88
2018-07-05,823.37
2018-07-06,826.16
2018-07-09,830.8
2018-07-10,830.33
2018-07-11,827.72
2018-07-12,825.47
2018-07-13,834.8
2018-07-16,833.68
2018-07-17,837.1
2018-07-18,830.45
2018-07-19,835.22
2018-07-20,831.94
2018-07-23,843.72
2018-07-24,832.83
2018-07-25,843.06
2018-07-26,840.21
2018-07-27,826.04
2018-07-30,829.02
2018-07-31,827.31
2018-08-01,829.09
2018-08-02,828.95
2018-08-03,826.57
2018-08-06,834.46
2018-08-07,829.99
2018-08-08,835.49
2018-08-09,831.44
2018-08-10,823.61
2018-08-13,821.58
2018-08-14,824.37
2018-08-16,819.3
2018-08-17,821.0
2018-08-20,822.87
2018-08-21,823.94
2018-08-22,822.94
2018-08-23,822.08
2018-08-24,812.3
2018-08-27,822.62
2018-08-28,818.73
2018-08-29,814.57
2018-08-30,810.31
2018-08-31,805.38
2018-09-03,800.24
2018-09-04,802.89
2018-09-05,800.16
2018-09-06,803.72
2018-09-07,807.1
2018-09-10,798.41
2018-09-11,802.36
2018-09-12,802.45
2018-09-13,808.44
2018-09-14,805.97
2018-09-17,800.51
2018-09-18,806.02
2018-09-19,814.09
2018-09-20,815.52
2018-09-21,816.46
2018-09-27,810.71
2018-09-28,801.42
2018-10-01,802.62
2018-10-02,802.51
2018-10-04,793.03
2018-10-05,798.55
2018-10-08,797.48
2018-10-10,804.24
2018-10-11,800.28
2018-10-12,814.09
2018-10-15,805.72
2018-10-16,808.74
2018-10-17,805.52
2018-10-18,799.59
2018-10-19,803.86
2018-10-22,806.88
2018-10-23,800.56
2018-10-24,804.6
2018-10-25,799.96
2018-10-26,806.11
2018-10-29,809.77
2018-10-30,803.74
2018-10-31,810.17
2018-11-01,806.9
2018-11-02,820.22
2018-11-05,809.97
2018-11-06,809.75
2018-11-07,812.3
2018-11-08,815.23
2018-11-09,812.29
2018-11-12,812.76
2018-11-13,812.49
2018-11-14,820.71
2018-11-15,819.29
2018-11-16,822.46
2018-11-19,825.98
2018-11-20,822.33
2018-11-21,813.21
2018-11-22,821.49
2018-11-23,818.64
2018-11-26,818.09
2018-11-27,815.67
2018-11-28,816.49
2018-11-29,824.83
2018-11-30,820.82
2018-12-03,824.2
2018-12-04,819.24
2018-12-05,814.54
2018-12-06,809.25
2018-12-07,808.45
2018-12-10,804.04
2018-12-11,808.88
2018-12-12,814.52
2018-12-13,813.79
2018-12-14,811.92
2018-12-17,810.37
2018-12-18,812.26
2018-12-19,812.0
2018-12-20,800.34
2018-12-21,803.66
2018-12-24,791.34
2018-12-26,792.48
2018-12-27,795.63
2018-12-28,788.33
2018-12-31,787.81
2019-01-02,787.98
2019-01-03,768.47
2019-01-04,790.43
2019-01-07,801.71
2019-01-08,798.87
2019-01-09,801.29
2019-01-10,804.36
2019-01-11,803.87
2019-01-14,805.29
2019-01-15,807.13
2019-01-16,806.75
2019-01-17,804.42
2019-01-18,806.01
2019-01-21,803.02
2019-01-22,806.41
2019-01-23,805.1
2019-01-24,806.04
2019-01-25,798.79
2019-01-28,807.88
2019-01-29,799.76
2019-01-30,799.94
2019-01-31,809.47
2019-02-01,808.19
2019-02-07,794.1
2019-02-08,797.45
2019-02-11,797.33
2019-02-12,793.84
2019-02-13,798.3
2019-02-14,794.89
2019-02-15,799.03
2019-02-18,805.07
2019-02-19,801.63
2019-02-20,807.68
2019-02-21,804.17
2019-02-22,798.21
2019-02-25,804.48
2019-02-26,803.45
2019-02-27,804.45
2019-02-28,798.72
2019-03-04,795.69
2019-03-05,797.63
2019-03-06,797.35
2019-03-07,792.56
2019-03-08,791.78
2019-03-11,798.62
2019-03-12,802.77
2019-03-13,798.78
2019-03-14,802.86
2019-03-15,800.25
2019-03-18,804.53
2019-03-19,804.93
2019-03-20,801.75
2019-03-21,805.64
2019-03-22,800.44
2019-03-25,799.67
2019-03-26,806.91
2019-03-27,808.04
2019-03-28,803.88
2019-03-29,805.16
2019-04-01,807.37
2019-04-02,805.35
2019-04-03,802.1
2019-04-04,808.11
2019-04-05,807.45
2019-04-08,807.47
2019-04-09,813.08
2019-04-10,814.3
2019-04-11,817.96
2019-04-12,811.51
2019-04-15,817.91
2019-04-16,813.18
2019-04-17,813.73
2019-04-18,815.04
2019-04-19,812.33
2019-04-22,813.08
2019-04-23,814.25
2019-04-24,810.12
2019-04-25,804.15
2019-04-26,813.29
2019-04-29,816.78
2019-04-30,817.34
2019-05-02,816.64
2019-05-03,814.56
2019-05-07,817.59
2019-05-08,820.32
2019-05-09,818.17
2019-05-10,821.3
2019-05-13,823.37
2019-05-14,821.54
2019-05-15,823.84
2019-05-16,824.19
2019-05-17,819.89
2019-05-20,822.37
2019-05-21,824.11
2019-05-22,821.59
2019-05-23,822.06
2019-05-24,821.75
2019-05-27,824.87
2019-05-28,819.34
2019-05-29,822.0
2019-05-30,825.51
2019-05-31,822.59
2019-06-03,825.56
2019-06-04,825.2
2019-06-05,825.81
2019-06-07,823.26
2019-06-10,824.94
2019-06-11,824.06
2019-06-12,822.4
2019-06-13,819.1
2019-06-14,819.34
2019-06-17,814.18
2019-06-18,813.27
2019-06-19,814.87
2019-06-20,810.66
2019-06-21,807.81
2019-06-24,805.67
2019-06-25,806.77
2019-06-26,803.67
2019-06-27,809.18
2019-06-28,810.28
2019-07-01,812.72
2019-07-02,804.91
2019-07-03,814.54
2019-07-04,823.32
2019-07-05,821.36
2019-07-08,817.35
2019-07-09,821.59
2019-07-10,817.61
2019-07-11,822.67
2019-07-12,818.67
2019-07-15,826.41
2019-07-16,830.45
2019-07-17,826.42
2019-07-18,827.52
2019-07-19,833.14
2019-07-22,826.37
2019-07-23,828.38
2019-07-24,824.29
2019-07-25,821.85
2019-07-26,820.02
2019-07-29,818.34
2019-07-30,816.72
2019-07-31,812.57
2019-08-01,809.31
2019-08-02,808.54
2019-08-05,811.81
2019-08-06,820.03
2019-08-07,821.05
2019-08-08,822.1
2019-08-09,823.2
2019-08-12,820.72
2019-08-13,820.96
2019-08-14,828.24
2019-08-16,820.74
2019-08-19,823.35
2019-08-20,819.16
2019-08-21,819.97
2019-08-22,817.22
2019-08-23,814.23
2019-08-26,812.42
2019-08-27,825.21
2019-08-28,819.21
2019-08-29,817.47
2019-08-30,817.71
2019-09-02,814.18
2019-09-03,813.18
2019-09-04,821.66
2019-09-05,822.17
2019-09-06,817.35
2019-09-09,819.28
2019-09-10,818.64
2019-09-11,817.64
2019-09-16,819.62
2019-09-17,812.93
2019-09-18,815.53
2019-09-19,812.69
2019-09-20,812.19
2019-09-23,806.43
2019-09-24,808.38
2019-09-25,812.22
2019-09-26,809.21
2019-09-27,809.39
2019-09-30,812.5
2019-10-01,809.4
2019-10-02,803.33
2019-10-04,811.59
2019-10-07,809.59
2019-10-08,805.54
2019-10-10,802.06
2019-10-11,808.74
2019-10-14,807.95
2019-10-15,802.13
2019-10-16,799.09
2019-10-17,801.7
2019-10-18,809.97
2019-10-21,808.58
2019-10-22,806.91
2019-10-23,803.35
2019-10-24,804.28
2019-10-25,798.21
2019-10-28,801.04
2019-10-29,799.66
2019-10-30,800.04
2019-10-31,806.14
2019-11-01,800.47
2019-11-04,806.81
2019-11-05,798.41
2019-11-06,799.71
2019-11-07,796.59
2019-11-08,800.18
2019-11-11,792.85
2019-11-12,795.43
2019-11-13,796.01
2019-11-14,798.46
2019-11-15,794.17
2019-11-18,794.78
2019-11-19,792.62
2019-11-20,797.28
2019-11-21,795.43
2019-11-22,798.55
2019-11-25,799.61
2019-11-26,797.05
2019-11-27,796.83
2019-11-28,795.27
2019-11-29,798.27
2019-12-02,798.77
2019-12-03,804.62
2019-12-04,812.55
2019-12-05,817.39
2019-12-06,813.2
2019-12-09,813.46
2019-12-10,811.4
2019-12-11,811.45
2019-12-12,819.86
2019-12-13,824.29
2019-12-16,805.19
2019-12-17,806.49
2019-12-18,799.6
2019-12-19,798.29
2019-12-20,801.58
2019-12-23,801.96
2019-12-24,801.96
2019-12-26,805.57
2019-12-27,806.28
2019-12-30,810.31
2019-12-31,810.34
2020-01-02,812.37
2020-01-03,808.04
2020-01-06,806.56
2020-01-07,811.41
2020-01-08,800.04
2020-01-09,806.2
2020-01-10,795.3
2020-01-13,801.39
2020-01-14,797.55
2020-01-15,795.81
2020-01-16,799.98
