,AED
2010-01-04,317.89
2010-01-05,314.76
2010-01-06,311.54
2010-01-07,309.88
2010-01-08,308.5
2010-01-11,308.45
2010-01-12,304.87
2010-01-13,306.09
2010-01-14,306.67
2010-01-15,305.49
2010-01-18,305.79
2010-01-19,306.8
2010-01-20,306.1
2010-01-21,308.25
2010-01-22,309.96
2010-01-25,313.59
2010-01-26,312.84
2010-01-27,313.42
2010-01-28,315.81
2010-01-29,314.84
2010-02-01,315.24
2010-02-02,317.94
2010-02-03,315.84
2010-02-04,313.69
2010-02-05,313.99
2010-02-08,318.8
2010-02-09,319.24
2010-02-10,317.62
2010-02-11,315.24
2010-02-12,315.04
2010-02-16,314.43
2010-02-17,314.31
2010-02-18,311.11
2010-02-19,312.41
2010-02-22,315.2
2010-02-23,312.9
2010-02-24,312.68
2010-02-25,314.75
2010-02-26,315.38
2010-03-02,315.87
2010-03-03,313.83
2010-03-04,312.17
2010-03-05,311.42
2010-03-08,310.9
2010-03-09,308.65
2010-03-10,308.88
2010-03-11,308.41
2010-03-12,307.95
2010-03-15,307.93
2010-03-16,308.71
2010-03-17,308.7
2010-03-18,307.55
2010-03-19,308.03
2010-03-22,308.42
2010-03-23,309.44
2010-03-24,308.82
2010-03-25,309.15
2010-03-26,310.7
2010-03-29,310.87
2010-03-30,310.0
2010-03-31,307.87
2010-04-01,308.35
2010-04-02,307.21
2010-04-05,306.11
2010-04-06,306.32
2010-04-07,305.79
2010-04-08,305.43
2010-04-09,305.82
2010-04-12,304.6
2010-04-13,303.02
2010-04-14,304.96
2010-04-15,303.76
2010-04-16,301.86
2010-04-19,303.08
2010-04-20,304.12
2010-04-21,303.81
2010-04-22,302.23
2010-04-23,302.35
2010-04-26,302.21
2010-04-27,300.58
2010-04-28,301.34
2010-04-29,304.63
2010-04-30,303.7
2010-05-03,301.81
2010-05-04,303.78
2010-05-06,303.46
2010-05-07,309.59
2010-05-10,315.46
2010-05-11,308.69
2010-05-12,307.68
2010-05-13,309.86
2010-05-14,307.93
2010-05-17,308.5
2010-05-18,313.07
2010-05-19,313.17
2010-05-20,317.21
2010-05-24,320.89
2010-05-25,329.98
2010-05-26,341.72
2010-05-27,341.11
2010-05-28,336.01
2010-05-31,326.76
2010-06-01,327.14
2010-06-03,329.13
2010-06-04,327.99
2010-06-07,327.02
2010-06-08,336.2
2010-06-09,335.83
2010-06-10,338.22
2010-06-11,343.46
2010-06-14,337.84
2010-06-15,333.52
2010-06-16,333.24
2010-06-17,329.72
2010-06-18,331.05
2010-06-21,328.32
2010-06-22,320.38
2010-06-23,321.98
2010-06-24,323.5
2010-06-25,322.69
2010-06-28,327.99
2010-06-29,326.83
2010-06-30,329.52
2010-07-01,334.91
2010-07-02,335.21
2010-07-05,332.48
2010-07-06,333.13
2010-07-07,334.51
2010-07-08,332.65
2010-07-09,329.78
2010-07-12,326.38
2010-07-13,326.05
2010-07-14,327.98
2010-07-15,326.5
2010-07-16,328.01
2010-07-19,327.01
2010-07-20,331.05
2010-07-21,329.92
2010-07-22,327.7
2010-07-23,328.61
2010-07-26,325.96
2010-07-27,325.19
2010-07-28,322.25
2010-07-29,323.04
2010-07-30,323.23
2010-08-02,322.63
2010-08-03,319.48
2010-08-04,317.17
2010-08-05,318.4
2010-08-06,318.05
2010-08-09,317.37
2010-08-10,315.57
2010-08-11,317.79
2010-08-12,320.54
2010-08-13,324.97
2010-08-16,323.04
2010-08-17,324.87
2010-08-18,320.92
2010-08-19,319.61
2010-08-20,319.45
2010-08-23,321.24
2010-08-24,321.77
2010-08-25,323.74
2010-08-26,325.47
2010-08-27,325.22
2010-08-30,325.45
2010-08-31,323.77
2010-09-01,325.86
2010-09-02,324.15
2010-09-03,321.53
2010-09-06,320.69
2010-09-07,318.87
2010-09-08,320.32
2010-09-09,320.23
2010-09-10,318.3
2010-09-13,317.56
2010-09-14,316.21
2010-09-15,316.2
2010-09-16,316.07
2010-09-17,316.69
2010-09-20,316.66
2010-09-24,316.38
2010-09-27,314.85
2010-09-28,312.76
2010-09-29,312.7
2010-09-30,310.92
2010-10-01,310.75
2010-10-04,308.86
2010-10-05,306.05
2010-10-06,307.84
2010-10-07,304.96
2010-10-08,304.22
2010-10-11,304.89
2010-10-12,303.68
2010-10-13,306.83
2010-10-14,304.79
2010-10-15,302.97
2010-10-18,303.53
2010-10-19,304.16
2010-10-20,305.9
2010-10-21,308.0
2010-10-22,306.62
2010-10-25,307.52
2010-10-26,304.17
2010-10-27,304.32
2010-10-28,306.59
2010-10-29,306.72
2010-11-01,306.1
2010-11-02,304.24
2010-11-03,303.55
2010-11-04,302.3
2010-11-05,301.41
2010-11-08,301.18
2010-11-09,303.06
2010-11-10,303.79
2010-11-11,303.41
2010-11-12,301.53
2010-11-15,304.82
2010-11-16,307.44
2010-11-17,307.44
2010-11-18,309.97
2010-11-19,310.07
2010-11-22,308.11
2010-11-23,306.74
2010-11-24,308.8
2010-11-25,312.8
2010-11-26,311.56
2010-11-29,312.44
2010-11-30,315.08
2010-12-01,314.32
2010-12-02,314.24
2010-12-03,312.9
2010-12-06,311.33
2010-12-07,308.63
2010-12-08,308.81
2010-12-09,310.58
2010-12-10,309.94
2010-12-13,310.81
2010-12-14,311.33
2010-12-15,310.75
2010-12-16,313.42
2010-12-17,314.87
2010-12-20,313.32
2010-12-21,317.16
2010-12-22,314.03
2010-12-23,314.6
2010-12-24,313.5
2010-12-27,313.61
2010-12-28,313.26
2010-12-29,312.41
2010-12-30,312.03
2010-12-31,310.07
2011-01-03,310.07
2011-01-04,306.97
2011-01-05,305.55
2011-01-06,306.3
2011-01-07,305.78
2011-01-10,305.51
2011-01-11,305.1
2011-01-12,306.62
2011-01-13,304.93
2011-01-14,302.8
2011-01-17,303.48
2011-01-18,303.48
2011-01-19,304.06
2011-01-20,302.89
2011-01-21,304.45
2011-01-24,305.47
2011-01-25,305.01
2011-01-26,304.28
2011-01-27,304.44
2011-01-28,303.38
2011-01-31,303.39
2011-02-01,305.65
2011-02-07,304.04
2011-02-08,301.4
2011-02-09,300.68
2011-02-10,300.79
2011-02-11,303.0
2011-02-14,305.13
2011-02-15,305.98
2011-02-16,305.62
2011-02-17,305.12
2011-02-18,303.89
2011-02-21,303.03
2011-02-22,303.96
2011-02-23,306.53
2011-02-24,306.49
2011-02-25,306.81
2011-02-28,307.09
2011-03-02,307.33
2011-03-03,307.21
2011-03-04,305.62
2011-03-07,303.93
2011-03-08,304.35
2011-03-09,304.21
2011-03-10,303.63
2011-03-11,304.49
2011-03-14,306.16
2011-03-15,307.6
2011-03-16,308.01
2011-03-17,308.41
2011-03-18,309.72
2011-03-21,307.2
2011-03-22,306.54
2011-03-23,305.4
2011-03-24,305.94
2011-03-25,305.7
2011-03-28,303.43
2011-03-29,303.36
2011-03-30,303.47
2011-03-31,301.46
2011-04-01,299.53
2011-04-04,298.04
2011-04-05,295.94
2011-04-06,296.69
2011-04-07,295.55
2011-04-08,296.22
2011-04-11,295.52
2011-04-12,295.25
2011-04-13,297.23
2011-04-14,297.45
2011-04-15,296.59
2011-04-18,296.2
2011-04-19,296.72
2011-04-20,297.51
2011-04-21,295.05
2011-04-22,294.06
2011-04-25,294.54
2011-04-26,294.44
2011-04-27,295.54
2011-04-28,294.0
2011-04-29,291.93
2011-05-02,292.22
2011-05-03,290.45
2011-05-04,291.36
2011-05-06,292.57
2011-05-09,295.39
2011-05-11,294.01
2011-05-12,292.65
2011-05-13,294.77
2011-05-16,296.47
2011-05-17,297.53
2011-05-18,297.13
2011-05-19,295.86
2011-05-20,295.32
2011-05-23,294.79
2011-05-24,297.22
2011-05-25,298.07
2011-05-26,298.48
2011-05-27,296.9
2011-05-30,294.64
2011-05-31,294.2
2011-06-01,293.19
2011-06-02,293.06
2011-06-03,294.15
2011-06-07,293.36
2011-06-08,294.2
2011-06-09,294.45
2011-06-10,294.88
2011-06-13,294.38
2011-06-14,295.64
2011-06-15,294.99
2011-06-16,294.72
2011-06-17,296.46
2011-06-20,296.0
2011-06-21,294.91
2011-06-22,294.5
2011-06-23,292.68
2011-06-24,293.13
2011-06-27,293.47
2011-06-28,295.86
2011-06-29,294.52
2011-06-30,293.52
2011-07-01,291.34
2011-07-04,290.33
2011-07-05,289.63
2011-07-06,290.12
2011-07-07,289.93
2011-07-08,289.76
2011-07-11,288.16
2011-07-12,288.51
2011-07-13,290.28
2011-07-14,289.46
2011-07-15,287.7
2011-07-18,287.87
2011-07-19,288.93
2011-07-20,288.52
2011-07-21,287.32
2011-07-22,287.32
2011-07-25,286.2
2011-07-26,287.08
2011-07-27,286.65
2011-07-28,285.93
2011-07-29,286.58
2011-08-01,286.72
2011-08-02,285.74
2011-08-03,286.23
2011-08-04,288.21
2011-08-05,288.18
2011-08-08,291.15
2011-08-09,292.27
2011-08-10,297.36
2011-08-11,294.15
2011-08-12,295.59
2011-08-16,293.69
2011-08-17,291.32
2011-08-18,292.06
2011-08-19,291.94
2011-08-22,294.83
2011-08-23,294.96
2011-08-24,294.31
2011-08-25,293.77
2011-08-26,295.5
2011-08-29,295.29
2011-08-30,292.96
2011-08-31,291.8
2011-09-01,291.45
2011-09-02,289.41
2011-09-05,289.33
2011-09-06,290.85
2011-09-07,291.81
2011-09-08,291.78
2011-09-09,292.11
2011-09-14,292.98
2011-09-15,299.6
2011-09-16,301.7
2011-09-19,301.37
2011-09-20,305.55
2011-09-21,313.26
2011-09-22,312.33
2011-09-23,320.58
2011-09-26,322.9
2011-09-28,321.18
2011-09-29,319.28
2011-09-30,321.13
2011-10-04,320.75
2011-10-05,326.57
2011-10-06,324.64
2011-10-07,323.06
2011-10-10,321.24
2011-10-11,319.36
2011-10-12,316.96
2011-10-13,319.19
2011-10-14,315.28
2011-10-17,315.91
2011-10-18,311.92
2011-10-19,312.31
2011-10-20,309.75
2011-10-21,310.24
2011-10-24,312.96
2011-10-25,309.76
2011-10-26,307.09
2011-10-27,307.76
2011-10-28,306.15
2011-10-31,300.71
2011-11-01,300.9
2011-11-02,303.27
2011-11-03,306.62
2011-11-04,308.06
2011-11-07,302.92
2011-11-08,303.57
2011-11-09,303.92
2011-11-10,303.75
2011-11-11,308.82
2011-11-14,306.92
2011-11-15,305.08
2011-11-16,306.62
2011-11-17,308.88
2011-11-18,309.72
2011-11-21,309.39
2011-11-22,310.26
2011-11-23,312.17
2011-11-24,312.89
2011-11-25,315.03
2011-11-28,315.79
2011-11-29,314.43
2011-11-30,313.18
2011-12-01,310.54
2011-12-02,306.89
2011-12-05,307.05
2011-12-06,307.73
2011-12-07,307.98
2011-12-08,306.78
2011-12-09,307.9
2011-12-12,311.0
2011-12-13,311.73
2011-12-14,314.57
2011-12-15,315.41
2011-12-16,316.2
2011-12-19,314.87
2011-12-20,318.4
2011-12-21,317.75
2011-12-22,313.31
2011-12-23,314.77
2011-12-26,312.92
2011-12-27,313.09
2011-12-28,314.83
2011-12-29,315.11
2011-12-30,313.99
2012-01-02,314.0
2012-01-03,314.59
2012-01-04,313.35
2012-01-05,312.39
2012-01-06,313.18
2012-01-09,315.37
2012-01-10,316.99
2012-01-11,314.78
2012-01-12,315.65
2012-01-13,315.49
2012-01-16,313.28
2012-01-17,314.18
2012-01-18,312.28
2012-01-19,311.22
2012-01-20,309.39
2012-01-25,308.93
2012-01-26,306.64
2012-01-27,305.35
2012-01-30,305.98
2012-01-31,306.28
2012-02-01,306.5
2012-02-02,306.67
2012-02-03,304.52
2012-02-06,304.64
2012-02-07,304.9
2012-02-08,305.34
2012-02-09,304.03
2012-02-10,304.41
2012-02-13,305.25
2012-02-14,305.8
2012-02-15,305.9
2012-02-16,305.77
2012-02-17,307.04
2012-02-20,306.13
2012-02-21,305.66
2012-02-22,306.1
2012-02-23,306.64
2012-02-24,307.19
2012-02-27,306.21
2012-02-28,307.21
2012-02-29,306.7
2012-03-02,304.96
2012-03-05,303.44
2012-03-06,304.49
2012-03-07,305.01
2012-03-08,306.67
2012-03-09,304.87
2012-03-12,303.87
2012-03-13,305.5
2012-03-14,305.34
2012-03-15,305.96
2012-03-16,307.41
2012-03-19,306.13
2012-03-20,305.74
2012-03-21,305.77
2012-03-22,306.94
2012-03-23,307.73
2012-03-26,308.68
2012-03-27,309.86
2012-03-28,309.5
2012-03-29,309.61
2012-03-30,309.77
2012-04-02,308.79
2012-04-03,307.13
2012-04-04,305.85
2012-04-05,307.05
2012-04-06,307.51
2012-04-09,307.84
2012-04-10,309.72
2012-04-12,309.8
2012-04-13,311.0
2012-04-16,308.77
2012-04-17,309.75
2012-04-18,310.07
2012-04-19,309.45
2012-04-20,310.51
2012-04-23,310.43
2012-04-24,310.07
2012-04-25,310.7
2012-04-26,310.21
2012-04-27,309.77
2012-04-30,308.79
2012-05-02,308.09
2012-05-03,306.81
2012-05-04,307.65
2012-05-07,308.06
2012-05-08,310.07
2012-05-09,309.2
2012-05-10,310.37
2012-05-11,311.05
2012-05-14,311.79
2012-05-15,312.74
2012-05-16,314.21
2012-05-17,316.34
2012-05-18,316.69
2012-05-21,319.38
2012-05-22,317.64
2012-05-23,316.88
2012-05-24,319.0
2012-05-25,320.5
2012-05-29,321.37
2012-05-30,320.88
2012-05-31,320.66
2012-06-01,321.7
2012-06-04,321.34
2012-06-05,321.76
2012-06-07,321.76
2012-06-08,318.73
2012-06-11,319.36
2012-06-12,317.72
2012-06-13,318.68
2012-06-14,317.94
2012-06-15,317.67
2012-06-18,316.91
2012-06-19,315.38
2012-06-20,315.33
2012-06-21,313.83
2012-06-22,313.12
2012-06-25,315.06
2012-06-26,316.04
2012-06-27,315.79
2012-06-28,315.03
2012-06-29,314.13
2012-07-02,313.61
2012-07-03,311.38
2012-07-04,310.81
2012-07-05,309.09
2012-07-06,309.42
2012-07-09,309.94
2012-07-10,311.03
2012-07-11,311.22
2012-07-12,311.49
2012-07-13,311.95
2012-07-16,313.48
2012-07-17,312.44
2012-07-18,311.33
2012-07-19,310.43
2012-07-20,309.99
2012-07-23,310.56
2012-07-24,312.26
2012-07-25,312.58
2012-07-26,313.34
2012-07-27,312.33
2012-07-30,310.35
2012-07-31,309.34
2012-08-01,308.52
2012-08-02,307.0
2012-08-03,307.76
2012-08-06,309.18
2012-08-07,306.7
2012-08-08,306.92
2012-08-09,307.11
2012-08-10,306.62
2012-08-13,307.13
2012-08-14,307.98
2012-08-16,307.46
2012-08-17,308.49
2012-08-20,308.55
2012-08-21,309.15
2012-08-22,308.33
2012-08-23,308.6
2012-08-24,307.87
2012-08-27,308.66
2012-08-28,309.18
2012-08-29,309.61
2012-08-30,308.74
2012-08-31,308.9
2012-09-03,308.85
2012-09-04,308.14
2012-09-05,308.14
2012-09-06,309.02
2012-09-07,308.89
2012-09-10,307.78
2012-09-11,307.26
2012-09-12,307.46
2012-09-13,306.62
2012-09-14,307.05
2012-09-17,305.04
2012-09-18,303.57
2012-09-19,304.3
2012-09-20,304.14
2012-09-21,304.44
2012-09-24,304.76
2012-09-25,304.87
2012-09-26,304.55
2012-09-27,305.12
2012-09-28,304.55
2012-10-02,302.99
2012-10-04,302.94
2012-10-05,303.1
2012-10-08,302.37
2012-10-09,302.56
2012-10-10,302.37
2012-10-11,303.38
2012-10-12,303.68
2012-10-15,302.5
2012-10-16,302.78
2012-10-17,301.42
2012-10-18,300.85
2012-10-19,300.79
2012-10-22,300.93
2012-10-23,300.87
2012-10-24,300.11
2012-10-25,300.49
2012-10-26,299.86
2012-10-29,298.53
2012-10-30,298.37
2012-10-31,297.88
2012-11-01,296.92
2012-11-02,297.01
2012-11-05,297.09
2012-11-06,297.22
2012-11-07,297.17
2012-11-08,295.97
2012-11-09,296.27
2012-11-12,296.66
2012-11-13,296.32
2012-11-14,296.84
2012-11-15,296.02
2012-11-16,295.86
2012-11-19,296.57
2012-11-20,295.92
2012-11-21,294.85
2012-11-22,294.91
2012-11-23,295.15
2012-11-26,295.75
2012-11-27,295.37
2012-11-28,295.15
2012-11-29,295.51
2012-11-30,295.32
2012-12-03,294.91
2012-12-04,294.99
2012-12-05,295.04
2012-12-06,294.72
2012-12-07,294.77
2012-12-10,294.74
2012-12-11,293.87
2012-12-12,293.29
2012-12-13,292.87
2012-12-14,291.93
2012-12-17,292.38
2012-12-18,292.1
2012-12-20,291.8
2012-12-21,292.23
2012-12-24,292.79
2012-12-26,292.63
2012-12-27,292.34
2012-12-28,292.0
2012-12-31,291.61
2013-01-02,291.61
2013-01-03,289.87
2013-01-04,289.63
2013-01-07,289.71
2013-01-08,289.51
2013-01-09,289.46
2013-01-10,289.16
2013-01-11,288.86
2013-01-14,287.63
2013-01-15,287.52
2013-01-16,287.33
2013-01-17,288.29
2013-01-18,288.1
2013-01-21,287.53
2013-01-22,288.59
2013-01-23,289.79
2013-01-24,290.06
2013-01-25,290.88
2013-01-29,294.72
2013-01-30,296.21
2013-01-31,294.77
2013-02-01,296.46
2013-02-04,297.55
2013-02-05,296.49
2013-02-06,295.89
2013-02-07,296.43
2013-02-08,296.57
2013-02-12,297.79
2013-02-13,297.9
2013-02-14,295.77
2013-02-15,295.32
2013-02-18,293.77
2013-02-19,294.75
2013-02-20,294.42
2013-02-21,293.43
2013-02-22,295.15
2013-02-25,295.78
2013-02-26,296.04
2013-02-27,296.22
2013-02-28,295.5
2013-03-04,294.55
2013-03-05,297.14
2013-03-06,295.94
2013-03-07,295.02
2013-03-08,295.78
2013-03-11,296.83
2013-03-12,299.02
2013-03-13,298.11
2013-03-14,298.8
2013-03-15,300.84
2013-03-18,302.18
2013-03-19,303.51
2013-03-20,302.26
2013-03-21,304.25
2013-03-22,303.89
2013-03-25,304.17
2013-03-26,302.89
2013-03-27,301.63
2013-03-28,301.99
2013-03-29,302.78
2013-04-01,302.89
2013-04-02,303.7
2013-04-03,302.97
2013-04-04,305.09
2013-04-05,305.96
2013-04-08,306.86
2013-04-09,309.93
2013-04-10,310.09
2013-04-11,309.93
2013-04-12,307.39
2013-04-15,307.97
2013-04-16,306.23
2013-04-17,304.84
2013-04-18,303.67
2013-04-19,305.49
2013-04-22,304.54
2013-04-23,305.39
2013-04-24,304.98
2013-04-25,304.7
2013-04-26,303.27
2013-04-29,301.98
2013-04-30,301.69
2013-05-02,300.08
2013-05-03,299.4
2013-05-06,299.45
2013-05-07,297.85
2013-05-08,297.85
2013-05-09,296.13
2013-05-10,295.94
2013-05-13,300.19
2013-05-14,303.45
2013-05-15,302.04
2013-05-16,303.19
2013-05-20,303.38
2013-05-21,304.41
2013-05-22,302.99
2013-05-23,302.86
2013-05-24,305.94
2013-05-27,307.11
2013-05-28,306.32
2013-05-29,306.43
2013-05-30,307.92
2013-05-31,307.19
2013-06-03,306.72
2013-06-04,307.13
2013-06-05,305.42
2013-06-07,304.71
2013-06-10,302.59
2013-06-11,305.91
2013-06-12,308.67
2013-06-13,307.99
2013-06-14,308.97
2013-06-17,307.15
2013-06-18,307.1
2013-06-19,307.63
2013-06-20,308.47
2013-06-21,311.63
2013-06-24,314.62
2013-06-25,315.02
2013-06-26,315.57
2013-06-27,314.02
2013-06-28,313.01
2013-07-01,311.82
2013-07-02,309.52
2013-07-03,308.44
2013-07-04,310.54
2013-07-05,310.43
2013-07-08,310.83
2013-07-09,313.48
2013-07-10,311.65
2013-07-11,310.05
2013-07-12,306.25
2013-07-15,305.55
2013-07-16,305.63
2013-07-17,304.65
2013-07-18,304.4
2013-07-19,305.55
2013-07-22,305.88
2013-07-23,304.51
2013-07-24,303.97
2013-07-25,303.32
2013-07-26,304.19
2013-07-29,302.69
2013-07-30,302.03
2013-07-31,303.18
2013-08-01,304.82
2013-08-02,305.31
2013-08-05,306.4
2013-08-06,303.92
2013-08-07,303.34
2013-08-08,304.19
2013-08-09,303.19
2013-08-12,302.7
2013-08-13,303.02
2013-08-14,303.97
2013-08-16,304.79
2013-08-19,303.57
2013-08-20,303.21
2013-08-21,305.45
2013-08-22,304.41
2013-08-23,306.1
2013-08-26,304.44
2013-08-27,303.01
2013-08-28,303.78
2013-08-29,304.11
2013-08-30,302.44
2013-09-02,302.09
2013-09-03,300.6
2013-09-04,298.36
2013-09-05,299.42
2013-09-06,297.79
2013-09-09,298.23
2013-09-10,296.26
2013-09-11,295.37
2013-09-12,295.97
2013-09-13,294.9
2013-09-16,295.48
2013-09-17,294.64
2013-09-23,295.45
2013-09-24,292.92
2013-09-25,292.65
2013-09-26,293.17
2013-09-27,292.51
2013-09-30,292.84
2013-10-01,292.73
2013-10-02,292.54
2013-10-04,292.56
2013-10-07,291.75
2013-10-08,291.45
2013-10-10,292.3
2013-10-11,292.87
2013-10-14,291.45
2013-10-15,291.94
2013-10-16,290.74
2013-10-17,290.53
2013-10-18,289.79
2013-10-21,288.97
2013-10-22,289.14
2013-10-23,289.06
2013-10-24,287.64
2013-10-25,287.83
2013-10-28,289.22
2013-10-29,288.97
2013-10-30,288.84
2013-10-31,288.97
2013-11-01,288.57
2013-11-04,289.3
2013-11-05,289.16
2013-11-06,289.14
2013-11-07,289.14
2013-11-08,288.78
2013-11-11,289.55
2013-11-12,290.91
2013-11-13,291.56
2013-11-14,292.1
2013-11-15,290.58
2013-11-18,290.42
2013-11-19,288.78
2013-11-20,287.45
2013-11-21,287.59
2013-11-22,289.11
2013-11-25,289.03
2013-11-26,288.76
2013-11-27,288.67
2013-11-28,288.83
2013-11-29,289.16
2013-12-02,288.29
2013-12-03,287.97
2013-12-04,288.95
2013-12-05,288.92
2013-12-06,288.78
2013-12-09,288.1
2013-12-10,286.71
2013-12-11,286.55
2013-12-12,286.39
2013-12-13,286.82
2013-12-16,286.71
2013-12-17,286.58
2013-12-18,286.28
2013-12-19,286.44
2013-12-20,288.08
2013-12-23,289.11
2013-12-24,288.86
2013-12-26,288.7
2013-12-27,288.43
2013-12-30,287.39
2013-12-31,287.31
2014-01-02,287.31
2014-01-03,285.98
2014-01-06,286.99
2014-01-07,289.19
2014-01-08,290.74
2014-01-09,290.23
2014-01-10,289.9
2014-01-13,289.35
2014-01-14,287.64
2014-01-15,288.16
2014-01-16,289.27
2014-01-17,289.74
2014-01-20,288.86
2014-01-21,289.65
2014-01-22,289.74
2014-01-23,290.88
2014-01-24,291.83
2014-01-27,293.3
2014-01-28,295.15
2014-01-29,293.81
2014-02-03,291.62
2014-02-04,294.64
2014-02-05,295.7
2014-02-06,293.9
2014-02-07,293.06
2014-02-10,292.7
2014-02-11,291.83
2014-02-12,291.86
2014-02-13,289.87
2014-02-14,289.65
2014-02-17,289.11
2014-02-18,288.72
2014-02-19,289.7
2014-02-20,290.53
2014-02-21,291.83
2014-02-24,292.16
2014-02-25,293.04
2014-02-26,291.49
2014-02-27,291.29
2014-02-28,290.69
2014-03-03,290.28
2014-03-04,291.83
2014-03-05,291.86
2014-03-06,291.48
2014-03-07,290.61
2014-03-10,289.3
2014-03-11,290.2
2014-03-12,289.9
2014-03-13,291.1
2014-03-14,290.61
2014-03-17,291.86
2014-03-18,291.29
2014-03-19,290.74
2014-03-20,291.51
2014-03-21,292.76
2014-03-24,294.12
2014-03-25,293.95
2014-03-26,293.55
2014-03-27,292.68
2014-03-28,292.08
2014-03-31,290.99
2014-04-01,290.25
2014-04-02,288.72
2014-04-03,287.77
2014-04-04,288.07
2014-04-07,287.53
2014-04-08,286.8
2014-04-09,286.85
2014-04-10,284.01
2014-04-11,282.06
2014-04-14,282.47
2014-04-15,282.84
2014-04-16,283.47
2014-04-17,283.5
2014-04-18,282.36
2014-04-21,282.38
2014-04-22,282.58
2014-04-23,283.03
2014-04-24,283.02
2014-04-25,282.68
2014-04-28,282.84
2014-04-29,282.35
2014-04-30,280.88
2014-05-02,281.03
2014-05-07,280.75
2014-05-08,279.22
2014-05-09,278.65
2014-05-12,278.54
2014-05-13,279.06
2014-05-14,278.49
2014-05-15,278.95
2014-05-16,279.47
2014-05-19,279.28
2014-05-20,278.43
2014-05-21,278.81
2014-05-22,279.53
2014-05-23,279.12
2014-05-26,278.88
2014-05-27,278.77
2014-05-28,278.63
2014-05-29,278.41
2014-05-30,278.14
2014-06-02,277.81
2014-06-03,278.68
2014-06-05,278.88
2014-06-09,278.41
2014-06-10,277.0
2014-06-11,276.75
2014-06-12,276.75
2014-06-13,277.02
2014-06-16,277.16
2014-06-17,277.56
2014-06-18,278.28
2014-06-19,278.55
2014-06-20,277.24
2014-06-23,277.6
2014-06-24,277.27
2014-06-25,277.16
2014-06-26,277.87
2014-06-27,276.9
2014-06-30,276.19
2014-07-01,275.57
2014-07-02,275.47
2014-07-03,274.92
2014-07-04,274.87
2014-07-07,274.68
2014-07-08,274.95
2014-07-09,275.31
2014-07-10,275.58
2014-07-11,275.5
2014-07-14,277.16
2014-07-15,277.3
2014-07-16,278.71
2014-07-17,281.16
2014-07-18,280.31
2014-07-21,280.95
2014-07-22,279.74
2014-07-23,278.95
2014-07-24,278.46
2014-07-25,279.88
2014-07-28,280.26
2014-07-29,279.11
2014-07-30,278.98
2014-07-31,278.87
2014-08-01,279.39
2014-08-04,281.43
2014-08-05,280.88
2014-08-06,280.64
2014-08-07,281.59
2014-08-08,281.62
2014-08-11,282.44
2014-08-12,280.58
2014-08-13,279.96
2014-08-14,279.91
2014-08-18,279.04
2014-08-19,277.07
2014-08-20,277.15
2014-08-21,277.94
2014-08-22,278.76
2014-08-25,277.56
2014-08-26,277.87
2014-08-27,277.15
2014-08-28,276.23
2014-08-29,275.96
2014-09-01,276.32
2014-09-02,276.15
2014-09-03,276.5
2014-09-04,277.4
2014-09-05,277.16
2014-09-11,278.95
2014-09-12,281.62
2014-09-15,282.62
2014-09-16,282.85
2014-09-17,281.84
2014-09-18,281.49
2014-09-19,283.56
2014-09-22,284.49
2014-09-23,283.34
2014-09-24,283.72
2014-09-25,283.1
2014-09-26,283.87
2014-09-29,283.9
2014-09-30,286.05
2014-10-01,287.15
2014-10-02,289.17
2014-10-06,288.9
2014-10-07,291.23
2014-10-08,290.36
2014-10-10,291.94
2014-10-13,291.58
2014-10-14,291.07
2014-10-15,289.54
2014-10-16,290.16
2014-10-17,288.56
2014-10-20,289.32
2014-10-21,288.7
2014-10-22,287.09
2014-10-23,286.87
2014-10-24,287.34
2014-10-27,288.41
2014-10-28,286.58
2014-10-29,286.04
2014-10-30,285.06
2014-10-31,286.96
2014-11-03,288.27
2014-11-04,292.7
2014-11-05,294.01
2014-11-06,293.68
2014-11-07,296.51
2014-11-10,297.44
2014-11-11,295.45
2014-11-12,296.73
2014-11-13,299.07
2014-11-14,298.8
2014-11-17,299.37
2014-11-18,298.66
2014-11-19,299.18
2014-11-20,300.62
2014-11-21,303.05
2014-11-24,302.45
2014-11-25,302.8
2014-11-26,302.96
2014-11-27,301.39
2014-11-28,299.78
2014-12-01,300.84
2014-12-02,303.89
2014-12-03,301.33
2014-12-04,303.4
2014-12-05,303.78
2014-12-08,303.07
2014-12-09,304.46
2014-12-10,302.75
2014-12-11,300.7
2014-12-12,298.96
2014-12-15,300.54
2014-12-16,300.3
2014-12-17,297.41
2014-12-18,296.24
2014-12-19,300.35
2014-12-22,299.83
2014-12-23,298.74
2014-12-24,299.62
2014-12-26,300.65
2014-12-29,299.35
2014-12-30,298.99
2014-12-31,299.26
2015-01-02,299.26
2015-01-05,300.19
2015-01-06,301.85
2015-01-07,300.54
2015-01-08,299.4
2015-01-09,299.07
2015-01-12,297.36
2015-01-13,294.85
2015-01-14,294.44
2015-01-15,294.01
2015-01-16,295.15
2015-01-19,293.3
2015-01-20,293.98
2015-01-21,295.23
2015-01-22,295.88
2015-01-23,295.48
2015-01-26,295.15
2015-01-27,293.84
2015-01-28,294.61
2015-01-29,294.82
2015-01-30,296.97
2015-02-02,298.36
2015-02-03,299.81
2015-02-04,299.02
2015-02-05,296.54
2015-02-06,296.54
2015-02-09,296.29
2015-02-10,298.66
2015-02-11,296.97
2015-02-12,298.63
2015-02-13,301.52
2015-02-16,299.04
2015-02-17,299.12
2015-02-23,299.83
2015-02-24,302.15
2015-02-25,301.83
2015-02-26,300.17
2015-02-27,299.27
2015-03-02,299.35
2015-03-03,300.17
2015-03-04,299.49
2015-03-05,298.53
2015-03-06,299.51
2015-03-09,299.32
2015-03-10,302.28
2015-03-11,304.79
2015-03-12,306.72
2015-03-13,307.89
2015-03-16,306.45
2015-03-17,308.71
2015-03-18,307.67
2015-03-19,306.73
2015-03-20,303.29
2015-03-23,305.39
2015-03-24,303.82
2015-03-25,301.42
2015-03-26,300.22
2015-03-27,300.66
2015-03-30,300.67
2015-03-31,300.87
2015-04-01,302.05
2015-04-02,300.51
2015-04-03,298.93
2015-04-06,298.0
2015-04-07,295.67
2015-04-08,296.67
2015-04-09,297.68
2015-04-10,297.82
2015-04-13,298.0
2015-04-14,298.55
2015-04-15,298.61
2015-04-16,298.39
2015-04-17,296.48
2015-04-20,295.42
2015-04-21,294.77
2015-04-22,294.99
2015-04-23,294.52
2015-04-24,294.9
2015-04-27,293.76
2015-04-28,292.54
2015-04-29,291.56
2015-04-30,290.79
2015-05-04,291.17
2015-05-06,294.17
2015-05-07,294.31
2015-05-08,295.83
2015-05-11,297.11
2015-05-12,296.73
2015-05-13,298.44
2015-05-14,298.09
2015-05-15,297.74
2015-05-18,296.53
2015-05-19,295.53
2015-05-20,297.0
2015-05-21,298.17
2015-05-22,297.95
2015-05-26,296.97
2015-05-27,299.04
2015-05-28,301.38
2015-05-29,301.66
2015-06-01,301.55
2015-06-02,302.64
2015-06-03,303.43
2015-06-04,301.11
2015-06-05,302.19
2015-06-08,302.78
2015-06-09,305.33
2015-06-10,304.73
2015-06-11,304.19
2015-06-12,302.32
2015-06-15,302.72
2015-06-16,303.89
2015-06-17,304.19
2015-06-18,304.27
2015-06-19,302.18
2015-06-22,300.56
2015-06-23,299.46
2015-06-24,300.62
2015-06-25,301.77
2015-06-26,302.11
2015-06-29,303.61
2015-06-30,306.06
2015-07-01,304.47
2015-07-02,304.52
2015-07-03,305.81
2015-07-06,304.96
2015-07-07,306.65
2015-07-08,307.55
2015-07-09,309.2
2015-07-10,309.37
2015-07-13,307.65
2015-07-14,308.05
2015-07-15,310.21
2015-07-16,310.79
2015-07-17,312.66
2015-07-20,312.09
2015-07-21,313.61
2015-07-22,315.37
2015-07-23,313.8
2015-07-24,316.44
2015-07-27,317.07
2015-07-28,318.24
2015-07-29,317.5
2015-07-30,315.24
2015-07-31,317.53
2015-08-03,318.37
2015-08-04,317.23
2015-08-05,318.34
2015-08-06,319.1
2015-08-07,318.59
2015-08-10,316.98
2015-08-11,317.26
2015-08-12,318.65
2015-08-13,324.06
2015-08-17,319.68
2015-08-18,321.86
2015-08-19,322.54
2015-08-20,322.65
2015-08-21,322.65
2015-08-24,324.53
2015-08-25,326.19
2015-08-26,325.22
2015-08-27,323.68
2015-08-28,322.44
2015-08-31,320.25
2015-09-01,322.08
2015-09-02,320.07
2015-09-03,320.72
2015-09-04,323.34
2015-09-07,324.27
2015-09-08,327.26
2015-09-09,327.56
2015-09-10,324.55
2015-09-11,325.56
2015-09-14,322.29
2015-09-15,321.53
2015-09-16,321.93
2015-09-17,321.12
2015-09-18,318.45
2015-09-21,317.68
2015-09-22,319.41
2015-09-23,320.54
2015-09-24,323.33
2015-09-25,324.51
2015-09-30,325.22
2015-10-01,324.11
2015-10-02,320.98
2015-10-05,321.39
2015-10-06,319.1
2015-10-07,317.12
2015-10-08,317.26
2015-10-12,315.65
2015-10-13,312.38
2015-10-14,312.42
2015-10-15,313.17
2015-10-16,308.67
2015-10-19,307.34
2015-10-20,306.36
2015-10-21,307.67
2015-10-22,308.01
2015-10-23,309.89
2015-10-26,306.93
2015-10-27,308.78
2015-10-28,307.97
2015-10-29,308.45
2015-10-30,310.99
2015-11-02,310.0
2015-11-03,310.42
2015-11-04,308.6
2015-11-05,307.54
2015-11-06,309.58
2015-11-09,310.01
2015-11-10,314.22
2015-11-11,315.34
2015-11-12,314.41
2015-11-13,314.34
2015-11-16,316.19
2015-11-17,319.29
2015-11-18,318.31
2015-11-19,319.48
2015-11-20,316.96
2015-11-23,315.0
2015-11-24,315.25
2015-11-25,314.61
2015-11-26,311.77
2015-11-27,311.94
2015-11-30,313.2
2015-12-01,315.18
2015-12-02,315.32
2015-12-03,315.65
2015-12-04,317.85
2015-12-07,314.95
2015-12-08,317.57
2015-12-09,320.2
2015-12-10,320.76
2015-12-11,320.57
2015-12-14,321.2
2015-12-15,322.94
2015-12-16,322.07
2015-12-17,320.78
2015-12-18,320.97
2015-12-21,322.44
2015-12-22,320.76
2015-12-23,320.2
2015-12-24,318.98
2015-12-28,318.82
2015-12-29,317.2
2015-12-30,317.91
2015-12-31,319.09
2016-01-04,319.09
2016-01-05,322.44
2016-01-06,323.38
2016-01-07,325.05
2016-01-08,326.62
2016-01-11,325.66
2016-01-12,329.06
2016-01-13,329.03
2016-01-14,328.48
2016-01-15,330.16
2016-01-18,329.75
2016-01-19,330.1
2016-01-20,329.42
2016-01-21,329.88
2016-01-22,329.41
2016-01-25,327.62
2016-01-26,325.17
2016-01-27,327.08
2016-01-28,327.0
2016-01-29,329.0
2016-02-01,328.41
2016-02-02,327.94
2016-02-03,327.56
2016-02-04,331.27
2016-02-05,327.45
2016-02-11,325.37
2016-02-12,325.89
2016-02-15,328.48
2016-02-16,329.39
2016-02-17,331.22
2016-02-18,333.45
2016-02-19,333.7
2016-02-22,335.94
2016-02-23,335.76
2016-02-24,334.91
2016-02-25,336.17
2016-02-26,336.52
2016-02-29,336.35
2016-03-02,337.83
2016-03-03,335.61
2016-03-04,331.85
2016-03-07,329.03
2016-03-08,326.89
2016-03-09,328.13
2016-03-10,330.66
2016-03-11,329.11
2016-03-14,326.74
2016-03-15,323.03
2016-03-16,323.76
2016-03-17,324.73
2016-03-18,319.77
2016-03-21,316.19
2016-03-22,317.27
2016-03-23,315.69
2016-03-24,315.5
2016-03-25,317.76
2016-03-28,318.38
2016-03-29,318.44
2016-03-30,316.64
2016-03-31,314.05
2016-04-01,311.6
2016-04-04,312.8
2016-04-05,312.49
2016-04-06,314.45
2016-04-07,314.71
2016-04-08,314.32
2016-04-11,314.87
2016-04-12,312.87
2016-04-14,311.64
2016-04-15,314.02
2016-04-18,313.19
2016-04-19,313.4
2016-04-20,310.5
2016-04-21,308.27
2016-04-22,308.98
2016-04-25,310.66
2016-04-26,313.01
2016-04-27,313.01
2016-04-28,311.97
2016-04-29,311.44
2016-05-02,309.85
2016-05-03,310.6
2016-05-04,309.58
2016-05-09,314.04
2016-05-10,317.09
2016-05-11,319.62
2016-05-12,318.01
2016-05-13,316.93
2016-05-16,318.37
2016-05-17,320.89
2016-05-18,319.43
2016-05-19,321.5
2016-05-20,324.19
2016-05-23,323.54
2016-05-24,322.1
2016-05-25,323.6
2016-05-26,322.83
2016-05-27,321.53
2016-05-30,321.06
2016-05-31,324.14
2016-06-01,324.11
2016-06-02,324.58
2016-06-03,323.87
2016-06-07,323.02
2016-06-08,316.7
2016-06-09,314.87
2016-06-10,314.68
2016-06-13,316.67
2016-06-14,319.29
2016-06-15,319.23
2016-06-16,320.26
2016-06-17,318.57
2016-06-20,318.76
2016-06-21,316.68
2016-06-22,315.33
2016-06-23,314.66
2016-06-24,313.43
2016-06-27,318.14
2016-06-28,322.17
2016-06-29,320.16
2016-06-30,317.1
2016-07-01,313.81
2016-07-04,312.42
2016-07-05,312.57
2016-07-06,313.9
2016-07-07,317.38
2016-07-08,314.88
2016-07-11,315.58
2016-07-12,312.49
2016-07-13,312.9
2016-07-14,311.92
2016-07-15,310.85
2016-07-18,308.38
2016-07-19,309.36
2016-07-20,309.93
2016-07-21,310.58
2016-07-22,310.42
2016-07-25,309.0
2016-07-26,309.52
2016-07-27,309.93
2016-07-28,308.76
2016-07-29,306.47
2016-08-01,305.58
2016-08-02,302.49
2016-08-03,301.9
2016-08-04,303.29
2016-08-05,303.23
2016-08-08,302.55
2016-08-09,302.93
2016-08-10,301.45
2016-08-11,298.42
2016-08-12,299.11
2016-08-16,299.79
2016-08-17,298.13
2016-08-18,300.1
2016-08-19,301.23
2016-08-22,303.62
2016-08-23,306.36
2016-08-24,304.21
2016-08-25,305.36
2016-08-26,304.65
2016-08-29,303.26
2016-08-30,306.34
2016-08-31,304.51
2016-09-01,304.21
2016-09-02,304.73
2016-09-05,304.27
2016-09-06,301.71
2016-09-07,300.84
2016-09-08,297.62
2016-09-09,297.62
2016-09-12,299.34
2016-09-13,302.36
2016-09-19,302.83
2016-09-20,304.92
2016-09-21,304.78
2016-09-22,304.05
2016-09-23,300.32
2016-09-26,300.62
2016-09-27,301.35
2016-09-28,300.44
2016-09-29,298.3
2016-09-30,298.48
2016-10-04,300.02
2016-10-05,300.86
2016-10-06,303.23
2016-10-07,302.55
2016-10-10,303.75
2016-10-11,302.47
2016-10-12,304.16
2016-10-13,305.83
2016-10-14,307.79
2016-10-17,308.44
2016-10-18,310.46
2016-10-19,308.28
2016-10-20,305.69
2016-10-21,306.01
2016-10-24,308.88
2016-10-25,308.87
2016-10-26,309.42
2016-10-27,308.31
2016-10-28,310.44
2016-10-31,311.8
2016-11-01,311.63
2016-11-02,310.86
2016-11-03,312.73
2016-11-04,310.54
2016-11-07,311.29
2016-11-08,310.81
2016-11-09,309.69
2016-11-10,311.95
2016-11-11,313.37
2016-11-14,317.01
2016-11-15,318.49
2016-11-16,318.21
2016-11-17,317.77
2016-11-18,319.74
2016-11-21,321.88
2016-11-22,322.24
2016-11-23,320.04
2016-11-24,319.87
2016-11-25,321.92
2016-11-28,320.96
2016-11-29,318.62
2016-11-30,318.13
2016-12-01,318.0
2016-12-02,319.25
2016-12-05,318.69
2016-12-06,319.58
2016-12-07,318.4
2016-12-08,318.38
2016-12-09,315.57
2016-12-12,317.51
2016-12-13,318.6
2016-12-14,317.32
2016-12-15,318.08
2016-12-16,321.29
2016-12-19,322.18
2016-12-20,323.01
2016-12-21,324.31
2016-12-22,325.13
2016-12-23,326.16
2016-12-26,327.55
2016-12-27,326.58
2016-12-28,328.16
2016-12-29,328.78
2016-12-30,329.02
2017-01-02,329.03
2017-01-03,328.82
2017-01-04,328.39
2017-01-05,328.53
2017-01-06,324.42
2017-01-09,323.75
2017-01-10,328.21
2017-01-11,326.35
2017-01-12,325.72
2017-01-13,322.03
2017-01-16,320.63
2017-01-17,321.4
2017-01-18,321.51
2017-01-19,317.35
2017-01-20,320.47
2017-01-23,319.23
2017-01-24,317.64
2017-01-25,316.81
2017-01-26,317.51
2017-01-31,315.23
2017-02-01,317.33
2017-02-02,314.52
2017-02-03,312.88
2017-02-06,312.23
2017-02-07,309.75
2017-02-08,310.94
2017-02-09,311.85
2017-02-10,311.94
2017-02-13,313.49
2017-02-14,313.62
2017-02-15,311.61
2017-02-16,310.82
2017-02-17,310.09
2017-02-20,311.82
2017-02-21,312.45
2017-02-22,312.23
2017-02-23,310.63
2017-02-24,310.08
2017-02-27,307.96
2017-02-28,308.26
2017-03-02,308.33
2017-03-03,310.93
2017-03-06,313.86
2017-03-07,314.77
2017-03-08,313.44
2017-03-09,312.18
2017-03-10,314.76
2017-03-13,315.34
2017-03-14,312.46
2017-03-15,312.37
2017-03-16,312.08
2017-03-17,308.12
2017-03-20,308.04
2017-03-21,306.16
2017-03-22,304.26
2017-03-23,305.95
2017-03-24,304.94
2017-03-27,305.67
2017-03-28,303.36
2017-03-29,302.89
2017-03-30,303.3
2017-03-31,303.87
2017-04-03,304.74
2017-04-04,303.24
2017-04-05,304.64
2017-04-06,306.01
2017-04-07,307.93
2017-04-10,308.89
2017-04-11,310.81
2017-04-12,311.95
2017-04-13,311.78
2017-04-14,308.16
2017-04-17,310.04
2017-04-18,309.42
2017-04-19,309.8
2017-04-20,310.31
2017-04-21,310.75
2017-04-24,309.44
2017-04-25,308.1
2017-04-26,307.79
2017-04-27,306.32
2017-04-28,307.67
2017-05-02,308.57
2017-05-04,307.85
2017-05-08,308.21
2017-05-10,308.31
2017-05-11,308.88
2017-05-12,307.77
2017-05-15,306.78
2017-05-16,306.41
2017-05-17,304.29
2017-05-18,304.5
2017-05-19,306.34
2017-05-22,306.98
2017-05-23,304.14
2017-05-24,305.08
2017-05-25,306.72
2017-05-26,304.38
2017-05-29,304.79
2017-05-30,304.96
2017-05-31,305.98
2017-06-01,305.42
2017-06-02,305.05
2017-06-05,305.17
2017-06-07,304.5
2017-06-08,305.46
2017-06-09,306.29
2017-06-12,305.36
2017-06-13,306.55
2017-06-14,307.34
2017-06-15,306.45
2017-06-16,305.69
2017-06-19,308.46
2017-06-20,308.03
2017-06-21,309.56
2017-06-22,310.97
2017-06-23,310.59
2017-06-26,310.39
2017-06-27,309.07
2017-06-28,309.4
2017-06-29,310.83
2017-06-30,310.27
2017-07-03,311.47
2017-07-04,311.74
2017-07-05,312.91
2017-07-06,312.9
2017-07-07,314.05
2017-07-10,314.67
2017-07-11,313.06
2017-07-12,313.11
2017-07-13,311.91
2017-07-14,309.69
2017-07-17,309.28
2017-07-18,307.16
2017-07-19,306.64
2017-07-20,305.42
2017-07-21,306.27
2017-07-24,305.25
2017-07-25,303.87
2017-07-26,303.87
2017-07-27,305.01
2017-07-28,302.89
2017-07-31,304.68
2017-08-01,305.44
2017-08-02,304.38
2017-08-03,305.81
2017-08-04,306.99
2017-08-07,306.39
2017-08-08,306.91
2017-08-09,306.39
2017-08-10,308.93
2017-08-11,310.67
2017-08-14,312.08
2017-08-16,309.88
2017-08-17,310.26
2017-08-18,309.25
2017-08-21,310.91
2017-08-22,309.91
2017-08-23,309.17
2017-08-24,307.89
2017-08-25,306.91
2017-08-28,307.42
2017-08-29,305.03
2017-08-30,306.62
2017-08-31,305.69
2017-09-01,306.52
2017-09-04,305.66
2017-09-05,308.05
2017-09-06,308.0
2017-09-07,308.65
2017-09-08,307.54
2017-09-11,306.78
2017-09-12,307.51
2017-09-13,307.6
2017-09-14,306.97
2017-09-15,308.33
2017-09-18,308.6
2017-09-19,307.07
2017-09-20,307.65
2017-09-21,307.4
2017-09-22,308.41
2017-09-25,309.36
2017-09-26,307.85
2017-09-27,309.36
2017-09-28,310.2
2017-09-29,312.21
2017-10-10,311.92
2017-10-11,309.87
2017-10-12,309.05
2017-10-13,308.67
2017-10-16,307.86
2017-10-17,306.91
2017-10-18,308.03
2017-10-19,307.75
2017-10-20,308.27
2017-10-23,308.16
2017-10-24,308.16
2017-10-25,307.18
2017-10-26,307.19
2017-10-27,306.2
2017-10-30,307.64
2017-10-31,306.31
2017-11-01,305.28
2017-11-02,304.07
2017-11-03,303.12
2017-11-06,302.94
2017-11-07,304.03
2017-11-08,302.65
2017-11-09,303.38
2017-11-10,303.38
2017-11-13,304.17
2017-11-14,305.12
2017-11-15,304.54
2017-11-16,303.39
2017-11-17,300.6
2017-11-20,298.41
2017-11-21,299.19
2017-11-22,298.77
2017-11-23,297.11
2017-11-24,296.27
2017-11-27,295.41
2017-11-28,296.11
2017-11-29,296.3
2017-11-30,294.7
2017-12-01,295.44
2017-12-04,295.99
2017-12-05,296.3
2017-12-06,295.21
2017-12-07,297.3
2017-12-08,297.51
2017-12-11,297.68
2017-12-12,297.41
2017-12-13,296.81
2017-12-14,297.27
2017-12-15,295.87
2017-12-18,296.59
2017-12-19,296.52
2017-12-20,295.92
2017-12-21,294.85
2017-12-22,294.25
2017-12-26,293.85
2017-12-27,293.29
2017-12-28,292.73
2017-12-29,291.7
2018-01-02,291.7
2018-01-03,289.75
2018-01-04,290.06
2018-01-05,290.1
2018-01-08,289.17
2018-01-09,290.01
2018-01-10,290.53
2018-01-11,291.5
2018-01-12,291.64
2018-01-15,289.88
2018-01-16,288.94
2018-01-17,289.69
2018-01-18,290.18
2018-01-19,291.16
2018-01-22,290.58
2018-01-23,291.01
2018-01-24,291.23
2018-01-25,291.47
2018-01-26,289.08
2018-01-29,289.91
2018-01-30,289.9
2018-01-31,291.74
2018-02-01,291.59
2018-02-02,291.62
2018-02-05,293.14
2018-02-06,296.7
2018-02-07,297.94
2018-02-08,294.94
2018-02-09,296.15
2018-02-12,297.49
2018-02-13,294.96
2018-02-14,294.81
2018-02-19,294.01
2018-02-20,290.76
2018-02-21,291.39
2018-02-22,292.77
2018-02-23,294.82
2018-02-26,293.62
2018-02-27,292.33
2018-02-28,291.6
2018-03-02,294.55
2018-03-05,294.41
2018-03-06,294.18
2018-03-07,292.78
2018-03-08,290.95
2018-03-09,290.89
2018-03-12,291.1
2018-03-13,289.76
2018-03-14,290.16
2018-03-15,290.17
2018-03-16,290.16
2018-03-19,291.21
2018-03-20,291.64
2018-03-21,291.58
2018-03-22,291.7
2018-03-23,291.11
2018-03-26,294.26
2018-03-27,294.36
2018-03-28,291.91
2018-03-29,291.16
2018-03-30,290.37
2018-04-02,289.79
2018-04-03,288.08
2018-04-04,287.99
2018-04-05,287.93
2018-04-06,288.45
2018-04-09,290.22
2018-04-10,290.63
2018-04-11,290.68
2018-04-12,290.33
2018-04-13,290.95
2018-04-16,291.31
2018-04-17,292.16
2018-04-18,290.87
2018-04-19,290.36
2018-04-20,289.54
2018-04-23,290.57
2018-04-24,291.01
2018-04-25,293.19
2018-04-26,293.67
2018-04-27,293.94
2018-04-30,292.99
2018-05-02,290.62
2018-05-03,292.64
2018-05-04,293.08
2018-05-08,293.13
2018-05-09,293.54
2018-05-10,294.38
2018-05-11,292.75
2018-05-14,290.92
2018-05-15,290.39
2018-05-16,292.02
2018-05-17,293.67
2018-05-18,293.83
2018-05-21,294.03
2018-05-23,295.06
2018-05-24,293.71
2018-05-25,293.94
2018-05-28,293.69
2018-05-29,292.17
2018-05-30,292.96
2018-05-31,294.38
2018-06-01,293.05
2018-06-04,292.94
2018-06-05,291.55
2018-06-07,291.19
2018-06-08,290.73
2018-06-11,292.19
2018-06-12,292.26
2018-06-14,292.69
2018-06-15,294.71
2018-06-18,297.13
2018-06-19,300.67
2018-06-20,300.97
2018-06-21,301.66
2018-06-22,301.92
2018-06-25,301.9
2018-06-26,303.85
2018-06-27,303.61
2018-06-28,304.34
2018-06-29,305.38
2018-07-02,304.15
2018-07-03,304.21
2018-07-04,305.21
2018-07-05,303.64
2018-07-06,304.48
2018-07-09,304.32
2018-07-10,302.82
2018-07-11,303.23
2018-07-12,305.13
2018-07-13,307.04
2018-07-16,305.86
2018-07-17,307.28
2018-07-18,306.33
2018-07-19,307.34
2018-07-20,307.96
2018-07-23,308.94
2018-07-24,307.23
2018-07-25,309.05
2018-07-26,306.96
2018-07-27,304.81
2018-07-30,304.92
2018-07-31,304.02
2018-08-01,304.34
2018-08-02,304.72
2018-08-03,305.62
2018-08-06,307.12
2018-08-07,305.87
2018-08-08,306.47
2018-08-09,304.59
2018-08-10,304.34
2018-08-13,306.63
2018-08-14,308.65
2018-08-16,308.21
2018-08-17,307.83
2018-08-20,306.46
2018-08-21,305.38
2018-08-22,304.43
2018-08-23,304.56
2018-08-24,305.13
2018-08-27,305.41
2018-08-28,303.36
2018-08-29,302.19
2018-08-30,301.87
2018-08-31,301.87
2018-09-03,303.09
2018-09-04,303.15
2018-09-05,303.34
2018-09-06,304.26
2018-09-07,305.24
2018-09-10,305.77
2018-09-11,307.12
2018-09-12,306.77
2018-09-13,306.91
2018-09-14,305.24
2018-09-17,304.7
2018-09-18,306.6
2018-09-19,306.63
2018-09-20,305.73
2018-09-21,304.89
2018-09-27,303.99
2018-09-28,302.94
2018-10-01,302.25
2018-10-02,302.44
2018-10-04,303.94
2018-10-05,307.18
2018-10-08,307.84
2018-10-10,308.1
2018-10-11,308.32
2018-10-12,311.04
2018-10-15,308.54
2018-10-16,308.56
2018-10-17,307.12
2018-10-18,306.28
2018-10-19,308.37
2018-10-22,308.82
2018-10-23,307.88
2018-10-24,309.22
2018-10-25,308.24
2018-10-26,309.95
2018-10-29,310.52
2018-10-30,309.98
2018-10-31,310.52
2018-11-01,310.14
2018-11-02,310.03
2018-11-05,306.41
2018-11-06,305.65
2018-11-07,305.6
2018-11-08,305.16
2018-11-09,304.48
2018-11-12,306.47
2018-11-13,308.18
2018-11-14,309.19
2018-11-15,308.29
2018-11-16,307.72
2018-11-19,307.28
2018-11-20,306.93
2018-11-21,306.96
2018-11-22,307.99
2018-11-23,307.37
2018-11-26,307.77
2018-11-27,307.61
2018-11-28,307.56
2018-11-29,307.34
2018-11-30,305.41
2018-12-03,305.0
2018-12-04,303.2
2018-12-05,302.14
2018-12-06,303.17
2018-12-07,304.32
2018-12-10,304.45
2018-12-11,306.19
2018-12-12,307.47
2018-12-13,306.98
2018-12-14,306.02
2018-12-17,307.42
2018-12-18,308.07
2018-12-19,307.61
2018-12-20,306.3
2018-12-21,307.34
2018-12-24,305.99
2018-12-26,306.33
2018-12-27,306.44
2018-12-28,305.27
2018-12-31,304.4
2019-01-02,304.4
2019-01-03,304.64
2019-01-04,306.96
2019-01-07,306.33
2019-01-08,304.37
2019-01-09,305.38
2019-01-10,305.35
2019-01-11,304.62
2019-01-14,304.26
2019-01-15,305.3
2019-01-16,304.94
2019-01-17,305.46
2019-01-18,305.3
2019-01-21,305.29
2019-01-22,306.68
2019-01-23,307.69
2019-01-24,307.15
2019-01-25,307.09
2019-01-28,306.3
2019-01-29,304.07
2019-01-30,304.4
2019-01-31,304.15
2019-02-01,302.63
2019-02-07,304.04
2019-02-08,305.84
2019-02-11,306.16
2019-02-12,306.14
2019-02-13,306.17
2019-02-14,305.38
2019-02-15,306.28
2019-02-18,307.02
2019-02-19,306.19
2019-02-20,306.96
2019-02-21,305.62
2019-02-22,306.11
2019-02-25,306.47
2019-02-26,305.13
2019-02-27,304.47
2019-02-28,304.32
2019-03-04,304.9
2019-03-05,306.28
2019-03-06,306.49
2019-03-07,307.06
2019-03-08,307.18
2019-03-11,308.74
2019-03-12,308.86
2019-03-13,307.28
2019-03-14,308.05
2019-03-15,308.37
2019-03-18,309.31
2019-03-19,308.65
2019-03-20,307.88
2019-03-21,307.75
2019-03-22,306.49
2019-03-25,307.6
2019-03-26,308.97
2019-03-27,308.21
2019-03-28,308.92
2019-03-29,309.76
2019-04-01,309.34
2019-04-02,308.37
2019-04-03,309.22
2019-04-04,308.97
2019-04-05,309.14
2019-04-08,309.39
2019-04-09,310.74
2019-04-10,311.12
2019-04-11,310.69
2019-04-12,310.14
2019-04-15,310.5
2019-04-16,308.7
2019-04-17,309.19
2019-04-18,309.3
2019-04-19,309.33
2019-04-22,309.57
2019-04-23,310.58
2019-04-24,310.66
2019-04-25,312.24
2019-04-26,315.46
2019-04-29,315.74
2019-04-30,315.32
2019-05-02,316.84
2019-05-03,316.87
2019-05-07,318.36
2019-05-08,318.47
2019-05-09,318.5
2019-05-10,320.11
2019-05-13,320.75
2019-05-14,322.09
2019-05-15,323.16
2019-05-16,323.81
2019-05-17,323.93
2019-05-20,324.73
2019-05-21,324.77
2019-05-22,324.87
2019-05-23,325.22
2019-05-24,324.3
2019-05-27,323.9
2019-05-28,322.37
2019-05-29,323.32
2019-05-30,324.82
2019-05-31,323.97
2019-06-03,324.33
2019-06-04,322.07
2019-06-05,321.66
2019-06-07,321.2
2019-06-10,321.13
2019-06-11,322.34
2019-06-12,321.71
2019-06-13,321.71
2019-06-14,322.53
2019-06-17,322.35
2019-06-18,322.97
2019-06-19,322.62
2019-06-20,320.43
2019-06-21,317.9
2019-06-24,316.37
2019-06-25,315.23
2019-06-26,314.36
2019-06-27,315.32
2019-06-28,314.93
2019-07-01,314.84
2019-07-02,314.55
2019-07-03,317.11
2019-07-04,318.64
2019-07-05,318.31
2019-07-08,318.65
2019-07-09,320.84
2019-07-10,321.22
2019-07-11,321.63
2019-07-12,319.56
2019-07-15,320.52
2019-07-16,321.03
2019-07-17,320.84
2019-07-18,321.36
2019-07-19,321.11
2019-07-22,319.46
2019-07-23,320.61
2019-07-24,320.82
2019-07-25,320.76
2019-07-26,321.2
2019-07-29,322.42
2019-07-30,322.18
2019-07-31,321.79
2019-08-01,321.77
2019-08-02,323.56
2019-08-05,325.31
2019-08-06,329.91
2019-08-07,330.59
2019-08-08,330.64
2019-08-09,329.77
2019-08-12,329.35
2019-08-13,330.94
2019-08-14,331.84
2019-08-16,329.9
2019-08-19,330.34
2019-08-20,329.61
2019-08-21,329.47
2019-08-22,327.78
2019-08-23,328.08
2019-08-26,330.03
2019-08-27,331.65
2019-08-28,330.26
2019-08-29,330.37
2019-08-30,330.83
2019-09-02,329.33
2019-09-03,329.93
2019-09-04,330.83
2019-09-05,329.34
2019-09-06,326.59
2019-09-09,325.87
2019-09-10,324.63
2019-09-11,324.51
2019-09-16,324.37
2019-09-17,322.34
2019-09-18,323.51
2019-09-19,324.11
2019-09-20,325.36
2019-09-23,324.29
2019-09-24,324.82
2019-09-25,325.07
2019-09-26,326.23
2019-09-27,326.45
2019-09-30,327.06
2019-10-01,326.49
2019-10-02,326.21
2019-10-04,327.7
2019-10-07,325.89
2019-10-08,325.74
2019-10-10,325.25
2019-10-11,325.63
2019-10-14,323.79
2019-10-15,322.26
2019-10-16,322.37
2019-10-17,323.16
2019-10-18,323.05
2019-10-21,321.4
2019-10-22,320.0
2019-10-23,318.91
2019-10-24,319.55
2019-10-25,318.83
2019-10-28,319.7
2019-10-29,318.44
2019-10-30,317.6
2019-10-31,318.12
2019-11-01,316.29
2019-11-04,317.9
2019-11-05,315.93
2019-11-06,315.83
2019-11-07,315.12
2019-11-08,315.97
2019-11-11,314.74
2019-11-12,316.16
2019-11-13,316.76
2019-11-14,317.9
2019-11-15,318.64
2019-11-18,317.52
2019-11-19,317.03
2019-11-20,318.15
2019-11-21,318.55
2019-11-22,320.3
2019-11-25,320.65
2019-11-26,320.22
2019-11-27,319.73
2019-11-28,320.16
2019-11-29,321.06
2019-12-02,321.33
2019-12-03,321.36
2019-12-04,322.94
2019-12-05,324.98
2019-12-06,324.03
2019-12-09,323.89
2019-12-10,323.78
2019-12-11,324.52
2019-12-12,324.87
2019-12-13,323.59
2019-12-16,318.99
2019-12-17,319.32
2019-12-18,317.63
2019-12-19,317.25
2019-12-20,317.03
2019-12-23,316.53
2019-12-24,316.53
2019-12-26,316.81
2019-12-27,316.13
2019-12-30,316.05
2019-12-31,315.21
2020-01-02,315.21
2020-01-03,314.96
2020-01-06,316.54
2020-01-07,318.42
2020-01-08,317.25
2020-01-09,319.64
2020-01-10,315.81
2020-01-13,316.1
2020-01-14,314.63
2020-01-15,313.93
2020-01-16,315.48
