,EUR
2010-01-04,1673.46
2010-01-05,1665.97
2010-01-06,1643.96
2010-01-07,1639.52
2010-01-08,1621.38
2010-01-11,1633.47
2010-01-12,1625.56
2010-01-13,1628.85
2010-01-14,1634.41
2010-01-15,1627.16
2010-01-18,1612.58
2010-01-19,1623.75
2010-01-20,1605.39
2010-01-21,1597.34
2010-01-22,1602.27
2010-01-25,1628.14
2010-01-26,1625.8
2010-01-27,1619.91
2010-01-28,1626.81
2010-01-29,1614.59
2010-02-01,1605.43
2010-02-02,1626.98
2010-02-03,1620.2
2010-02-04,1600.58
2010-02-05,1583.54
2010-02-08,1599.94
2010-02-09,1601.24
2010-02-10,1609.09
2010-02-11,1591.19
2010-02-12,1584.01
2010-02-16,1570.32
2010-02-17,1586.74
2010-02-18,1554.47
2010-02-19,1546.66
2010-02-22,1575.07
2010-02-23,1563.22
2010-02-24,1552.37
2010-02-25,1565.76
2010-02-26,1569.23
2010-03-02,1574.04
2010-03-03,1569.06
2010-03-04,1571.53
2010-03-05,1552.77
2010-03-08,1558.12
2010-03-09,1544.38
2010-03-10,1543.54
2010-03-11,1546.42
2010-03-12,1547.89
2010-03-15,1556.79
2010-03-16,1550.89
2010-03-17,1560.54
2010-03-18,1551.26
2010-03-19,1539.93
2010-03-22,1531.68
2010-03-23,1541.26
2010-03-24,1529.43
2010-03-25,1514.3
2010-03-26,1515.46
2010-03-29,1534.62
2010-03-30,1535.4
2010-03-31,1518.21
2010-04-01,1530.74
2010-04-02,1532.63
2010-04-05,1517.47
2010-04-06,1518.04
2010-04-07,1505.35
2010-04-08,1495.81
2010-04-09,1500.54
2010-04-12,1528.22
2010-04-13,1512.73
2010-04-14,1525.02
2010-04-15,1523.54
2010-04-16,1504.89
2010-04-19,1501.93
2010-04-20,1507.06
2010-04-21,1497.91
2010-04-22,1486.15
2010-04-23,1468.03
2010-04-26,1483.74
2010-04-27,1480.8
2010-04-28,1458.38
2010-04-29,1478.63
2010-04-30,1479.32
2010-05-03,1476.52
2010-05-04,1472.47
2010-05-06,1428.86
2010-05-07,1435.87
2010-05-10,1492.46
2010-05-11,1447.24
2010-05-12,1428.05
2010-05-13,1437.48
2010-05-14,1417.77
2010-05-17,1401.25
2010-05-18,1423.86
2010-05-19,1400.08
2010-05-20,1443.85
2010-05-24,1477.96
2010-05-25,1496.09
2010-05-26,1549.3
2010-05-27,1524.9
2010-05-28,1524.79
2010-05-31,1474.21
2010-06-01,1476.05
2010-06-03,1478.61
2010-06-04,1465.88
2010-06-07,1435.98
2010-06-08,1472.01
2010-06-09,1476.38
2010-06-10,1489.46
2010-06-11,1527.3
2010-06-14,1512.84
2010-06-15,1496.28
2010-06-16,1507.36
2010-06-17,1491.1
2010-06-18,1505.77
2010-06-21,1496.22
2010-06-22,1449.69
2010-06-23,1451.7
2010-06-24,1463.45
2010-06-25,1461.94
2010-06-28,1491.18
2010-06-29,1473.25
2010-06-30,1475.42
2010-07-01,1503.86
2010-07-02,1540.05
2010-07-05,1533.03
2010-07-06,1533.35
2010-07-07,1549.88
2010-07-08,1543.19
2010-07-09,1537.01
2010-07-12,1515.7
2010-07-13,1507.41
2010-07-14,1531.23
2010-07-15,1527.72
2010-07-16,1556.77
2010-07-19,1550.68
2010-07-20,1573.25
2010-07-21,1562.25
2010-07-22,1536.88
2010-07-23,1556.84
2010-07-26,1543.13
2010-07-27,1552.24
2010-07-28,1537.91
2010-07-29,1542.03
2010-07-30,1552.38
2010-08-02,1547.43
2010-08-03,1546.25
2010-08-04,1545.31
2010-08-05,1538.77
2010-08-06,1540.15
2010-08-09,1547.7
2010-08-10,1532.91
2010-08-11,1538.54
2010-08-12,1512.65
2010-08-13,1531.99
2010-08-16,1516.31
2010-08-17,1529.62
2010-08-18,1517.81
2010-08-19,1508.93
2010-08-20,1502.41
2010-08-23,1499.0
2010-08-24,1493.8
2010-08-25,1502.06
2010-08-26,1514.21
2010-08-27,1517.25
2010-08-30,1524.12
2010-08-31,1505.94
2010-09-01,1517.72
2010-09-02,1524.62
2010-09-03,1514.75
2010-09-06,1518.18
2010-09-07,1506.28
2010-09-08,1491.79
2010-09-09,1497.6
2010-09-10,1483.76
2010-09-13,1483.43
2010-09-14,1495.07
2010-09-15,1508.66
2010-09-16,1509.74
2010-09-17,1520.94
2010-09-20,1517.44
2010-09-24,1547.57
2010-09-27,1559.46
2010-09-28,1542.95
2010-09-29,1559.09
2010-09-30,1555.98
2010-10-01,1554.45
2010-10-04,1563.03
2010-10-05,1537.66
2010-10-06,1564.78
2010-10-07,1559.4
2010-10-08,1555.2
2010-10-11,1567.97
2010-10-12,1547.0
2010-10-13,1568.16
2010-10-14,1563.77
2010-10-15,1564.32
2010-10-18,1557.57
2010-10-19,1558.49
2010-10-20,1542.42
2010-10-21,1579.8
2010-10-22,1567.45
2010-10-25,1574.18
2010-10-26,1556.04
2010-10-27,1548.63
2010-10-28,1551.23
2010-10-29,1569.3
2010-11-01,1571.07
2010-11-02,1553.63
2010-11-03,1564.43
2010-11-04,1568.3
2010-11-05,1573.55
2010-11-08,1554.46
2010-11-09,1549.44
2010-11-10,1535.23
2010-11-11,1533.83
2010-11-12,1512.96
2010-11-15,1533.04
2010-11-16,1533.0
2010-11-17,1522.11
2010-11-18,1540.96
2010-11-19,1554.03
2010-11-22,1554.45
2010-11-23,1534.86
2010-11-24,1517.56
2010-11-25,1533.03
2010-11-26,1527.6
2010-11-29,1523.67
2010-11-30,1518.26
2010-12-01,1499.18
2010-12-02,1514.95
2010-12-03,1518.0
2010-12-06,1533.83
2010-12-07,1508.03
2010-12-08,1504.8
2010-12-09,1512.74
2010-12-10,1507.36
2010-12-13,1506.85
2010-12-14,1530.8
2010-12-15,1526.34
2010-12-16,1521.89
2010-12-17,1531.55
2010-12-20,1515.14
2010-12-21,1528.81
2010-12-22,1510.07
2010-12-23,1514.63
2010-12-24,1510.31
2010-12-27,1510.33
2010-12-28,1514.65
2010-12-29,1503.97
2010-12-30,1515.37
2010-12-31,1513.6
2011-01-03,1519.24
2011-01-04,1504.87
2011-01-05,1494.01
2011-01-06,1478.76
2011-01-07,1460.65
2011-01-10,1447.23
2011-01-11,1451.18
2011-01-12,1461.13
2011-01-13,1470.28
2011-01-14,1485.45
2011-01-17,1490.74
2011-01-18,1480.77
2011-01-19,1494.61
2011-01-20,1497.37
2011-01-21,1506.22
2011-01-24,1526.48
2011-01-25,1529.1
2011-01-26,1529.1
2011-01-27,1532.16
2011-01-28,1529.43
2011-01-31,1514.0
2011-02-01,1537.43
2011-02-07,1515.81
2011-02-08,1503.42
2011-02-09,1504.91
2011-02-10,1516.39
2011-02-11,1512.76
2011-02-14,1515.02
2011-02-15,1515.8
2011-02-16,1514.36
2011-02-17,1520.45
2011-02-18,1518.81
2011-02-21,1524.36
2011-02-22,1527.01
2011-02-23,1538.43
2011-02-24,1547.86
2011-02-25,1556.25
2011-02-28,1549.45
2011-03-02,1555.6
2011-03-03,1564.75
2011-03-04,1566.93
2011-03-07,1561.9
2011-03-08,1561.04
2011-03-09,1554.08
2011-03-10,1550.74
2011-03-11,1543.22
2011-03-14,1567.61
2011-03-15,1581.04
2011-03-16,1581.9
2011-03-17,1577.14
2011-03-18,1594.23
2011-03-21,1599.53
2011-03-22,1600.8
2011-03-23,1591.08
2011-03-24,1584.59
2011-03-25,1592.02
2011-03-28,1562.92
2011-03-29,1568.63
2011-03-30,1573.76
2011-03-31,1563.48
2011-04-01,1558.07
2011-04-04,1557.12
2011-04-05,1546.44
2011-04-06,1549.83
2011-04-07,1555.63
2011-04-08,1555.89
2011-04-11,1569.6
2011-04-12,1564.95
2011-04-13,1579.96
2011-04-14,1578.12
2011-04-15,1578.1
2011-04-18,1568.53
2011-04-19,1551.31
2011-04-20,1566.69
2011-04-21,1572.29
2011-04-22,1571.82
2011-04-25,1574.99
2011-04-26,1576.72
2011-04-27,1593.79
2011-04-28,1596.04
2011-04-29,1591.24
2011-05-02,1586.61
2011-05-03,1581.37
2011-05-04,1586.63
2011-05-06,1562.95
2011-05-09,1558.28
2011-05-11,1556.68
2011-05-12,1527.54
2011-05-13,1542.04
2011-05-16,1533.01
2011-05-17,1547.02
2011-05-18,1557.37
2011-05-19,1549.36
2011-05-20,1553.51
2011-05-23,1529.1
2011-05-24,1531.38
2011-05-25,1543.39
2011-05-26,1544.08
2011-05-27,1540.99
2011-05-30,1545.76
2011-05-31,1549.69
2011-06-01,1553.27
2011-06-02,1543.77
2011-06-03,1564.74
2011-06-07,1570.94
2011-06-08,1586.97
2011-06-09,1578.12
2011-06-10,1571.9
2011-06-13,1550.01
2011-06-14,1564.94
2011-06-15,1565.06
2011-06-16,1535.09
2011-06-17,1546.18
2011-06-20,1553.77
2011-06-21,1551.79
2011-06-22,1553.92
2011-06-23,1539.67
2011-06-24,1536.77
2011-06-27,1527.17
2011-06-28,1555.39
2011-06-29,1553.03
2011-06-30,1560.5
2011-07-01,1550.31
2011-07-04,1551.35
2011-07-05,1547.51
2011-07-06,1537.71
2011-07-07,1526.11
2011-07-08,1528.44
2011-07-11,1503.72
2011-07-12,1487.34
2011-07-13,1489.32
2011-07-14,1512.35
2011-07-15,1496.66
2011-07-18,1493.33
2011-07-19,1498.79
2011-07-20,1500.96
2011-07-21,1505.65
2011-07-22,1520.69
2011-07-25,1512.41
2011-07-26,1515.69
2011-07-27,1527.13
2011-07-28,1509.5
2011-07-29,1507.85
2011-08-01,1513.62
2011-08-02,1496.48
2011-08-03,1489.9
2011-08-04,1519.51
2011-08-05,1488.78
2011-08-08,1531.92
2011-08-09,1522.28
2011-08-10,1569.44
2011-08-11,1527.58
2011-08-12,1544.46
2011-08-16,1557.53
2011-08-17,1540.05
2011-08-18,1548.34
2011-08-19,1534.68
2011-08-22,1556.51
2011-08-23,1555.76
2011-08-24,1560.05
2011-08-25,1554.89
2011-08-26,1559.79
2011-08-29,1571.01
2011-08-30,1562.3
2011-08-31,1547.27
2011-09-01,1538.33
2011-09-02,1516.53
2011-09-05,1503.83
2011-09-06,1503.15
2011-09-07,1500.95
2011-09-08,1509.28
2011-09-09,1492.16
2011-09-14,1472.34
2011-09-15,1513.22
2011-09-16,1537.32
2011-09-19,1516.84
2011-09-20,1526.89
2011-09-21,1574.19
2011-09-22,1558.18
2011-09-23,1587.33
2011-09-26,1604.24
2011-09-28,1602.09
2011-09-29,1587.78
2011-09-30,1601.35
2011-10-04,1554.33
2011-10-05,1598.51
2011-10-06,1591.32
2011-10-07,1593.13
2011-10-10,1578.77
2011-10-11,1599.68
2011-10-12,1588.67
2011-10-13,1616.62
2011-10-14,1591.15
2011-10-17,1610.84
2011-10-18,1574.76
2011-10-19,1575.48
2011-10-20,1566.04
2011-10-21,1570.46
2011-10-24,1591.66
2011-10-25,1584.13
2011-10-26,1568.74
2011-10-27,1567.7
2011-10-28,1594.26
2011-10-31,1562.65
2011-11-01,1529.6
2011-11-02,1521.2
2011-11-03,1545.43
2011-11-04,1563.51
2011-11-07,1536.11
2011-11-08,1534.85
2011-11-09,1543.45
2011-11-10,1509.54
2011-11-11,1543.67
2011-11-14,1553.87
2011-11-15,1526.2
2011-11-16,1523.47
2011-11-17,1526.07
2011-11-18,1532.46
2011-11-21,1535.73
2011-11-22,1536.64
2011-11-23,1549.46
2011-11-24,1533.26
2011-11-25,1544.09
2011-11-28,1545.33
2011-11-29,1538.04
2011-11-30,1532.89
2011-12-01,1532.91
2011-12-02,1517.27
2011-12-05,1513.09
2011-12-06,1513.64
2011-12-07,1516.54
2011-12-08,1511.55
2011-12-09,1509.69
2011-12-12,1526.91
2011-12-13,1508.48
2011-12-14,1506.47
2011-12-15,1504.49
2011-12-16,1512.43
2011-12-19,1508.13
2011-12-20,1520.17
2011-12-21,1526.92
2011-12-22,1501.23
2011-12-23,1509.25
2011-12-26,1499.05
2011-12-27,1501.38
2011-12-28,1510.78
2011-12-29,1497.44
2011-12-30,1494.1
2012-01-02,1493.18
2012-01-03,1494.87
2012-01-04,1502.21
2012-01-05,1484.28
2012-01-06,1470.72
2012-01-09,1469.66
2012-01-10,1486.75
2012-01-11,1476.53
2012-01-12,1473.42
2012-01-13,1484.77
2012-01-16,1454.3
2012-01-17,1461.02
2012-01-18,1461.34
2012-01-19,1469.86
2012-01-20,1473.85
2012-01-25,1478.91
2012-01-26,1476.19
2012-01-27,1470.03
2012-01-30,1484.48
2012-01-31,1478.19
2012-02-01,1473.22
2012-02-02,1483.19
2012-02-03,1470.21
2012-02-06,1469.23
2012-02-07,1469.76
2012-02-08,1487.0
2012-02-09,1476.89
2012-02-10,1485.45
2012-02-13,1486.71
2012-02-14,1478.81
2012-02-15,1475.23
2012-02-16,1466.26
2012-02-17,1480.91
2012-02-20,1485.95
2012-02-21,1485.67
2012-02-22,1487.73
2012-02-23,1492.12
2012-02-24,1508.82
2012-02-27,1514.13
2012-02-28,1512.11
2012-02-29,1516.33
2012-03-02,1491.75
2012-03-05,1470.36
2012-03-06,1477.91
2012-03-07,1469.22
2012-03-08,1481.38
2012-03-09,1486.53
2012-03-12,1463.99
2012-03-13,1476.29
2012-03-14,1466.75
2012-03-15,1464.26
2012-03-16,1476.86
2012-03-19,1482.02
2012-03-20,1486.12
2012-03-21,1486.54
2012-03-22,1489.46
2012-03-23,1491.71
2012-03-26,1505.74
2012-03-27,1520.05
2012-03-28,1514.73
2012-03-29,1514.64
2012-03-30,1513.44
2012-04-02,1515.92
2012-04-03,1503.7
2012-04-04,1485.81
2012-04-05,1482.27
2012-04-06,1475.24
2012-04-09,1477.99
2012-04-10,1492.02
2012-04-12,1492.98
2012-04-13,1505.78
2012-04-16,1482.55
2012-04-17,1494.14
2012-04-18,1495.03
2012-04-19,1491.22
2012-04-20,1498.96
2012-04-23,1505.01
2012-04-24,1498.11
2012-04-25,1505.98
2012-04-26,1506.86
2012-04-27,1499.79
2012-04-30,1501.68
2012-05-02,1497.79
2012-05-03,1482.44
2012-05-04,1486.18
2012-05-07,1469.59
2012-05-08,1486.78
2012-05-09,1475.56
2012-05-10,1474.93
2012-05-11,1477.48
2012-05-14,1476.85
2012-05-15,1473.72
2012-05-16,1469.86
2012-05-17,1478.05
2012-05-18,1476.62
2012-05-21,1495.59
2012-05-22,1494.6
2012-05-23,1475.19
2012-05-24,1475.76
2012-05-25,1475.68
2012-05-29,1479.93
2012-05-30,1470.89
2012-05-31,1456.64
2012-06-01,1460.93
2012-06-04,1465.7
2012-06-05,1477.72
2012-06-07,1477.72
2012-06-08,1471.57
2012-06-11,1483.26
2012-06-12,1455.6
2012-06-13,1464.47
2012-06-14,1467.28
2012-06-15,1473.55
2012-06-18,1480.72
2012-06-19,1458.31
2012-06-20,1469.0
2012-06-21,1462.55
2012-06-22,1443.2
2012-06-25,1451.3
2012-06-26,1451.64
2012-06-27,1448.95
2012-06-28,1443.37
2012-06-29,1435.04
2012-07-02,1458.08
2012-07-03,1438.6
2012-07-04,1438.99
2012-07-05,1421.91
2012-07-06,1407.95
2012-07-09,1397.84
2012-07-10,1407.49
2012-07-11,1400.35
2012-07-12,1400.95
2012-07-13,1398.68
2012-07-16,1410.58
2012-07-17,1408.11
2012-07-18,1405.08
2012-07-19,1399.94
2012-07-20,1397.8
2012-07-23,1382.93
2012-07-24,1389.64
2012-07-25,1385.58
2012-07-26,1397.94
2012-07-27,1408.76
2012-07-30,1402.87
2012-07-31,1393.09
2012-08-01,1393.33
2012-08-02,1379.84
2012-08-03,1376.43
2012-08-06,1406.89
2012-08-07,1395.9
2012-08-08,1396.67
2012-08-09,1395.67
2012-08-10,1385.28
2012-08-13,1385.81
2012-08-14,1395.05
2012-08-16,1387.23
2012-08-17,1400.28
2012-08-20,1398.21
2012-08-21,1402.8
2012-08-22,1411.6
2012-08-23,1421.64
2012-08-24,1420.28
2012-08-27,1419.39
2012-08-28,1419.95
2012-08-29,1428.78
2012-08-30,1421.24
2012-08-31,1419.55
2012-09-03,1426.34
2012-09-04,1424.14
2012-09-05,1421.54
2012-09-06,1429.7
2012-09-07,1432.89
2012-09-10,1446.76
2012-09-11,1440.26
2012-09-12,1451.72
2012-09-13,1452.63
2012-09-14,1465.52
2012-09-17,1468.9
2012-09-18,1462.1
2012-09-19,1457.7
2012-09-20,1457.76
2012-09-21,1450.75
2012-09-24,1452.37
2012-09-25,1448.24
2012-09-26,1442.77
2012-09-27,1443.01
2012-09-28,1444.28
2012-10-02,1434.86
2012-10-04,1437.83
2012-10-05,1449.41
2012-10-08,1445.5
2012-10-09,1441.13
2012-10-10,1429.73
2012-10-11,1432.71
2012-10-12,1442.16
2012-10-15,1438.6
2012-10-16,1440.56
2012-10-17,1449.53
2012-10-18,1448.66
2012-10-19,1444.53
2012-10-22,1439.43
2012-10-23,1443.98
2012-10-24,1430.68
2012-10-25,1430.95
2012-10-26,1424.83
2012-10-29,1417.61
2012-10-30,1413.98
2012-10-31,1418.34
2012-11-01,1413.47
2012-11-02,1412.33
2012-11-05,1399.63
2012-11-06,1396.88
2012-11-07,1398.32
2012-11-08,1388.12
2012-11-09,1386.69
2012-11-12,1386.03
2012-11-13,1382.98
2012-11-14,1385.06
2012-11-15,1384.84
2012-11-16,1389.02
2012-11-19,1387.93
2012-11-20,1389.55
2012-11-21,1387.59
2012-11-22,1391.1
2012-11-23,1396.43
2012-11-26,1409.31
2012-11-27,1409.07
2012-11-28,1402.72
2012-11-29,1405.48
2012-11-30,1407.34
2012-12-03,1407.89
2012-12-04,1414.78
2012-12-05,1418.83
2012-12-06,1414.99
2012-12-07,1403.61
2012-12-10,1397.04
2012-12-11,1396.58
2012-12-12,1401.24
2012-12-13,1405.51
2012-12-14,1402.14
2012-12-17,1415.45
2012-12-18,1412.15
2012-12-20,1415.1
2012-12-21,1421.72
2012-12-24,1417.16
2012-12-26,1416.69
2012-12-27,1419.72
2012-12-28,1419.56
2012-12-31,1416.26
2013-01-02,1412.94
2013-01-03,1403.75
2013-01-04,1387.41
2013-01-07,1391.04
2013-01-08,1395.61
2013-01-09,1390.72
2013-01-10,1386.78
2013-01-11,1407.68
2013-01-14,1411.33
2013-01-15,1412.53
2013-01-16,1403.47
2013-01-17,1407.33
2013-01-18,1415.5
2013-01-21,1406.46
2013-01-22,1411.5
2013-01-23,1417.99
2013-01-24,1417.94
2013-01-25,1429.15
2013-01-29,1455.8
2013-01-30,1467.55
2013-01-31,1469.28
2013-02-01,1479.38
2013-02-04,1491.64
2013-02-05,1470.64
2013-02-06,1475.82
2013-02-07,1472.0
2013-02-08,1459.12
2013-02-12,1466.73
2013-02-13,1471.86
2013-02-14,1460.83
2013-02-15,1449.16
2013-02-18,1440.52
2013-02-19,1445.54
2013-02-20,1447.83
2013-02-21,1432.02
2013-02-22,1430.09
2013-02-25,1432.74
2013-02-26,1420.96
2013-02-27,1421.53
2013-02-28,1425.78
2013-03-04,1408.47
2013-03-05,1421.28
2013-03-06,1418.26
2013-03-07,1406.46
2013-03-08,1423.46
2013-03-11,1415.97
2013-03-12,1431.69
2013-03-13,1426.46
2013-03-14,1422.41
2013-03-15,1437.88
2013-03-18,1432.99
2013-03-19,1442.83
2013-03-20,1427.88
2013-03-21,1445.21
2013-03-22,1440.07
2013-03-25,1449.4
2013-03-26,1430.68
2013-03-27,1425.04
2013-03-28,1417.39
2013-03-29,1425.21
2013-04-01,1424.83
2013-04-02,1433.03
2013-04-03,1427.05
2013-04-04,1439.19
2013-04-05,1452.9
2013-04-08,1464.44
2013-04-09,1481.78
2013-04-10,1490.02
2013-04-11,1486.9
2013-04-12,1480.18
2013-04-15,1482.02
2013-04-16,1468.01
2013-04-17,1476.02
2013-04-18,1453.79
2013-04-19,1464.71
2013-04-22,1461.04
2013-04-23,1465.39
2013-04-24,1456.71
2013-04-25,1456.58
2013-04-26,1448.74
2013-04-29,1446.45
2013-04-30,1451.28
2013-05-02,1452.75
2013-05-03,1436.92
2013-05-06,1442.46
2013-05-07,1430.3
2013-05-08,1430.68
2013-05-09,1431.14
2013-05-10,1417.12
2013-05-13,1430.24
2013-05-14,1446.64
2013-05-15,1434.73
2013-05-16,1433.87
2013-05-20,1429.7
2013-05-21,1441.4
2013-05-22,1437.2
2013-05-23,1428.82
2013-05-24,1452.83
2013-05-27,1459.35
2013-05-28,1455.2
2013-05-29,1446.1
2013-05-30,1463.4
2013-05-31,1471.42
2013-06-03,1463.96
2013-06-04,1473.98
2013-06-05,1467.54
2013-06-07,1482.32
2013-06-10,1468.1
2013-06-11,1489.28
2013-06-12,1509.46
2013-06-13,1509.02
2013-06-14,1516.38
2013-06-17,1505.86
2013-06-18,1507.23
2013-06-19,1512.77
2013-06-20,1505.08
2013-06-21,1515.34
2013-06-24,1514.47
2013-06-25,1519.21
2013-06-26,1515.87
2013-06-27,1501.03
2013-06-28,1498.23
2013-07-01,1490.26
2013-07-02,1485.93
2013-07-03,1470.11
2013-07-04,1483.86
2013-07-05,1471.2
2013-07-08,1464.17
2013-07-09,1481.45
2013-07-10,1463.1
2013-07-11,1496.44
2013-07-12,1473.28
2013-07-15,1465.78
2013-07-16,1466.23
2013-07-17,1471.26
2013-07-18,1466.78
2013-07-19,1471.34
2013-07-22,1476.9
2013-07-23,1474.69
2013-07-24,1476.29
2013-07-25,1470.11
2013-07-26,1483.77
2013-07-29,1477.28
2013-07-30,1471.12
2013-07-31,1476.74
2013-08-01,1488.84
2013-08-02,1481.37
2013-08-05,1494.08
2013-08-06,1479.99
2013-08-07,1482.89
2013-08-08,1490.09
2013-08-09,1490.16
2013-08-12,1482.92
2013-08-13,1479.29
2013-08-14,1480.93
2013-08-16,1494.25
2013-08-19,1485.63
2013-08-20,1485.29
2013-08-21,1505.7
2013-08-22,1492.66
2013-08-23,1502.74
2013-08-26,1496.1
2013-08-27,1488.64
2013-08-28,1494.39
2013-08-29,1490.19
2013-08-30,1470.61
2013-09-02,1465.12
2013-09-03,1455.98
2013-09-04,1443.3
2013-09-05,1451.74
2013-09-06,1435.07
2013-09-09,1442.97
2013-09-10,1442.19
2013-09-11,1439.12
2013-09-12,1446.71
2013-09-13,1440.39
2013-09-16,1451.05
2013-09-17,1443.28
2013-09-23,1468.49
2013-09-24,1452.03
2013-09-25,1448.21
2013-09-26,1455.94
2013-09-27,1449.04
2013-09-30,1451.31
2013-10-01,1453.67
2013-10-02,1452.99
2013-10-04,1464.52
2013-10-07,1454.05
2013-10-08,1453.42
2013-10-10,1451.19
2013-10-11,1455.1
2013-10-14,1451.22
2013-10-15,1453.72
2013-10-16,1444.66
2013-10-17,1443.15
2013-10-18,1454.93
2013-10-21,1452.58
2013-10-22,1452.02
2013-10-23,1463.02
2013-10-24,1455.54
2013-10-25,1458.62
2013-10-28,1466.98
2013-10-29,1463.35
2013-10-30,1458.47
2013-10-31,1456.61
2013-11-01,1440.19
2013-11-04,1433.61
2013-11-05,1435.16
2013-11-06,1430.94
2013-11-07,1435.19
2013-11-08,1423.14
2013-11-11,1419.56
2013-11-12,1432.38
2013-11-13,1438.54
2013-11-14,1446.48
2013-11-15,1436.16
2013-11-18,1438.6
2013-11-19,1432.37
2013-11-20,1429.45
2013-11-21,1419.24
2013-11-22,1431.18
2013-11-25,1438.79
2013-11-26,1434.25
2013-11-27,1438.72
2013-11-28,1440.17
2013-11-29,1444.83
2013-12-02,1438.41
2013-12-03,1432.23
2013-12-04,1442.31
2013-12-05,1442.17
2013-12-06,1450.19
2013-12-09,1450.95
2013-12-10,1446.54
2013-12-11,1448.45
2013-12-12,1450.25
2013-12-13,1448.35
2013-12-16,1446.85
2013-12-17,1448.48
2013-12-18,1447.92
2013-12-19,1438.22
2013-12-20,1444.84
2013-12-23,1452.25
2013-12-24,1453.09
2013-12-26,1450.57
2013-12-27,1450.58
2013-12-30,1451.56
2013-12-31,1456.26
2014-01-02,1452.99
2014-01-03,1435.48
2014-01-06,1432.89
2014-01-07,1447.67
2014-01-08,1453.95
2014-01-09,1447.41
2014-01-10,1448.66
2014-01-13,1452.32
2014-01-14,1444.13
2014-01-15,1447.52
2014-01-16,1445.53
2014-01-17,1449.28
2014-01-20,1435.43
2014-01-21,1442.22
2014-01-22,1442.84
2014-01-23,1447.25
2014-01-24,1468.07
2014-01-27,1474.09
2014-01-28,1482.29
2014-01-29,1473.59
2014-02-03,1445.07
2014-02-04,1463.78
2014-02-05,1467.59
2014-02-06,1460.67
2014-02-07,1462.83
2014-02-10,1464.72
2014-02-11,1462.5
2014-02-12,1461.89
2014-02-13,1447.35
2014-02-14,1455.31
2014-02-17,1455.07
2014-02-18,1453.63
2014-02-19,1464.31
2014-02-20,1465.56
2014-02-21,1470.65
2014-02-24,1474.49
2014-02-25,1477.98
2014-02-26,1471.65
2014-02-27,1463.89
2014-02-28,1463.6
2014-03-03,1468.8
2014-03-04,1472.36
2014-03-05,1472.77
2014-03-06,1470.31
2014-03-07,1479.9
2014-03-10,1474.73
2014-03-11,1479.26
2014-03-12,1475.28
2014-03-13,1486.67
2014-03-14,1480.27
2014-03-17,1490.99
2014-03-18,1489.89
2014-03-19,1487.85
2014-03-20,1480.03
2014-03-21,1481.76
2014-03-24,1490.06
2014-03-25,1493.87
2014-03-26,1490.83
2014-03-27,1481.51
2014-03-28,1473.97
2014-03-31,1469.39
2014-04-01,1468.45
2014-04-02,1463.07
2014-04-03,1455.07
2014-04-04,1451.66
2014-04-07,1446.86
2014-04-08,1447.74
2014-04-09,1453.23
2014-04-10,1445.46
2014-04-11,1438.54
2014-04-14,1436.42
2014-04-15,1435.71
2014-04-16,1438.47
2014-04-17,1438.97
2014-04-18,1432.55
2014-04-21,1432.79
2014-04-22,1431.58
2014-04-23,1435.48
2014-04-24,1436.59
2014-04-25,1436.49
2014-04-28,1437.84
2014-04-29,1436.64
2014-04-30,1425.04
2014-05-02,1431.56
2014-05-07,1436.05
2014-05-08,1426.81
2014-05-09,1416.68
2014-05-12,1407.7
2014-05-13,1410.09
2014-05-14,1401.88
2014-05-15,1405.44
2014-05-16,1407.84
2014-05-19,1405.04
2014-05-20,1402.02
2014-05-21,1403.02
2014-05-22,1405.24
2014-05-23,1399.91
2014-05-26,1395.92
2014-05-27,1397.11
2014-05-28,1395.61
2014-05-29,1390.17
2014-05-30,1389.63
2014-06-02,1390.3
2014-06-03,1391.89
2014-06-05,1393.25
2014-06-09,1395.29
2014-06-10,1382.95
2014-06-11,1376.95
2014-06-12,1375.58
2014-06-13,1378.76
2014-06-16,1377.81
2014-06-17,1383.87
2014-06-18,1384.64
2014-06-19,1390.19
2014-06-20,1385.91
2014-06-23,1386.1
2014-06-24,1385.33
2014-06-25,1384.99
2014-06-26,1391.08
2014-06-27,1384.44
2014-06-30,1384.15
2014-07-01,1385.67
2014-07-02,1384.24
2014-07-03,1379.08
2014-07-04,1374.07
2014-07-07,1370.89
2014-07-08,1374.22
2014-07-09,1376.55
2014-07-10,1380.74
2014-07-11,1376.79
2014-07-14,1384.99
2014-07-15,1387.3
2014-07-16,1388.96
2014-07-17,1396.83
2014-07-18,1392.12
2014-07-21,1396.26
2014-07-22,1389.75
2014-07-23,1379.83
2014-07-24,1376.38
2014-07-25,1384.1
2014-07-28,1382.79
2014-07-29,1377.66
2014-07-30,1374.12
2014-07-31,1371.84
2014-08-01,1373.98
2014-08-04,1387.85
2014-08-05,1384.75
2014-08-06,1378.28
2014-08-07,1384.2
2014-08-08,1382.01
2014-08-11,1390.84
2014-08-12,1379.46
2014-08-13,1374.73
2014-08-14,1373.75
2014-08-18,1372.24
2014-08-19,1359.65
2014-08-20,1356.03
2014-08-21,1353.61
2014-08-22,1359.84
2014-08-25,1345.43
2014-08-26,1345.87
2014-08-27,1340.5
2014-08-28,1338.56
2014-08-29,1336.23
2014-09-01,1332.97
2014-09-02,1331.88
2014-09-03,1333.89
2014-09-04,1340.01
2014-09-05,1317.39
2014-09-11,1324.04
2014-09-12,1336.7
2014-09-15,1345.35
2014-09-16,1344.23
2014-09-17,1341.1
2014-09-18,1327.68
2014-09-19,1345.41
2014-09-22,1341.49
2014-09-23,1337.3
2014-09-24,1338.79
2014-09-25,1328.4
2014-09-26,1330.2
2014-09-29,1321.47
2014-09-30,1333.32
2014-10-01,1331.93
2014-10-02,1340.58
2014-10-06,1327.54
2014-10-07,1353.49
2014-10-08,1351.47
2014-10-10,1360.43
2014-10-13,1353.53
2014-10-14,1361.55
2014-10-15,1344.8
2014-10-16,1366.04
2014-10-17,1357.57
2014-10-20,1354.2
2014-10-21,1356.83
2014-10-22,1340.43
2014-10-23,1332.61
2014-10-24,1335.08
2014-10-27,1342.82
2014-10-28,1336.75
2014-10-29,1338.15
2014-10-30,1322.88
2014-10-31,1328.78
2014-11-03,1324.56
2014-11-04,1342.8
2014-11-05,1355.71
2014-11-06,1345.62
2014-11-07,1348.47
2014-11-10,1362.57
2014-11-11,1348.25
2014-11-12,1359.54
2014-11-13,1365.87
2014-11-14,1369.19
2014-11-17,1376.7
2014-11-18,1365.66
2014-11-19,1377.03
2014-11-20,1385.05
2014-11-21,1395.83
2014-11-24,1374.07
2014-11-25,1383.41
2014-11-26,1388.0
2014-11-27,1384.36
2014-11-28,1372.19
2014-12-01,1375.39
2014-12-02,1392.29
2014-12-03,1370.72
2014-12-04,1372.27
2014-12-05,1381.58
2014-12-08,1367.79
2014-12-09,1377.41
2014-12-10,1376.54
2014-12-11,1374.61
2014-12-12,1362.14
2014-12-15,1377.0
2014-12-16,1372.57
2014-12-17,1366.7
2014-12-18,1342.06
2014-12-19,1356.11
2014-12-22,1345.9
2014-12-23,1341.67
2014-12-24,1339.42
2014-12-26,1348.85
2014-12-29,1338.64
2014-12-30,1334.97
2014-12-31,1336.52
2015-01-02,1330.2
2015-01-05,1316.95
2015-01-06,1323.01
2015-01-07,1311.21
2015-01-08,1301.28
2015-01-09,1294.91
2015-01-12,1295.4
2015-01-13,1281.13
2015-01-14,1273.68
2015-01-15,1273.09
2015-01-16,1261.24
2015-01-19,1245.79
2015-01-20,1253.0
2015-01-21,1253.13
2015-01-22,1261.67
2015-01-23,1233.5
2015-01-26,1208.07
2015-01-27,1212.7
2015-01-28,1230.46
2015-01-29,1221.51
2015-01-30,1235.66
2015-02-02,1239.24
2015-02-03,1249.04
2015-02-04,1259.53
2015-02-05,1234.28
2015-02-06,1249.53
2015-02-09,1231.03
2015-02-10,1242.46
2015-02-11,1234.79
2015-02-12,1242.18
2015-02-13,1263.16
2015-02-16,1251.68
2015-02-17,1246.48
2015-02-23,1253.17
2015-02-24,1258.07
2015-02-25,1256.93
2015-02-26,1252.94
2015-02-27,1230.66
2015-03-02,1229.3
2015-03-03,1232.87
2015-03-04,1229.91
2015-03-05,1215.14
2015-03-06,1213.63
2015-03-09,1192.02
2015-03-10,1204.12
2015-03-11,1197.53
2015-03-12,1188.51
2015-03-13,1201.64
2015-03-16,1181.65
2015-03-17,1198.59
2015-03-18,1197.17
2015-03-19,1220.45
2015-03-20,1187.91
2015-03-23,1215.53
2015-03-24,1223.14
2015-03-25,1208.46
2015-03-26,1209.39
2015-03-27,1201.42
2015-03-30,1202.25
2015-03-31,1196.77
2015-04-01,1191.44
2015-04-02,1188.41
2015-04-03,1194.08
2015-04-06,1204.99
2015-04-07,1187.27
2015-04-08,1179.44
2015-04-09,1179.12
2015-04-10,1166.48
2015-04-13,1161.97
2015-04-14,1159.65
2015-04-15,1168.2
2015-04-16,1169.87
2015-04-17,1172.8
2015-04-20,1171.15
2015-04-21,1162.66
2015-04-22,1163.41
2015-04-23,1159.96
2015-04-24,1171.81
2015-04-27,1172.23
2015-04-28,1169.0
2015-04-29,1175.1
2015-04-30,1187.03
2015-05-04,1196.93
2015-05-06,1207.94
2015-05-07,1226.56
2015-05-08,1221.72
2015-05-11,1221.76
2015-05-12,1215.08
2015-05-13,1229.55
2015-05-14,1242.93
2015-05-15,1247.09
2015-05-18,1246.43
2015-05-19,1228.62
2015-05-20,1216.19
2015-05-21,1215.07
2015-05-22,1215.66
2015-05-26,1197.64
2015-05-27,1195.39
2015-05-28,1207.02
2015-05-29,1215.2
2015-06-01,1214.54
2015-06-02,1214.59
2015-06-03,1242.83
2015-06-04,1246.41
2015-06-05,1241.42
2015-06-08,1235.38
2015-06-09,1265.11
2015-06-10,1262.57
2015-06-11,1264.62
2015-06-12,1248.7
2015-06-15,1247.77
2015-06-16,1259.02
2015-06-17,1256.46
2015-06-18,1267.64
2015-06-19,1262.07
2015-06-22,1254.59
2015-06-23,1247.78
2015-06-24,1233.61
2015-06-25,1241.74
2015-06-26,1243.36
2015-06-29,1226.5
2015-06-30,1260.51
2015-07-01,1244.84
2015-07-02,1235.44
2015-07-03,1245.35
2015-07-06,1235.92
2015-07-07,1245.12
2015-07-08,1243.18
2015-07-09,1257.9
2015-07-10,1256.52
2015-07-13,1258.2
2015-07-14,1245.39
2015-07-15,1254.76
2015-07-16,1250.57
2015-07-17,1249.06
2015-07-20,1242.3
2015-07-21,1247.8
2015-07-22,1267.0
2015-07-23,1259.45
2015-07-24,1276.96
2015-07-27,1278.09
2015-07-28,1295.9
2015-07-29,1290.17
2015-07-30,1272.18
2015-07-31,1275.41
2015-08-03,1283.36
2015-08-04,1276.19
2015-08-05,1273.48
2015-08-06,1278.0
2015-08-07,1278.62
2015-08-10,1276.54
2015-08-11,1283.75
2015-08-12,1292.59
2015-08-13,1327.9
2015-08-17,1302.89
2015-08-18,1309.35
2015-08-19,1306.61
2015-08-20,1317.71
2015-08-21,1330.69
2015-08-24,1357.99
2015-08-25,1389.56
2015-08-26,1376.36
2015-08-27,1347.74
2015-08-28,1331.69
2015-08-31,1317.28
2015-09-01,1327.15
2015-09-02,1328.13
2015-09-03,1321.89
2015-09-04,1320.55
2015-09-07,1327.85
2015-09-08,1342.57
2015-09-09,1348.74
2015-09-10,1337.01
2015-09-11,1349.7
2015-09-14,1342.67
2015-09-15,1335.53
2015-09-16,1332.8
2015-09-17,1331.72
2015-09-18,1335.1
2015-09-21,1317.61
2015-09-22,1312.18
2015-09-23,1310.52
2015-09-24,1327.57
2015-09-25,1332.31
2015-09-30,1343.93
2015-10-01,1329.86
2015-10-02,1319.6
2015-10-05,1323.93
2015-10-06,1311.58
2015-10-07,1312.85
2015-10-08,1309.74
2015-10-12,1317.37
2015-10-13,1303.16
2015-10-14,1306.54
2015-10-15,1319.74
2015-10-16,1289.53
2015-10-19,1281.87
2015-10-20,1274.8
2015-10-21,1282.95
2015-10-22,1283.18
2015-10-23,1263.23
2015-10-26,1242.56
2015-10-27,1253.69
2015-10-28,1248.56
2015-10-29,1237.86
2015-10-30,1254.76
2015-11-02,1255.65
2015-11-03,1255.99
2015-11-04,1242.6
2015-11-05,1227.48
2015-11-06,1237.34
2015-11-09,1220.69
2015-11-10,1241.18
2015-11-11,1241.82
2015-11-12,1242.62
2015-11-13,1248.3
2015-11-16,1244.91
2015-11-17,1253.44
2015-11-18,1244.55
2015-11-19,1251.31
2015-11-20,1249.48
2015-11-23,1230.88
2015-11-24,1231.14
2015-11-25,1230.31
2015-11-26,1216.33
2015-11-27,1215.19
2015-11-30,1218.33
2015-12-01,1223.4
2015-12-02,1230.25
2015-12-03,1229.79
2015-12-04,1276.26
2015-12-07,1258.37
2015-12-08,1263.56
2015-12-09,1281.31
2015-12-10,1298.14
2015-12-11,1288.77
2015-12-14,1294.54
2015-12-15,1304.71
2015-12-16,1293.44
2015-12-17,1282.0
2015-12-18,1276.87
2015-12-21,1286.56
2015-12-22,1285.71
2015-12-23,1287.83
2015-12-24,1278.15
2015-12-28,1283.65
2015-12-29,1278.18
2015-12-30,1275.54
2015-12-31,1280.53
2016-01-04,1272.26
2016-01-05,1282.36
2016-01-06,1277.37
2016-01-07,1286.61
2016-01-08,1310.37
2016-01-11,1311.87
2016-01-12,1312.54
2016-01-13,1311.28
2016-01-14,1313.65
2016-01-15,1317.23
2016-01-18,1322.23
2016-01-19,1320.47
2016-01-20,1320.3
2016-01-21,1319.31
2016-01-22,1315.28
2016-01-25,1298.85
2016-01-26,1296.22
2016-01-27,1305.92
2016-01-28,1309.15
2016-01-29,1322.17
2016-02-01,1305.35
2016-02-02,1311.88
2016-02-03,1314.51
2016-02-04,1349.38
2016-02-05,1347.51
2016-02-11,1348.31
2016-02-12,1354.64
2016-02-15,1355.2
2016-02-16,1351.22
2016-02-17,1355.72
2016-02-18,1363.32
2016-02-19,1361.45
2016-02-22,1372.34
2016-02-23,1360.03
2016-02-24,1355.51
2016-02-25,1360.44
2016-02-26,1362.68
2016-02-29,1348.32
2016-03-02,1348.73
2016-03-03,1340.01
2016-03-04,1334.51
2016-03-07,1328.99
2016-03-08,1322.33
2016-03-09,1326.32
2016-03-10,1335.95
2016-03-11,1351.2
2016-03-14,1339.91
2016-03-15,1317.19
2016-03-16,1321.2
2016-03-17,1338.15
2016-03-18,1329.3
2016-03-21,1308.84
2016-03-22,1309.74
2016-03-23,1300.84
2016-03-24,1295.54
2016-03-25,1304.7
2016-03-28,1304.99
2016-03-29,1310.01
2016-03-30,1312.91
2016-03-31,1307.43
2016-04-01,1302.15
2016-04-04,1308.94
2016-04-05,1307.23
2016-04-06,1314.74
2016-04-07,1317.26
2016-04-08,1313.01
2016-04-11,1319.22
2016-04-12,1311.64
2016-04-14,1290.94
2016-04-15,1299.31
2016-04-18,1299.08
2016-04-19,1301.84
2016-04-20,1295.49
2016-04-21,1279.61
2016-04-22,1281.19
2016-04-25,1281.68
2016-04-26,1295.31
2016-04-27,1298.82
2016-04-28,1297.96
2016-04-29,1298.38
2016-05-02,1304.03
2016-05-03,1314.94
2016-05-04,1308.01
2016-05-09,1314.76
2016-05-10,1325.95
2016-05-11,1335.01
2016-05-12,1334.38
2016-05-13,1324.63
2016-05-16,1323.29
2016-05-17,1333.64
2016-05-18,1327.35
2016-05-19,1325.38
2016-05-20,1333.93
2016-05-23,1333.27
2016-05-24,1326.91
2016-05-25,1324.1
2016-05-26,1322.64
2016-05-27,1321.89
2016-05-30,1310.2
2016-05-31,1326.8
2016-06-01,1325.21
2016-06-02,1333.77
2016-06-03,1326.64
2016-06-07,1347.39
2016-06-08,1320.99
2016-06-09,1318.06
2016-06-10,1307.61
2016-06-13,1308.14
2016-06-14,1324.62
2016-06-15,1314.26
2016-06-16,1324.87
2016-06-17,1314.72
2016-06-20,1326.87
2016-06-21,1316.16
2016-06-22,1303.73
2016-06-23,1310.16
2016-06-24,1307.25
2016-06-27,1292.65
2016-06-28,1303.23
2016-06-29,1302.13
2016-06-30,1295.5
2016-07-01,1279.96
2016-07-04,1277.45
2016-07-05,1279.96
2016-07-06,1275.51
2016-07-07,1293.22
2016-07-08,1279.08
2016-07-11,1280.74
2016-07-12,1269.52
2016-07-13,1271.41
2016-07-14,1271.67
2016-07-15,1268.77
2016-07-18,1252.43
2016-07-19,1258.57
2016-07-20,1254.46
2016-07-21,1256.31
2016-07-22,1257.47
2016-07-25,1244.75
2016-07-26,1249.57
2016-07-27,1250.93
2016-07-28,1254.6
2016-07-29,1246.71
2016-08-01,1253.83
2016-08-02,1240.21
2016-08-03,1244.24
2016-08-04,1242.0
2016-08-05,1239.66
2016-08-08,1232.38
2016-08-09,1233.21
2016-08-10,1230.71
2016-08-11,1225.99
2016-08-12,1223.79
2016-08-16,1231.75
2016-08-17,1234.83
2016-08-18,1244.61
2016-08-19,1255.49
2016-08-22,1261.9
2016-08-23,1273.61
2016-08-24,1263.44
2016-08-25,1263.48
2016-08-26,1262.9
2016-08-29,1247.46
2016-08-30,1258.59
2016-08-31,1246.85
2016-09-01,1246.91
2016-09-02,1252.78
2016-09-05,1247.07
2016-09-06,1235.31
2016-09-07,1242.68
2016-09-08,1228.81
2016-09-09,1231.93
2016-09-12,1235.29
2016-09-13,1248.2
2016-09-19,1240.94
2016-09-20,1252.1
2016-09-21,1248.8
2016-09-22,1249.48
2016-09-23,1236.63
2016-09-26,1240.51
2016-09-27,1245.37
2016-09-28,1237.96
2016-09-29,1229.54
2016-09-30,1230.32
2016-10-04,1235.67
2016-10-05,1238.04
2016-10-06,1248.35
2016-10-07,1238.54
2016-10-10,1249.14
2016-10-11,1237.88
2016-10-12,1235.57
2016-10-13,1237.03
2016-10-14,1249.88
2016-10-17,1242.96
2016-10-18,1254.56
2016-10-19,1242.81
2016-10-20,1232.61
2016-10-21,1228.19
2016-10-24,1234.22
2016-10-25,1233.43
2016-10-26,1237.53
2016-10-27,1235.39
2016-10-28,1242.36
2016-10-31,1257.14
2016-11-01,1255.8
2016-11-02,1262.37
2016-11-03,1274.65
2016-11-04,1266.58
2016-11-07,1267.8
2016-11-08,1261.07
2016-11-09,1251.88
2016-11-10,1250.81
2016-11-11,1253.09
2016-11-14,1262.03
2016-11-15,1256.89
2016-11-16,1253.6
2016-11-17,1249.55
2016-11-18,1247.86
2016-11-21,1251.64
2016-11-22,1257.93
2016-11-23,1249.26
2016-11-24,1239.11
2016-11-25,1248.56
2016-11-28,1249.52
2016-11-29,1242.39
2016-11-30,1244.34
2016-12-01,1237.67
2016-12-02,1250.05
2016-12-05,1233.47
2016-12-06,1262.89
2016-12-07,1253.65
2016-12-08,1257.98
2016-12-09,1230.38
2016-12-12,1229.82
2016-12-13,1244.98
2016-12-14,1238.69
2016-12-15,1228.35
2016-12-16,1229.66
2016-12-19,1237.01
2016-12-20,1234.03
2016-12-21,1238.19
2016-12-22,1245.61
2016-12-23,1249.99
2016-12-26,1257.99
2016-12-27,1254.09
2016-12-28,1260.74
2016-12-29,1258.44
2016-12-30,1267.6
2017-01-02,1272.37
2017-01-03,1263.48
2017-01-04,1256.74
2017-01-05,1265.65
2017-01-06,1263.99
2017-01-09,1252.12
2017-01-10,1276.38
2017-01-11,1265.11
2017-01-12,1266.03
2017-01-13,1255.36
2017-01-16,1252.31
2017-01-17,1251.51
2017-01-18,1264.92
2017-01-19,1239.67
2017-01-20,1254.79
2017-01-23,1255.57
2017-01-24,1256.65
2017-01-25,1248.6
2017-01-26,1253.49
2017-01-31,1239.48
2017-02-01,1259.21
2017-02-02,1243.75
2017-02-03,1236.71
2017-02-06,1236.77
2017-02-07,1222.74
2017-02-08,1219.71
2017-02-09,1224.95
2017-02-10,1220.8
2017-02-13,1223.71
2017-02-14,1220.27
2017-02-15,1210.59
2017-02-16,1209.81
2017-02-17,1215.55
2017-02-20,1216.25
2017-02-21,1218.01
2017-02-22,1208.27
2017-02-23,1204.22
2017-02-24,1205.14
2017-02-27,1194.28
2017-02-28,1198.55
2017-03-02,1193.73
2017-03-03,1199.84
2017-03-06,1224.05
2017-03-07,1223.1
2017-03-08,1216.3
2017-03-09,1208.92
2017-03-10,1222.34
2017-03-13,1237.19
2017-03-14,1222.24
2017-03-15,1217.23
2017-03-16,1230.67
2017-03-17,1219.18
2017-03-20,1215.41
2017-03-21,1207.04
2017-03-22,1208.3
2017-03-23,1212.86
2017-03-24,1207.53
2017-03-27,1217.79
2017-03-28,1210.36
2017-03-29,1202.61
2017-03-30,1198.89
2017-03-31,1192.61
2017-04-03,1194.52
2017-04-04,1188.26
2017-04-05,1194.87
2017-04-06,1199.65
2017-04-07,1204.01
2017-04-10,1200.12
2017-04-11,1209.75
2017-04-12,1215.35
2017-04-13,1221.47
2017-04-14,1201.46
2017-04-17,1207.75
2017-04-18,1209.18
2017-04-19,1221.25
2017-04-20,1221.12
2017-04-21,1223.07
2017-04-24,1236.0
2017-04-25,1229.82
2017-04-26,1235.07
2017-04-27,1227.32
2017-04-28,1228.14
2017-05-02,1236.6
2017-05-04,1231.22
2017-05-08,1244.4
2017-05-10,1232.39
2017-05-11,1232.97
2017-05-12,1228.12
2017-05-15,1231.2
2017-05-16,1235.63
2017-05-17,1239.98
2017-05-18,1248.41
2017-05-19,1250.21
2017-05-22,1263.87
2017-05-23,1255.62
2017-05-24,1253.56
2017-05-25,1264.44
2017-05-26,1253.11
2017-05-29,1252.1
2017-05-30,1247.68
2017-05-31,1255.56
2017-06-01,1261.18
2017-06-02,1256.58
2017-06-05,1264.32
2017-06-07,1261.28
2017-06-08,1263.48
2017-06-09,1259.72
2017-06-12,1256.53
2017-06-13,1261.29
2017-06-14,1265.33
2017-06-15,1262.25
2017-06-16,1251.75
2017-06-19,1269.24
2017-06-20,1261.34
2017-06-21,1266.11
2017-06-22,1275.61
2017-06-23,1271.76
2017-06-26,1276.63
2017-06-27,1269.15
2017-06-28,1288.85
2017-06-29,1299.03
2017-06-30,1303.99
2017-07-03,1306.91
2017-07-04,1301.81
2017-07-05,1304.74
2017-07-06,1304.57
2017-07-07,1317.47
2017-07-10,1317.79
2017-07-11,1310.54
2017-07-12,1319.11
2017-07-13,1307.65
2017-07-14,1296.35
2017-07-17,1303.22
2017-07-18,1294.95
2017-07-19,1300.82
2017-07-20,1293.38
2017-07-21,1308.09
2017-07-24,1308.94
2017-07-25,1299.08
2017-07-26,1299.87
2017-07-27,1313.94
2017-07-28,1299.68
2017-07-31,1315.67
2017-08-01,1326.7
2017-08-02,1320.19
2017-08-03,1331.39
2017-08-04,1339.42
2017-08-07,1326.73
2017-08-08,1329.65
2017-08-09,1323.7
2017-08-10,1334.41
2017-08-11,1342.5
2017-08-14,1355.1
2017-08-16,1336.25
2017-08-17,1341.88
2017-08-18,1332.3
2017-08-21,1342.02
2017-08-22,1344.28
2017-08-23,1336.15
2017-08-24,1336.21
2017-08-25,1330.33
2017-08-28,1349.56
2017-08-29,1340.22
2017-08-30,1348.51
2017-08-31,1335.63
2017-09-01,1341.11
2017-09-04,1334.16
2017-09-05,1346.15
2017-09-06,1348.62
2017-09-07,1351.99
2017-09-08,1358.29
2017-09-11,1354.13
2017-09-12,1351.33
2017-09-13,1352.26
2017-09-14,1340.88
2017-09-15,1349.77
2017-09-18,1353.91
2017-09-19,1348.69
2017-09-20,1355.49
2017-09-21,1342.16
2017-09-22,1352.62
2017-09-25,1354.64
2017-09-26,1340.22
2017-09-27,1339.53
2017-09-28,1338.23
2017-09-29,1350.87
2017-10-10,1345.22
2017-10-11,1344.5
2017-10-12,1346.57
2017-10-13,1340.94
2017-10-16,1335.25
2017-10-17,1328.92
2017-10-18,1331.71
2017-10-19,1333.48
2017-10-20,1341.49
2017-10-23,1331.51
2017-10-24,1329.93
2017-10-25,1327.5
2017-10-26,1333.37
2017-10-27,1308.64
2017-10-30,1311.42
2017-10-31,1310.06
2017-11-01,1305.97
2017-11-02,1297.89
2017-11-03,1297.61
2017-11-06,1292.07
2017-11-07,1296.43
2017-11-08,1288.96
2017-11-09,1291.98
2017-11-10,1297.38
2017-11-13,1302.49
2017-11-14,1307.24
2017-11-15,1319.44
2017-11-16,1312.54
2017-11-17,1299.58
2017-11-20,1288.14
2017-11-21,1289.5
2017-11-22,1287.96
2017-11-23,1289.97
2017-11-24,1289.35
2017-11-27,1294.41
2017-11-28,1294.46
2017-11-29,1289.42
2017-11-30,1282.7
2017-12-01,1291.0
2017-12-04,1290.66
2017-12-05,1291.7
2017-12-06,1282.46
2017-12-07,1288.82
2017-12-08,1286.71
2017-12-11,1286.99
2017-12-12,1286.25
2017-12-13,1279.45
2017-12-14,1291.23
2017-12-15,1278.94
2017-12-18,1279.44
2017-12-19,1283.23
2017-12-20,1287.04
2017-12-21,1285.84
2017-12-22,1282.4
2017-12-26,1280.96
2017-12-27,1277.01
2017-12-28,1279.38
2017-12-29,1279.25
2018-01-02,1286.91
2018-01-03,1283.76
2018-01-04,1279.81
2018-01-05,1286.17
2018-01-08,1278.34
2018-01-09,1274.78
2018-01-10,1273.64
2018-01-11,1279.75
2018-01-12,1288.92
2018-01-15,1298.99
2018-01-16,1301.79
2018-01-17,1304.36
2018-01-18,1297.61
2018-01-19,1309.27
2018-01-22,1308.14
2018-01-23,1310.42
2018-01-24,1315.36
2018-01-25,1327.49
2018-01-26,1314.86
2018-01-29,1322.53
2018-01-30,1318.65
2018-01-31,1329.09
2018-02-01,1329.86
2018-02-02,1339.57
2018-02-05,1338.23
2018-02-06,1348.68
2018-02-07,1354.85
2018-02-08,1327.8
2018-02-09,1332.45
2018-02-12,1338.45
2018-02-13,1332.26
2018-02-14,1337.2
2018-02-19,1341.18
2018-02-20,1325.01
2018-02-21,1320.27
2018-02-22,1320.2
2018-02-23,1335.81
2018-02-26,1325.96
2018-02-27,1321.89
2018-02-28,1310.42
2018-03-02,1327.38
2018-03-05,1333.95
2018-03-06,1333.12
2018-03-07,1335.7
2018-03-08,1326.31
2018-03-09,1315.68
2018-03-12,1316.56
2018-03-13,1312.6
2018-03-14,1320.9
2018-03-15,1318.34
2018-03-16,1311.57
2018-03-19,1313.95
2018-03-20,1321.49
2018-03-21,1311.49
2018-03-22,1322.86
2018-03-23,1317.41
2018-03-26,1336.46
2018-03-27,1346.26
2018-03-28,1330.33
2018-03-29,1316.48
2018-03-30,1311.95
2018-04-02,1311.07
2018-04-03,1301.73
2018-04-04,1298.08
2018-04-05,1299.31
2018-04-06,1297.41
2018-04-09,1308.52
2018-04-10,1315.53
2018-04-11,1319.57
2018-04-12,1319.08
2018-04-13,1317.49
2018-04-16,1319.15
2018-04-17,1328.61
2018-04-18,1321.77
2018-04-19,1320.7
2018-04-20,1313.05
2018-04-23,1310.8
2018-04-24,1304.97
2018-04-25,1317.64
2018-04-26,1312.72
2018-04-27,1306.92
2018-04-30,1304.46
2018-05-02,1279.88
2018-05-03,1284.72
2018-05-04,1290.35
2018-05-08,1283.91
2018-05-09,1279.12
2018-05-10,1281.99
2018-05-11,1281.6
2018-05-14,1276.66
2018-05-15,1272.61
2018-05-16,1268.4
2018-05-17,1274.92
2018-05-18,1273.2
2018-05-21,1270.89
2018-05-23,1276.99
2018-05-24,1262.95
2018-05-25,1265.25
2018-05-28,1260.95
2018-05-29,1248.02
2018-05-30,1242.2
2018-05-31,1261.34
2018-06-01,1259.28
2018-06-04,1255.15
2018-06-05,1252.42
2018-06-07,1260.04
2018-06-08,1259.8
2018-06-11,1263.69
2018-06-12,1264.31
2018-06-14,1268.35
2018-06-15,1253.59
2018-06-18,1265.64
2018-06-19,1283.64
2018-06-20,1281.22
2018-06-21,1282.73
2018-06-22,1287.27
2018-06-25,1293.98
2018-06-26,1306.34
2018-06-27,1299.38
2018-06-28,1292.24
2018-06-29,1297.02
2018-07-02,1304.89
2018-07-03,1300.82
2018-07-04,1307.03
2018-07-05,1300.11
2018-07-06,1307.47
2018-07-09,1313.08
2018-07-10,1306.95
2018-07-11,1307.16
2018-07-12,1308.2
2018-07-13,1314.96
2018-07-16,1312.13
2018-07-17,1321.59
2018-07-18,1311.31
2018-07-19,1314.38
2018-07-20,1317.23
2018-07-23,1332.48
2018-07-24,1319.22
2018-07-25,1326.48
2018-07-26,1322.73
2018-07-27,1303.1
2018-07-30,1305.92
2018-07-31,1307.43
2018-08-01,1306.71
2018-08-02,1305.5
2018-08-03,1301.04
2018-08-06,1304.76
2018-08-07,1298.65
2018-08-08,1305.7
2018-08-09,1299.09
2018-08-10,1287.6
2018-08-13,1284.26
2018-08-14,1293.04
2018-08-16,1284.25
2018-08-17,1285.89
2018-08-20,1287.35
2018-08-21,1289.06
2018-08-22,1294.32
2018-08-23,1297.3
2018-08-24,1293.52
2018-08-27,1304.88
2018-08-28,1301.56
2018-08-29,1298.09
2018-08-30,1298.02
2018-08-31,1293.19
2018-09-03,1291.09
2018-09-04,1293.5
2018-09-05,1290.63
2018-09-06,1300.05
2018-09-07,1303.34
2018-09-10,1297.85
2018-09-11,1307.41
2018-09-12,1307.43
2018-09-13,1310.99
2018-09-14,1310.74
2018-09-17,1301.07
2018-09-18,1314.61
2018-09-19,1315.18
2018-09-20,1310.82
2018-09-21,1319.24
2018-09-27,1312.01
2018-09-28,1294.57
2018-10-01,1288.39
2018-10-02,1286.03
2018-10-04,1282.02
2018-10-05,1299.52
2018-10-08,1303.13
2018-10-10,1300.95
2018-10-11,1306.17
2018-10-12,1324.39
2018-10-15,1309.13
2018-10-16,1312.87
2018-10-17,1305.89
2018-10-18,1293.92
2018-10-19,1297.56
2018-10-22,1305.86
2018-10-23,1296.63
2018-10-24,1302.93
2018-10-25,1290.54
2018-10-26,1294.99
2018-10-29,1300.57
2018-10-30,1295.1
2018-10-31,1294.01
2018-11-01,1289.4
2018-11-02,1298.97
2018-11-05,1282.79
2018-11-06,1280.78
2018-11-07,1282.06
2018-11-08,1281.24
2018-11-09,1271.06
2018-11-12,1274.69
2018-11-13,1270.61
2018-11-14,1284.59
2018-11-15,1281.37
2018-11-16,1279.78
2018-11-19,1288.47
2018-11-20,1291.32
2018-11-21,1282.14
2018-11-22,1287.87
2018-11-23,1287.34
2018-11-26,1281.48
2018-11-27,1280.12
2018-11-28,1276.56
2018-11-29,1283.39
2018-11-30,1277.67
2018-12-03,1269.36
2018-12-04,1264.72
2018-12-05,1258.79
2018-12-06,1263.77
2018-12-07,1271.78
2018-12-10,1274.92
2018-12-11,1277.04
2018-12-12,1278.71
2018-12-13,1282.53
2018-12-14,1276.7
2018-12-17,1276.79
2018-12-18,1284.25
2018-12-19,1285.09
2018-12-20,1281.1
2018-12-21,1293.1
2018-12-24,1277.87
2018-12-26,1284.25
2018-12-27,1278.29
2018-12-28,1281.81
2018-12-31,1279.16
2019-01-02,1281.96
2019-01-03,1270.51
2019-01-04,1284.62
2019-01-07,1283.85
2019-01-08,1283.3
2019-01-09,1284.18
2019-01-10,1295.34
2019-01-11,1286.9
2019-01-14,1281.61
2019-01-15,1286.41
2019-01-16,1277.92
2019-01-17,1278.74
2019-01-18,1277.16
2019-01-21,1274.53
2019-01-22,1280.72
2019-01-23,1284.3
2019-01-24,1284.4
2019-01-25,1274.92
2019-01-28,1283.91
2019-01-29,1276.56
2019-01-30,1278.49
2019-01-31,1283.05
2019-02-01,1272.5
2019-02-07,1269.52
2019-02-08,1274.05
2019-02-11,1272.88
2019-02-12,1267.99
2019-02-13,1274.57
2019-02-14,1262.98
2019-02-15,1270.97
2019-02-18,1273.29
2019-02-19,1271.98
2019-02-20,1278.36
2019-02-21,1273.53
2019-02-22,1274.45
2019-02-25,1276.21
2019-02-26,1273.28
2019-02-27,1273.91
2019-02-28,1271.5
2019-03-04,1274.17
2019-03-05,1275.47
2019-03-06,1272.55
2019-03-07,1275.49
2019-03-08,1263.13
2019-03-11,1274.22
2019-03-12,1278.24
2019-03-13,1274.25
2019-03-14,1282.95
2019-03-15,1280.63
2019-03-18,1286.41
2019-03-19,1285.22
2019-03-20,1284.08
2019-03-21,1291.54
2019-03-22,1280.6
2019-03-25,1276.17
2019-03-26,1284.08
2019-03-27,1276.33
2019-03-28,1276.48
2019-03-29,1277.46
2019-04-01,1274.99
2019-04-02,1269.3
2019-04-03,1272.61
2019-04-04,1276.2
2019-04-05,1274.31
2019-04-08,1274.87
2019-04-09,1284.93
2019-04-10,1287.42
2019-04-11,1286.87
2019-04-12,1282.74
2019-04-15,1289.16
2019-04-16,1281.7
2019-04-17,1281.3
2019-04-18,1283.62
2019-04-19,1276.8
2019-04-22,1278.44
2019-04-23,1284.6
2019-04-24,1280.6
2019-04-25,1279.42
2019-04-26,1290.44
2019-04-29,1293.18
2019-04-30,1295.33
2019-05-02,1303.75
2019-05-03,1300.66
2019-05-07,1309.96
2019-05-08,1309.3
2019-05-09,1310.0
2019-05-10,1319.13
2019-05-13,1323.65
2019-05-14,1328.8
2019-05-15,1330.33
2019-05-16,1332.9
2019-05-17,1329.42
2019-05-20,1331.23
2019-05-21,1332.23
2019-05-22,1332.2
2019-05-23,1332.76
2019-05-24,1332.12
2019-05-27,1333.48
2019-05-28,1325.3
2019-05-29,1325.9
2019-05-30,1328.7
2019-05-31,1324.83
2019-06-03,1330.87
2019-06-04,1330.46
2019-06-05,1329.72
2019-06-07,1330.7
2019-06-10,1334.9
2019-06-11,1339.64
2019-06-12,1338.63
2019-06-13,1334.49
2019-06-14,1336.16
2019-06-17,1327.92
2019-06-18,1331.21
2019-06-19,1326.67
2019-06-20,1322.65
2019-06-21,1318.51
2019-06-24,1321.43
2019-06-25,1319.95
2019-06-26,1312.78
2019-06-27,1317.28
2019-06-28,1315.11
2019-07-01,1314.65
2019-07-02,1304.16
2019-07-03,1315.0
2019-07-04,1321.09
2019-07-05,1319.62
2019-07-08,1314.18
2019-07-09,1321.75
2019-07-10,1322.14
2019-07-11,1329.96
2019-07-12,1321.29
2019-07-15,1326.93
2019-07-16,1327.96
2019-07-17,1321.16
2019-07-18,1325.29
2019-07-19,1327.59
2019-07-22,1316.32
2019-07-23,1319.91
2019-07-24,1314.03
2019-07-25,1312.63
2019-07-26,1315.01
2019-07-29,1318.31
2019-07-30,1318.84
2019-07-31,1318.82
2019-08-01,1309.19
2019-08-02,1316.8
2019-08-05,1327.3
2019-08-06,1361.09
2019-08-07,1360.26
2019-08-08,1360.54
2019-08-09,1355.08
2019-08-12,1355.17
2019-08-13,1363.36
2019-08-14,1361.94
2019-08-16,1346.32
2019-08-19,1345.97
2019-08-20,1341.82
2019-08-21,1343.14
2019-08-22,1335.36
2019-08-23,1335.43
2019-08-26,1351.24
2019-08-27,1352.14
2019-08-28,1345.51
2019-08-29,1345.1
2019-08-30,1343.83
2019-09-02,1329.59
2019-09-03,1328.91
2019-09-04,1333.14
2019-09-05,1335.02
2019-09-06,1323.82
2019-09-09,1319.46
2019-09-10,1317.54
2019-09-11,1316.75
2019-09-16,1320.19
2019-09-17,1302.93
2019-09-18,1315.51
2019-09-19,1312.82
2019-09-20,1320.05
2019-09-23,1312.41
2019-09-24,1311.75
2019-09-25,1315.73
2019-09-26,1312.08
2019-09-27,1309.36
2019-09-30,1314.64
2019-10-01,1306.95
2019-10-02,1309.81
2019-10-04,1320.82
2019-10-07,1314.67
2019-10-08,1312.74
2019-10-10,1312.68
2019-10-11,1316.61
2019-10-14,1311.86
2019-10-15,1305.33
2019-10-16,1306.36
2019-10-17,1314.66
2019-10-18,1320.15
2019-10-21,1317.14
2019-10-22,1310.51
2019-10-23,1303.53
2019-10-24,1306.68
2019-10-25,1300.1
2019-10-28,1301.37
2019-10-29,1298.08
2019-10-30,1296.45
2019-10-31,1303.17
2019-11-01,1295.47
2019-11-04,1303.63
2019-11-05,1291.06
2019-11-06,1284.64
2019-11-07,1281.24
2019-11-08,1282.52
2019-11-11,1274.08
2019-11-12,1281.38
2019-11-13,1281.25
2019-11-14,1285.41
2019-11-15,1289.96
2019-11-18,1289.05
2019-11-19,1289.39
2019-11-20,1294.52
2019-11-21,1296.18
2019-11-22,1301.44
2019-11-25,1298.11
2019-11-26,1295.29
2019-11-27,1294.48
2019-11-28,1294.13
2019-11-29,1298.47
2019-12-02,1300.51
2019-12-03,1307.47
2019-12-04,1314.61
2019-12-05,1322.62
2019-12-06,1321.78
2019-12-09,1315.75
2019-12-10,1315.9
2019-12-11,1322.46
2019-12-12,1328.5
2019-12-13,1329.57
2019-12-16,1303.87
2019-12-17,1306.49
2019-12-18,1301.16
2019-12-19,1295.29
2019-12-20,1295.39
2019-12-23,1288.04
2019-12-24,1288.04
2019-12-26,1290.78
2019-12-27,1288.82
2019-12-30,1298.06
2019-12-31,1297.43
2020-01-02,1299.11
2020-01-03,1292.66
2020-01-06,1298.15
2020-01-07,1309.54
2020-01-08,1299.25
2020-01-09,1304.25
2020-01-10,1288.47
2020-01-13,1290.74
2020-01-14,1286.93
2020-01-15,1283.11
2020-01-16,1292.24
