,IDR(100)
2010-01-04,12.39
2010-01-05,12.37
2010-01-06,12.28
2010-01-07,12.31
2010-01-08,12.26
2010-01-11,12.29
2010-01-12,12.23
2010-01-13,12.25
2010-01-14,12.28
2010-01-15,12.24
2010-01-18,12.22
2010-01-19,12.22
2010-01-20,12.18
2010-01-21,12.18
2010-01-22,12.26
2010-01-25,12.35
2010-01-26,12.33
2010-01-27,12.27
2010-01-28,12.33
2010-01-29,12.4
2010-02-01,12.38
2010-02-02,12.44
2010-02-03,12.39
2010-02-04,12.4
2010-02-05,12.37
2010-02-08,12.48
2010-02-09,12.48
2010-02-10,12.44
2010-02-11,12.37
2010-02-12,12.35
2010-02-16,12.35
2010-02-17,12.38
2010-02-18,12.33
2010-02-19,12.35
2010-02-22,12.4
2010-02-23,12.37
2010-02-24,12.36
2010-02-25,12.42
2010-02-26,12.41
2010-03-02,12.53
2010-03-03,12.41
2010-03-04,12.36
2010-03-05,12.35
2010-03-08,12.36
2010-03-09,12.36
2010-03-10,12.34
2010-03-11,12.35
2010-03-12,12.31
2010-03-15,12.36
2010-03-16,12.37
2010-03-17,12.37
2010-03-18,12.4
2010-03-19,12.4
2010-03-22,12.35
2010-03-23,12.46
2010-03-24,12.44
2010-03-25,12.44
2010-03-26,12.5
2010-03-29,12.52
2010-03-30,12.53
2010-03-31,12.44
2010-04-01,12.46
2010-04-02,12.44
2010-04-05,12.39
2010-04-06,12.42
2010-04-07,12.42
2010-04-08,12.4
2010-04-09,12.4
2010-04-12,12.39
2010-04-13,12.34
2010-04-14,12.41
2010-04-15,12.39
2010-04-16,12.31
2010-04-19,12.36
2010-04-20,12.35
2010-04-21,12.39
2010-04-22,12.31
2010-04-23,12.32
2010-04-26,12.32
2010-04-27,12.26
2010-04-28,12.29
2010-04-29,12.38
2010-04-30,12.37
2010-05-03,12.3
2010-05-04,12.36
2010-05-06,12.26
2010-05-07,12.36
2010-05-10,12.61
2010-05-11,12.49
2010-05-12,12.43
2010-05-13,12.53
2010-05-14,12.45
2010-05-17,12.46
2010-05-18,12.59
2010-05-19,12.63
2010-05-20,12.72
2010-05-24,12.71
2010-05-25,13.09
2010-05-26,13.41
2010-05-27,13.44
2010-05-28,13.33
2010-05-31,12.96
2010-06-01,13.1
2010-06-03,13.11
2010-06-04,13.11
2010-06-07,13.08
2010-06-08,13.35
2010-06-09,13.34
2010-06-10,13.43
2010-06-11,13.67
2010-06-14,13.49
2010-06-15,13.37
2010-06-16,13.34
2010-06-17,13.23
2010-06-18,13.28
2010-06-21,13.26
2010-06-22,13.05
2010-06-23,13.11
2010-06-24,13.16
2010-06-25,13.1
2010-06-28,13.3
2010-06-29,13.31
2010-06-30,13.37
2010-07-01,13.58
2010-07-02,13.57
2010-07-05,13.49
2010-07-06,13.51
2010-07-07,13.56
2010-07-08,13.47
2010-07-09,13.36
2010-07-12,13.25
2010-07-13,13.24
2010-07-14,13.31
2010-07-15,13.25
2010-07-16,13.31
2010-07-19,13.28
2010-07-20,13.42
2010-07-21,13.4
2010-07-22,13.27
2010-07-23,13.34
2010-07-26,13.24
2010-07-27,13.23
2010-07-28,13.13
2010-07-29,13.18
2010-07-30,13.22
2010-08-02,13.26
2010-08-03,13.12
2010-08-04,13.07
2010-08-05,13.07
2010-08-06,13.07
2010-08-09,13.04
2010-08-10,12.97
2010-08-11,13.03
2010-08-12,13.12
2010-08-13,13.25
2010-08-16,13.23
2010-08-17,13.29
2010-08-18,13.13
2010-08-19,13.09
2010-08-20,13.09
2010-08-23,13.15
2010-08-24,13.18
2010-08-25,13.24
2010-08-26,13.32
2010-08-27,13.29
2010-08-30,13.26
2010-08-31,13.19
2010-09-01,13.25
2010-09-02,13.21
2010-09-03,13.11
2010-09-06,13.08
2010-09-07,13.01
2010-09-08,13.05
2010-09-09,13.07
2010-09-10,12.99
2010-09-13,12.96
2010-09-14,12.9
2010-09-15,12.94
2010-09-16,12.91
2010-09-17,12.96
2010-09-20,12.94
2010-09-24,12.97
2010-09-27,12.92
2010-09-28,12.84
2010-09-29,12.83
2010-09-30,12.78
2010-10-01,12.79
2010-10-04,12.71
2010-10-05,12.59
2010-10-06,12.66
2010-10-07,12.55
2010-10-08,12.52
2010-10-11,12.54
2010-10-12,12.5
2010-10-13,12.61
2010-10-14,12.55
2010-10-15,12.47
2010-10-18,12.49
2010-10-19,12.51
2010-10-20,12.59
2010-10-21,12.66
2010-10-22,12.61
2010-10-25,12.64
2010-10-26,12.54
2010-10-27,12.54
2010-10-28,12.59
2010-10-29,12.61
2010-11-01,12.58
2010-11-02,12.52
2010-11-03,12.49
2010-11-04,12.44
2010-11-05,12.42
2010-11-08,12.42
2010-11-09,12.5
2010-11-10,12.53
2010-11-11,12.54
2010-11-12,12.45
2010-11-15,12.54
2010-11-16,12.59
2010-11-17,12.62
2010-11-18,12.73
2010-11-19,12.74
2010-11-22,12.67
2010-11-23,12.62
2010-11-24,12.64
2010-11-25,12.82
2010-11-26,12.76
2010-11-29,12.74
2010-11-30,12.84
2010-12-01,12.78
2010-12-02,12.8
2010-12-03,12.75
2010-12-06,12.68
2010-12-07,12.58
2010-12-08,12.59
2010-12-09,12.65
2010-12-10,12.63
2010-12-13,12.65
2010-12-14,12.68
2010-12-15,12.67
2010-12-16,12.76
2010-12-17,12.8
2010-12-20,12.74
2010-12-21,12.88
2010-12-22,12.75
2010-12-23,12.78
2010-12-24,12.74
2010-12-27,12.74
2010-12-28,12.73
2010-12-29,12.73
2010-12-30,12.73
2010-12-31,12.66
2011-01-03,12.64
2011-01-04,12.54
2011-01-05,12.49
2011-01-06,12.52
2011-01-07,12.48
2011-01-10,12.43
2011-01-11,12.38
2011-01-12,12.45
2011-01-13,12.4
2011-01-14,12.29
2011-01-17,12.31
2011-01-18,12.3
2011-01-19,12.33
2011-01-20,12.29
2011-01-21,12.34
2011-01-24,12.38
2011-01-25,12.36
2011-01-26,12.37
2011-01-27,12.38
2011-01-28,12.34
2011-01-31,12.34
2011-02-01,12.41
2011-02-07,12.42
2011-02-08,12.36
2011-02-09,12.37
2011-02-10,12.37
2011-02-11,12.47
2011-02-14,12.54
2011-02-15,12.61
2011-02-16,12.59
2011-02-17,12.6
2011-02-18,12.56
2011-02-21,12.57
2011-02-22,12.6
2011-02-23,12.68
2011-02-24,12.71
2011-02-25,12.7
2011-02-28,12.76
2011-03-02,12.81
2011-03-03,12.8
2011-03-04,12.75
2011-03-07,12.7
2011-03-08,12.72
2011-03-09,12.72
2011-03-10,12.7
2011-03-11,12.73
2011-03-14,12.81
2011-03-15,12.89
2011-03-16,12.89
2011-03-17,12.91
2011-03-18,12.96
2011-03-21,12.87
2011-03-22,12.91
2011-03-23,12.86
2011-03-24,12.88
2011-03-25,12.88
2011-03-28,12.79
2011-03-29,12.79
2011-03-30,12.78
2011-03-31,12.7
2011-04-01,12.63
2011-04-04,12.58
2011-04-05,12.55
2011-04-06,12.58
2011-04-07,12.54
2011-04-08,12.54
2011-04-11,12.54
2011-04-12,12.53
2011-04-13,12.61
2011-04-14,12.62
2011-04-15,12.57
2011-04-18,12.56
2011-04-19,12.57
2011-04-20,12.6
2011-04-21,12.53
2011-04-22,12.52
2011-04-25,12.54
2011-04-26,12.54
2011-04-27,12.55
2011-04-28,12.52
2011-04-29,12.49
2011-05-02,12.53
2011-05-03,12.48
2011-05-04,12.53
2011-05-06,12.54
2011-05-09,12.65
2011-05-11,12.62
2011-05-12,12.61
2011-05-13,12.64
2011-05-16,12.75
2011-05-17,12.75
2011-05-18,12.73
2011-05-19,12.7
2011-05-20,12.68
2011-05-23,12.68
2011-05-24,12.73
2011-05-25,12.78
2011-05-26,12.76
2011-05-27,12.71
2011-05-30,12.64
2011-05-31,12.65
2011-06-01,12.62
2011-06-02,12.61
2011-06-03,12.64
2011-06-07,12.67
2011-06-08,12.69
2011-06-09,12.7
2011-06-10,12.71
2011-06-13,12.69
2011-06-14,12.72
2011-06-15,12.7
2011-06-16,12.66
2011-06-17,12.68
2011-06-20,12.67
2011-06-21,12.57
2011-06-22,12.58
2011-06-23,12.52
2011-06-24,12.52
2011-06-27,12.53
2011-06-28,12.61
2011-06-29,12.55
2011-06-30,12.51
2011-07-01,12.48
2011-07-04,12.48
2011-07-05,12.48
2011-07-06,12.48
2011-07-07,12.47
2011-07-08,12.47
2011-07-11,12.43
2011-07-12,12.43
2011-07-13,12.45
2011-07-14,12.44
2011-07-15,12.39
2011-07-18,12.39
2011-07-19,12.4
2011-07-20,12.4
2011-07-21,12.36
2011-07-22,12.37
2011-07-25,12.33
2011-07-26,12.37
2011-07-27,12.38
2011-07-28,12.37
2011-07-29,12.38
2011-08-01,12.39
2011-08-02,12.41
2011-08-03,12.42
2011-08-04,12.48
2011-08-05,12.45
2011-08-08,12.56
2011-08-09,12.62
2011-08-10,12.78
2011-08-11,12.67
2011-08-12,12.72
2011-08-16,12.64
2011-08-17,12.54
2011-08-18,12.58
2011-08-19,12.56
2011-08-22,12.67
2011-08-23,12.68
2011-08-24,12.66
2011-08-25,12.62
2011-08-26,12.65
2011-08-29,12.71
2011-08-30,12.61
2011-08-31,12.56
2011-09-01,12.54
2011-09-02,12.46
2011-09-05,12.45
2011-09-06,12.51
2011-09-07,12.53
2011-09-08,12.53
2011-09-09,12.52
2011-09-14,12.46
2011-09-15,12.62
2011-09-16,12.64
2011-09-19,12.63
2011-09-20,12.68
2011-09-21,13.02
2011-09-22,12.93
2011-09-23,13.44
2011-09-26,13.51
2011-09-28,13.25
2011-09-29,13.19
2011-09-30,13.32
2011-10-04,13.24
2011-10-05,13.47
2011-10-06,13.38
2011-10-07,13.33
2011-10-10,13.26
2011-10-11,13.19
2011-10-12,13.06
2011-10-13,13.13
2011-10-14,13.06
2011-10-17,13.12
2011-10-18,12.99
2011-10-19,13.01
2011-10-20,12.93
2011-10-21,12.91
2011-10-24,12.97
2011-10-25,12.87
2011-10-26,12.74
2011-10-27,12.74
2011-10-28,12.68
2011-10-31,12.57
2011-11-01,12.48
2011-11-02,12.52
2011-11-03,12.61
2011-11-04,12.61
2011-11-07,12.43
2011-11-08,12.45
2011-11-09,12.51
2011-11-10,12.55
2011-11-11,12.65
2011-11-14,12.57
2011-11-15,12.5
2011-11-16,12.52
2011-11-17,12.61
2011-11-18,12.64
2011-11-21,12.6
2011-11-22,12.63
2011-11-23,12.68
2011-11-24,12.71
2011-11-25,12.87
2011-11-28,12.81
2011-11-29,12.67
2011-11-30,12.56
2011-12-01,12.52
2011-12-02,12.53
2011-12-05,12.51
2011-12-06,12.51
2011-12-07,12.52
2011-12-08,12.47
2011-12-09,12.57
2011-12-12,12.62
2011-12-13,12.65
2011-12-14,12.74
2011-12-15,12.75
2011-12-16,12.78
2011-12-19,12.8
2011-12-20,12.9
2011-12-21,12.85
2011-12-22,12.69
2011-12-23,12.75
2011-12-26,12.69
2011-12-27,12.7
2011-12-28,12.74
2011-12-29,12.76
2011-12-30,12.71
2012-01-02,12.72
2012-01-03,12.73
2012-01-04,12.6
2012-01-05,12.55
2012-01-06,12.61
2012-01-09,12.74
2012-01-10,12.72
2012-01-11,12.63
2012-01-12,12.66
2012-01-13,12.65
2012-01-16,12.67
2012-01-17,12.64
2012-01-18,12.63
2012-01-19,12.66
2012-01-20,12.67
2012-01-25,12.6
2012-01-26,12.67
2012-01-27,12.51
2012-01-30,12.52
2012-01-31,12.51
2012-02-01,12.52
2012-02-02,12.54
2012-02-03,12.51
2012-02-06,12.47
2012-02-07,12.46
2012-02-08,12.54
2012-02-09,12.58
2012-02-10,12.5
2012-02-13,12.48
2012-02-14,12.48
2012-02-15,12.48
2012-02-16,12.54
2012-02-17,12.52
2012-02-20,12.49
2012-02-21,12.47
2012-02-22,12.44
2012-02-23,12.45
2012-02-24,12.47
2012-02-27,12.43
2012-02-28,12.37
2012-02-29,12.48
2012-03-02,12.34
2012-03-05,12.27
2012-03-06,12.26
2012-03-07,12.26
2012-03-08,12.36
2012-03-09,12.26
2012-03-12,12.22
2012-03-13,12.25
2012-03-14,12.24
2012-03-15,12.26
2012-03-16,12.32
2012-03-19,12.32
2012-03-20,12.31
2012-03-21,12.27
2012-03-22,12.33
2012-03-23,12.34
2012-03-26,12.38
2012-03-27,12.4
2012-03-28,12.41
2012-03-29,12.43
2012-03-30,12.41
2012-04-02,12.4
2012-04-03,12.34
2012-04-04,12.3
2012-04-05,12.34
2012-04-06,12.4
2012-04-09,12.41
2012-04-10,12.43
2012-04-12,12.43
2012-04-13,12.47
2012-04-16,12.41
2012-04-17,12.4
2012-04-18,12.41
2012-04-19,12.38
2012-04-20,12.43
2012-04-23,12.42
2012-04-24,12.4
2012-04-25,12.41
2012-04-26,12.39
2012-04-27,12.39
2012-04-30,12.34
2012-05-02,12.31
2012-05-03,12.25
2012-05-04,12.3
2012-05-07,12.31
2012-05-08,12.39
2012-05-09,12.35
2012-05-10,12.35
2012-05-11,12.45
2012-05-14,12.46
2012-05-15,12.44
2012-05-16,12.49
2012-05-17,12.57
2012-05-18,12.59
2012-05-21,12.69
2012-05-22,12.61
2012-05-23,12.61
2012-05-24,12.65
2012-05-25,12.71
2012-05-29,12.65
2012-05-30,12.54
2012-05-31,12.48
2012-06-01,12.57
2012-06-04,12.57
2012-06-05,12.57
2012-06-07,12.57
2012-06-08,12.49
2012-06-11,12.5
2012-06-12,12.41
2012-06-13,12.45
2012-06-14,12.4
2012-06-15,12.39
2012-06-18,12.4
2012-06-19,12.34
2012-06-20,12.31
2012-06-21,12.24
2012-06-22,12.2
2012-06-25,12.26
2012-06-26,12.3
2012-06-27,12.29
2012-06-28,12.25
2012-06-29,12.22
2012-07-02,12.19
2012-07-03,12.19
2012-07-04,12.22
2012-07-05,12.13
2012-07-06,12.1
2012-07-09,12.06
2012-07-10,12.14
2012-07-11,12.12
2012-07-12,12.15
2012-07-13,12.13
2012-07-16,12.19
2012-07-17,12.14
2012-07-18,12.11
2012-07-19,12.07
2012-07-20,12.05
2012-07-23,12.07
2012-07-24,12.13
2012-07-25,12.13
2012-07-26,12.14
2012-07-27,12.1
2012-07-30,12.06
2012-07-31,12.02
2012-08-01,12.0
2012-08-02,11.94
2012-08-03,11.94
2012-08-06,11.99
2012-08-07,11.9
2012-08-08,11.91
2012-08-09,11.91
2012-08-10,11.89
2012-08-13,11.9
2012-08-14,11.93
2012-08-16,11.89
2012-08-17,11.94
2012-08-20,11.94
2012-08-21,11.97
2012-08-22,11.93
2012-08-23,11.94
2012-08-24,11.91
2012-08-27,11.93
2012-08-28,11.93
2012-08-29,11.93
2012-08-30,11.88
2012-08-31,11.89
2012-09-03,11.9
2012-09-04,11.87
2012-09-05,11.83
2012-09-06,11.86
2012-09-07,11.86
2012-09-10,11.81
2012-09-11,11.78
2012-09-12,11.79
2012-09-13,11.77
2012-09-14,11.78
2012-09-17,11.79
2012-09-18,11.78
2012-09-19,11.76
2012-09-20,11.71
2012-09-21,11.72
2012-09-24,11.73
2012-09-25,11.71
2012-09-26,11.68
2012-09-27,11.69
2012-09-28,11.68
2012-10-02,11.62
2012-10-04,11.61
2012-10-05,11.61
2012-10-08,11.58
2012-10-09,11.59
2012-10-10,11.58
2012-10-11,11.62
2012-10-12,11.64
2012-10-15,11.6
2012-10-16,11.6
2012-10-17,11.55
2012-10-18,11.54
2012-10-19,11.52
2012-10-22,11.52
2012-10-23,11.51
2012-10-24,11.47
2012-10-25,11.48
2012-10-26,11.47
2012-10-29,11.42
2012-10-30,11.41
2012-10-31,11.38
2012-11-01,11.35
2012-11-02,11.34
2012-11-05,11.35
2012-11-06,11.35
2012-11-07,11.35
2012-11-08,11.32
2012-11-09,11.3
2012-11-12,11.33
2012-11-13,11.31
2012-11-14,11.33
2012-11-15,11.3
2012-11-16,11.29
2012-11-19,11.32
2012-11-20,11.29
2012-11-21,11.24
2012-11-22,11.24
2012-11-23,11.26
2012-11-26,11.3
2012-11-27,11.3
2012-11-28,11.29
2012-11-29,11.31
2012-11-30,11.3
2012-12-03,11.29
2012-12-04,11.29
2012-12-05,11.29
2012-12-06,11.28
2012-12-07,11.27
2012-12-10,11.25
2012-12-11,11.21
2012-12-12,11.18
2012-12-13,11.17
2012-12-14,11.13
2012-12-17,11.14
2012-12-18,11.13
2012-12-20,11.11
2012-12-21,11.12
2012-12-24,11.14
2012-12-26,11.13
2012-12-27,11.12
2012-12-28,11.1
2012-12-31,11.11
2013-01-02,11.11
2013-01-03,11.03
2013-01-04,11.02
2013-01-07,11.02
2013-01-08,11.0
2013-01-09,10.99
2013-01-10,10.99
2013-01-11,10.98
2013-01-14,10.97
2013-01-15,10.96
2013-01-16,10.94
2013-01-17,10.97
2013-01-18,10.97
2013-01-21,10.97
2013-01-22,11.02
2013-01-23,11.06
2013-01-24,11.07
2013-01-25,11.1
2013-01-29,11.19
2013-01-30,11.24
2013-01-31,11.18
2013-02-01,11.23
2013-02-04,11.25
2013-02-05,11.26
2013-02-06,11.23
2013-02-07,11.21
2013-02-08,11.24
2013-02-12,11.37
2013-02-13,11.34
2013-02-14,11.26
2013-02-15,11.23
2013-02-18,11.16
2013-02-19,11.18
2013-02-20,11.15
2013-02-21,11.13
2013-02-22,11.17
2013-02-25,11.19
2013-02-26,11.2
2013-02-27,11.21
2013-02-28,11.21
2013-03-04,11.18
2013-03-05,11.24
2013-03-06,11.21
2013-03-07,11.19
2013-03-08,11.21
2013-03-11,11.26
2013-03-12,11.33
2013-03-13,11.29
2013-03-14,11.33
2013-03-15,11.39
2013-03-18,11.44
2013-03-19,11.48
2013-03-20,11.43
2013-03-21,11.49
2013-03-22,11.47
2013-03-25,11.47
2013-03-26,11.43
2013-03-27,11.38
2013-03-28,11.41
2013-03-29,11.44
2013-04-01,11.45
2013-04-02,11.46
2013-04-03,11.43
2013-04-04,11.5
2013-04-05,11.53
2013-04-08,11.56
2013-04-09,11.68
2013-04-10,11.72
2013-04-11,11.75
2013-04-12,11.64
2013-04-15,11.65
2013-04-16,11.58
2013-04-17,11.52
2013-04-18,11.49
2013-04-19,11.55
2013-04-22,11.52
2013-04-23,11.54
2013-04-24,11.52
2013-04-25,11.52
2013-04-26,11.46
2013-04-29,11.41
2013-04-30,11.4
2013-05-02,11.34
2013-05-03,11.29
2013-05-06,11.3
2013-05-07,11.24
2013-05-08,11.24
2013-05-09,11.18
2013-05-10,11.17
2013-05-13,11.33
2013-05-14,11.45
2013-05-15,11.39
2013-05-16,11.42
2013-05-20,11.42
2013-05-21,11.46
2013-05-22,11.4
2013-05-23,11.39
2013-05-24,11.5
2013-05-27,11.54
2013-05-28,11.49
2013-05-29,11.49
2013-05-30,11.54
2013-05-31,11.51
2013-06-03,11.5
2013-06-04,11.51
2013-06-05,11.45
2013-06-07,11.43
2013-06-10,11.34
2013-06-11,11.45
2013-06-12,11.54
2013-06-13,11.47
2013-06-14,11.48
2013-06-17,11.43
2013-06-18,11.41
2013-06-19,11.41
2013-06-20,11.44
2013-06-21,11.53
2013-06-24,11.64
2013-06-25,11.65
2013-06-26,11.68
2013-06-27,11.62
2013-06-28,11.58
2013-07-01,11.54
2013-07-02,11.45
2013-07-03,11.41
2013-07-04,11.47
2013-07-05,11.47
2013-07-08,11.48
2013-07-09,11.57
2013-07-10,11.5
2013-07-11,11.43
2013-07-12,11.28
2013-07-15,11.23
2013-07-16,11.21
2013-07-17,11.15
2013-07-18,11.13
2013-07-19,11.16
2013-07-22,11.15
2013-07-23,11.11
2013-07-24,10.95
2013-07-25,10.86
2013-07-26,10.88
2013-07-29,10.83
2013-07-30,10.8
2013-07-31,10.84
2013-08-01,10.89
2013-08-02,10.91
2013-08-05,10.94
2013-08-06,10.85
2013-08-07,10.83
2013-08-08,10.86
2013-08-09,10.83
2013-08-12,10.81
2013-08-13,10.82
2013-08-14,10.85
2013-08-16,10.82
2013-08-19,10.74
2013-08-20,10.62
2013-08-21,10.5
2013-08-22,10.38
2013-08-23,10.39
2013-08-26,10.37
2013-08-27,10.26
2013-08-28,10.21
2013-08-29,10.21
2013-08-30,10.16
2013-09-02,10.16
2013-09-03,10.06
2013-09-04,9.9
2013-09-05,9.89
2013-09-06,9.83
2013-09-09,9.8
2013-09-10,9.75
2013-09-11,9.66
2013-09-12,9.58
2013-09-13,9.54
2013-09-16,9.51
2013-09-17,9.51
2013-09-23,9.56
2013-09-24,9.4
2013-09-25,9.37
2013-09-26,9.38
2013-09-27,9.38
2013-09-30,9.32
2013-10-01,9.28
2013-10-02,9.34
2013-10-04,9.32
2013-10-07,9.3
2013-10-08,9.29
2013-10-10,9.31
2013-10-11,9.36
2013-10-14,9.42
2013-10-15,9.44
2013-10-16,9.4
2013-10-17,9.39
2013-10-18,9.39
2013-10-21,9.37
2013-10-22,9.37
2013-10-23,9.4
2013-10-24,9.38
2013-10-25,9.48
2013-10-28,9.64
2013-10-29,9.6
2013-10-30,9.56
2013-10-31,9.5
2013-11-01,9.4
2013-11-04,9.38
2013-11-05,9.35
2013-11-06,9.35
2013-11-07,9.31
2013-11-08,9.31
2013-11-11,9.32
2013-11-12,9.24
2013-11-13,9.24
2013-11-14,9.25
2013-11-15,9.25
2013-11-18,9.18
2013-11-19,9.12
2013-11-20,9.1
2013-11-21,9.06
2013-11-22,9.07
2013-11-25,9.08
2013-11-26,9.03
2013-11-27,9.01
2013-11-28,8.93
2013-11-29,8.84
2013-12-02,8.85
2013-12-03,8.99
2013-12-04,8.93
2013-12-05,8.85
2013-12-06,8.87
2013-12-09,8.85
2013-12-10,8.8
2013-12-11,8.78
2013-12-12,8.77
2013-12-13,8.76
2013-12-16,8.69
2013-12-17,8.7
2013-12-18,8.67
2013-12-19,8.65
2013-12-20,8.67
2013-12-23,8.7
2013-12-24,8.7
2013-12-26,8.69
2013-12-27,8.68
2013-12-30,8.61
2013-12-31,8.64
2014-01-02,8.67
2014-01-03,8.64
2014-01-06,8.66
2014-01-07,8.72
2014-01-08,8.73
2014-01-09,8.71
2014-01-10,8.74
2014-01-13,8.74
2014-01-14,8.77
2014-01-15,8.78
2014-01-16,8.79
2014-01-17,8.78
2014-01-20,8.78
2014-01-21,8.79
2014-01-22,8.77
2014-01-23,8.8
2014-01-24,8.81
2014-01-27,8.84
2014-01-28,8.86
2014-01-29,8.85
2014-02-03,8.77
2014-02-04,8.84
2014-02-05,8.9
2014-02-06,8.85
2014-02-07,8.83
2014-02-10,8.84
2014-02-11,8.81
2014-02-12,8.83
2014-02-13,8.81
2014-02-14,8.88
2014-02-17,8.98
2014-02-18,9.0
2014-02-19,8.99
2014-02-20,9.07
2014-02-21,9.07
2014-02-24,9.14
2014-02-25,9.24
2014-02-26,9.18
2014-02-27,9.19
2014-02-28,9.15
2014-03-03,9.18
2014-03-04,9.25
2014-03-05,9.25
2014-03-06,9.24
2014-03-07,9.3
2014-03-10,9.29
2014-03-11,9.38
2014-03-12,9.34
2014-03-13,9.36
2014-03-14,9.38
2014-03-17,9.44
2014-03-18,9.47
2014-03-19,9.43
2014-03-20,9.46
2014-03-21,9.4
2014-03-24,9.46
2014-03-25,9.49
2014-03-26,9.46
2014-03-27,9.42
2014-03-28,9.37
2014-03-31,9.41
2014-04-01,9.38
2014-04-02,9.37
2014-04-03,9.36
2014-04-04,9.35
2014-04-07,9.33
2014-04-08,9.32
2014-04-09,9.33
2014-04-10,9.24
2014-04-11,9.12
2014-04-14,9.09
2014-04-15,9.08
2014-04-16,9.11
2014-04-17,9.11
2014-04-18,9.08
2014-04-21,9.08
2014-04-22,9.07
2014-04-23,9.02
2014-04-24,8.94
2014-04-25,8.95
2014-04-28,8.98
2014-04-29,8.96
2014-04-30,8.93
2014-05-02,8.93
2014-05-07,8.95
2014-05-08,8.86
2014-05-09,8.85
2014-05-12,8.87
2014-05-13,8.9
2014-05-14,8.87
2014-05-15,8.95
2014-05-16,8.97
2014-05-19,8.99
2014-05-20,8.96
2014-05-21,8.91
2014-05-22,8.92
2014-05-23,8.89
2014-05-26,8.82
2014-05-27,8.84
2014-05-28,8.84
2014-05-29,8.79
2014-05-30,8.78
2014-06-02,8.74
2014-06-03,8.7
2014-06-05,8.61
2014-06-09,8.64
2014-06-10,8.64
2014-06-11,8.61
2014-06-12,8.61
2014-06-13,8.63
2014-06-16,8.63
2014-06-17,8.63
2014-06-18,8.59
2014-06-19,8.53
2014-06-20,8.53
2014-06-23,8.52
2014-06-24,8.49
2014-06-25,8.49
2014-06-26,8.44
2014-06-27,8.41
2014-06-30,8.46
2014-07-01,8.54
2014-07-02,8.53
2014-07-03,8.48
2014-07-04,8.47
2014-07-07,8.5
2014-07-08,8.63
2014-07-09,8.7
2014-07-10,8.71
2014-07-11,8.74
2014-07-14,8.79
2014-07-15,8.73
2014-07-16,8.72
2014-07-17,8.83
2014-07-18,8.81
2014-07-21,8.88
2014-07-22,8.88
2014-07-23,8.83
2014-07-24,8.89
2014-07-25,8.89
2014-07-28,8.89
2014-07-29,8.86
2014-07-30,8.85
2014-07-31,8.85
2014-08-01,8.86
2014-08-04,8.76
2014-08-05,8.77
2014-08-06,8.81
2014-08-07,8.8
2014-08-08,8.77
2014-08-11,8.81
2014-08-12,8.83
2014-08-13,8.8
2014-08-14,8.79
2014-08-18,8.78
2014-08-19,8.71
2014-08-20,8.72
2014-08-21,8.73
2014-08-22,8.76
2014-08-25,8.73
2014-08-26,8.71
2014-08-27,8.69
2014-08-28,8.69
2014-08-29,8.66
2014-09-01,8.68
2014-09-02,8.66
2014-09-03,8.65
2014-09-04,8.66
2014-09-05,8.65
2014-09-11,8.67
2014-09-12,8.75
2014-09-15,8.78
2014-09-16,8.71
2014-09-17,8.65
2014-09-18,8.65
2014-09-19,8.69
2014-09-22,8.73
2014-09-23,8.69
2014-09-24,8.7
2014-09-25,8.7
2014-09-26,8.7
2014-09-29,8.67
2014-09-30,8.63
2014-10-01,8.66
2014-10-02,8.76
2014-10-06,8.71
2014-10-07,8.76
2014-10-08,8.74
2014-10-10,8.8
2014-10-13,8.76
2014-10-14,8.75
2014-10-15,8.71
2014-10-16,8.72
2014-10-17,8.65
2014-10-20,8.78
2014-10-21,8.81
2014-10-22,8.79
2014-10-23,8.77
2014-10-24,8.75
2014-10-27,8.78
2014-10-28,8.69
2014-10-29,8.63
2014-10-30,8.67
2014-10-31,8.69
2014-11-03,8.76
2014-11-04,8.88
2014-11-05,8.92
2014-11-06,8.88
2014-11-07,8.97
2014-11-10,8.98
2014-11-11,8.93
2014-11-12,8.93
2014-11-13,9.01
2014-11-14,8.99
2014-11-17,9.0
2014-11-18,8.99
2014-11-19,9.04
2014-11-20,9.09
2014-11-21,9.14
2014-11-24,9.14
2014-11-25,9.15
2014-11-26,9.15
2014-11-27,9.09
2014-11-28,9.04
2014-12-01,9.05
2014-12-02,9.1
2014-12-03,9.02
2014-12-04,9.06
2014-12-05,9.07
2014-12-08,9.05
2014-12-09,9.06
2014-12-10,9.02
2014-12-11,8.95
2014-12-12,8.89
2014-12-15,8.86
2014-12-16,8.69
2014-12-17,8.62
2014-12-18,8.6
2014-12-19,8.78
2014-12-22,8.82
2014-12-23,8.82
2014-12-24,8.84
2014-12-26,8.86
2014-12-29,8.82
2014-12-30,8.82
2014-12-31,8.83
2015-01-02,8.88
2015-01-05,8.79
2015-01-06,8.78
2015-01-07,8.72
2015-01-08,8.63
2015-01-09,8.66
2015-01-12,8.63
2015-01-13,8.6
2015-01-14,8.59
2015-01-15,8.56
2015-01-16,8.63
2015-01-19,8.56
2015-01-20,8.56
2015-01-21,8.62
2015-01-22,8.71
2015-01-23,8.69
2015-01-26,8.69
2015-01-27,8.63
2015-01-28,8.67
2015-01-29,8.67
2015-01-30,8.68
2015-02-02,8.65
2015-02-03,8.68
2015-02-04,8.68
2015-02-05,8.63
2015-02-06,8.62
2015-02-09,8.63
2015-02-10,8.67
2015-02-11,8.61
2015-02-12,8.63
2015-02-13,8.66
2015-02-16,8.59
2015-02-17,8.62
2015-02-23,8.6
2015-02-24,8.65
2015-02-25,8.6
2015-02-26,8.56
2015-02-27,8.56
2015-03-02,8.51
2015-03-03,8.5
2015-03-04,8.48
2015-03-05,8.45
2015-03-06,8.47
2015-03-09,8.47
2015-03-10,8.51
2015-03-11,8.55
2015-03-12,8.54
2015-03-13,8.58
2015-03-16,8.53
2015-03-17,8.56
2015-03-18,8.58
2015-03-19,8.55
2015-03-20,8.55
2015-03-23,8.55
2015-03-24,8.57
2015-03-25,8.58
2015-03-26,8.49
2015-03-27,8.48
2015-03-30,8.45
2015-03-31,8.45
2015-04-01,8.48
2015-04-02,8.46
2015-04-03,8.44
2015-04-06,8.42
2015-04-07,8.38
2015-04-08,8.39
2015-04-09,8.44
2015-04-10,8.48
2015-04-13,8.48
2015-04-14,8.45
2015-04-15,8.45
2015-04-16,8.5
2015-04-17,8.47
2015-04-20,8.44
2015-04-21,8.4
2015-04-22,8.36
2015-04-23,8.39
2015-04-24,8.36
2015-04-27,8.35
2015-04-28,8.28
2015-04-29,8.25
2015-04-30,8.25
2015-05-04,8.25
2015-05-06,8.28
2015-05-07,8.29
2015-05-08,8.27
2015-05-11,8.31
2015-05-12,8.29
2015-05-13,8.31
2015-05-14,8.33
2015-05-15,8.32
2015-05-18,8.32
2015-05-19,8.26
2015-05-20,8.32
2015-05-21,8.31
2015-05-22,8.34
2015-05-26,8.27
2015-05-27,8.31
2015-05-28,8.39
2015-05-29,8.38
2015-06-01,8.38
2015-06-02,8.41
2015-06-03,8.43
2015-06-04,8.37
2015-06-05,8.36
2015-06-08,8.38
2015-06-09,8.38
2015-06-10,8.41
2015-06-11,8.39
2015-06-12,8.34
2015-06-15,8.34
2015-06-16,8.37
2015-06-17,8.37
2015-06-18,8.36
2015-06-19,8.34
2015-06-22,8.28
2015-06-23,8.26
2015-06-24,8.33
2015-06-25,8.33
2015-06-26,8.33
2015-06-29,8.38
2015-06-30,8.42
2015-07-01,8.39
2015-07-02,8.39
2015-07-03,8.42
2015-07-06,8.41
2015-07-07,8.44
2015-07-08,8.48
2015-07-09,8.51
2015-07-10,8.52
2015-07-13,8.49
2015-07-14,8.51
2015-07-15,8.54
2015-07-16,8.55
2015-07-17,8.61
2015-07-20,8.59
2015-07-21,8.63
2015-07-22,8.68
2015-07-23,8.62
2015-07-24,8.66
2015-07-27,8.66
2015-07-28,8.68
2015-07-29,8.66
2015-07-30,8.61
2015-07-31,8.66
2015-08-03,8.64
2015-08-04,8.63
2015-08-05,8.67
2015-08-06,8.67
2015-08-07,8.64
2015-08-10,8.6
2015-08-11,8.6
2015-08-12,8.61
2015-08-13,8.63
2015-08-17,8.52
2015-08-18,8.57
2015-08-19,8.57
2015-08-20,8.56
2015-08-21,8.54
2015-08-24,8.55
2015-08-25,8.53
2015-08-26,8.49
2015-08-27,8.42
2015-08-28,8.46
2015-08-31,8.41
2015-09-01,8.42
2015-09-02,8.34
2015-09-03,8.34
2015-09-04,8.38
2015-09-07,8.41
2015-09-08,8.44
2015-09-09,8.43
2015-09-10,8.36
2015-09-11,8.34
2015-09-14,8.26
2015-09-15,8.23
2015-09-16,8.21
2015-09-17,8.16
2015-09-18,8.09
2015-09-21,8.12
2015-09-22,8.11
2015-09-23,8.12
2015-09-24,8.11
2015-09-25,8.14
2015-09-30,8.14
2015-10-01,8.13
2015-10-02,8.04
2015-10-05,8.06
2015-10-06,8.09
2015-10-07,8.18
2015-10-08,8.43
2015-10-12,8.64
2015-10-13,8.56
2015-10-14,8.43
2015-10-15,8.44
2015-10-16,8.43
2015-10-19,8.34
2015-10-20,8.32
2015-10-21,8.28
2015-10-22,8.25
2015-10-23,8.33
2015-10-26,8.27
2015-10-27,8.31
2015-10-28,8.3
2015-10-29,8.41
2015-10-30,8.38
2015-11-02,8.32
2015-11-03,8.34
2015-11-04,8.36
2015-11-05,8.33
2015-11-06,8.38
2015-11-09,8.4
2015-11-10,8.46
2015-11-11,8.51
2015-11-12,8.49
2015-11-13,8.49
2015-11-16,8.5
2015-11-17,8.54
2015-11-18,8.5
2015-11-19,8.5
2015-11-20,8.45
2015-11-23,8.47
2015-11-24,8.44
2015-11-25,8.43
2015-11-26,8.37
2015-11-27,8.35
2015-11-30,8.35
2015-12-01,8.37
2015-12-02,8.4
2015-12-03,8.4
2015-12-04,8.43
2015-12-07,8.36
2015-12-08,8.43
2015-12-09,8.48
2015-12-10,8.49
2015-12-11,8.45
2015-12-14,8.46
2015-12-15,8.43
2015-12-16,8.42
2015-12-17,8.37
2015-12-18,8.42
2015-12-21,8.51
2015-12-22,8.55
2015-12-23,8.6
2015-12-24,8.59
2015-12-28,8.58
2015-12-29,8.53
2015-12-30,8.5
2015-12-31,8.5
2016-01-04,8.5
2016-01-05,8.51
2016-01-06,8.57
2016-01-07,8.56
2016-01-08,8.61
2016-01-11,8.59
2016-01-12,8.71
2016-01-13,8.69
2016-01-14,8.72
2016-01-15,8.72
2016-01-18,8.72
2016-01-19,8.7
2016-01-20,8.72
2016-01-21,8.68
2016-01-22,8.7
2016-01-25,8.69
2016-01-26,8.61
2016-01-27,8.64
2016-01-28,8.65
2016-01-29,8.71
2016-02-01,8.76
2016-02-02,8.83
2016-02-03,8.79
2016-02-04,8.84
2016-02-05,8.82
2016-02-11,8.88
2016-02-12,8.89
2016-02-15,8.94
2016-02-16,9.05
2016-02-17,9.08
2016-02-18,9.07
2016-02-19,9.08
2016-02-22,9.14
2016-02-23,9.18
2016-02-24,9.16
2016-02-25,9.21
2016-02-26,9.22
2016-02-29,9.24
2016-03-02,9.3
2016-03-03,9.28
2016-03-04,9.21
2016-03-07,9.2
2016-03-08,9.17
2016-03-09,9.17
2016-03-10,9.24
2016-03-11,9.25
2016-03-14,9.18
2016-03-15,9.08
2016-03-16,9.02
2016-03-17,8.99
2016-03-18,8.97
2016-03-21,8.85
2016-03-22,8.87
2016-03-23,8.8
2016-03-24,8.79
2016-03-25,8.81
2016-03-28,8.82
2016-03-29,8.75
2016-03-30,8.68
2016-03-31,8.69
2016-04-01,8.63
2016-04-04,8.73
2016-04-05,8.72
2016-04-06,8.74
2016-04-07,8.74
2016-04-08,8.77
2016-04-11,8.8
2016-04-12,8.75
2016-04-14,8.7
2016-04-15,8.75
2016-04-18,8.73
2016-04-19,8.74
2016-04-20,8.67
2016-04-21,8.62
2016-04-22,8.63
2016-04-25,8.65
2016-04-26,8.71
2016-04-27,8.71
2016-04-28,8.68
2016-04-29,8.67
2016-05-02,8.63
2016-05-03,8.66
2016-05-04,8.62
2016-05-09,8.71
2016-05-10,8.76
2016-05-11,8.84
2016-05-12,8.78
2016-05-13,8.75
2016-05-16,8.78
2016-05-17,8.86
2016-05-18,8.82
2016-05-19,8.82
2016-05-20,8.78
2016-05-23,8.73
2016-05-24,8.71
2016-05-25,8.68
2016-05-26,8.68
2016-05-27,8.68
2016-05-30,8.68
2016-05-31,8.73
2016-06-01,8.72
2016-06-02,8.73
2016-06-03,8.72
2016-06-07,8.87
2016-06-08,8.77
2016-06-09,8.72
2016-06-10,8.71
2016-06-13,8.75
2016-06-14,8.83
2016-06-15,8.77
2016-06-16,8.8
2016-06-17,8.75
2016-06-20,8.78
2016-06-21,8.77
2016-06-22,8.73
2016-06-23,8.7
2016-06-24,8.68
2016-06-27,8.73
2016-06-28,8.87
2016-06-29,8.92
2016-06-30,8.85
2016-07-01,8.72
2016-07-04,8.73
2016-07-05,8.75
2016-07-06,8.78
2016-07-07,8.88
2016-07-08,8.81
2016-07-11,8.83
2016-07-12,8.77
2016-07-13,8.76
2016-07-14,8.75
2016-07-15,8.73
2016-07-18,8.65
2016-07-19,8.68
2016-07-20,8.7
2016-07-21,8.7
2016-07-22,8.7
2016-07-25,8.66
2016-07-26,8.65
2016-07-27,8.65
2016-07-28,8.63
2016-07-29,8.59
2016-08-01,8.57
2016-08-02,8.5
2016-08-03,8.47
2016-08-04,8.49
2016-08-05,8.48
2016-08-08,8.46
2016-08-09,8.47
2016-08-10,8.43
2016-08-11,8.36
2016-08-12,8.38
2016-08-16,8.4
2016-08-17,8.36
2016-08-18,8.42
2016-08-19,8.44
2016-08-22,8.48
2016-08-23,8.52
2016-08-24,8.45
2016-08-25,8.47
2016-08-26,8.45
2016-08-29,8.43
2016-08-30,8.48
2016-08-31,8.42
2016-09-01,8.42
2016-09-02,8.44
2016-09-05,8.44
2016-09-06,8.43
2016-09-07,8.42
2016-09-08,8.35
2016-09-09,8.37
2016-09-12,8.39
2016-09-13,8.48
2016-09-19,8.45
2016-09-20,8.51
2016-09-21,8.51
2016-09-22,8.5
2016-09-23,8.43
2016-09-26,8.44
2016-09-27,8.5
2016-09-28,8.52
2016-09-29,8.46
2016-09-30,8.45
2016-10-04,8.49
2016-10-05,8.51
2016-10-06,8.57
2016-10-07,8.56
2016-10-10,8.59
2016-10-11,8.56
2016-10-12,8.59
2016-10-13,8.63
2016-10-14,8.64
2016-10-17,8.68
2016-10-18,8.73
2016-10-19,8.69
2016-10-20,8.63
2016-10-21,8.64
2016-10-24,8.7
2016-10-25,8.72
2016-10-26,8.74
2016-10-27,8.71
2016-10-28,8.75
2016-10-31,8.78
2016-11-01,8.77
2016-11-02,8.76
2016-11-03,8.8
2016-11-04,8.72
2016-11-07,8.75
2016-11-08,8.72
2016-11-09,8.69
2016-11-10,8.75
2016-11-11,8.76
2016-11-14,8.76
2016-11-15,8.76
2016-11-16,8.75
2016-11-17,8.73
2016-11-18,8.78
2016-11-21,8.81
2016-11-22,8.82
2016-11-23,8.74
2016-11-24,8.71
2016-11-25,8.72
2016-11-28,8.72
2016-11-29,8.65
2016-11-30,8.61
2016-12-01,8.62
2016-12-02,8.66
2016-12-05,8.65
2016-12-06,8.74
2016-12-07,8.74
2016-12-08,8.78
2016-12-09,8.72
2016-12-12,8.75
2016-12-13,8.78
2016-12-14,8.76
2016-12-15,8.79
2016-12-16,8.81
2016-12-19,8.84
2016-12-20,8.86
2016-12-21,8.87
2016-12-22,8.87
2016-12-23,8.91
2016-12-26,8.94
2016-12-27,8.92
2016-12-28,8.96
2016-12-29,8.98
2016-12-30,8.98
2017-01-02,8.97
2017-01-03,8.96
2017-01-04,8.95
2017-01-05,8.98
2017-01-06,8.91
2017-01-09,8.9
2017-01-10,9.02
2017-01-11,9.0
2017-01-12,8.98
2017-01-13,8.9
2017-01-16,8.83
2017-01-17,8.83
2017-01-18,8.84
2017-01-19,8.74
2017-01-20,8.8
2017-01-23,8.74
2017-01-24,8.73
2017-01-25,8.73
2017-01-26,8.73
2017-01-31,8.68
2017-02-01,8.73
2017-02-02,8.64
2017-02-03,8.61
2017-02-06,8.59
2017-02-07,8.54
2017-02-08,8.57
2017-02-09,8.6
2017-02-10,8.61
2017-02-13,8.65
2017-02-14,8.64
2017-02-15,8.59
2017-02-16,8.56
2017-02-17,8.55
2017-02-20,8.59
2017-02-21,8.59
2017-02-22,8.58
2017-02-23,8.54
2017-02-24,8.53
2017-02-27,8.48
2017-02-28,8.48
2017-03-02,8.47
2017-03-03,8.55
2017-03-06,8.61
2017-03-07,8.66
2017-03-08,8.63
2017-03-09,8.59
2017-03-10,8.64
2017-03-13,8.66
2017-03-14,8.59
2017-03-15,8.58
2017-03-16,8.58
2017-03-17,8.48
2017-03-20,8.48
2017-03-21,8.45
2017-03-22,8.39
2017-03-23,8.43
2017-03-24,8.41
2017-03-27,8.42
2017-03-28,8.37
2017-03-29,8.36
2017-03-30,8.37
2017-03-31,8.38
2017-04-03,8.4
2017-04-04,8.36
2017-04-05,8.4
2017-04-06,8.44
2017-04-07,8.48
2017-04-10,8.52
2017-04-11,8.59
2017-04-12,8.63
2017-04-13,8.63
2017-04-14,8.54
2017-04-17,8.59
2017-04-18,8.55
2017-04-19,8.56
2017-04-20,8.57
2017-04-21,8.57
2017-04-24,8.53
2017-04-25,8.5
2017-04-26,8.51
2017-04-27,8.47
2017-04-28,8.49
2017-05-02,8.5
2017-05-04,8.5
2017-05-08,8.49
2017-05-10,8.48
2017-05-11,8.49
2017-05-12,8.46
2017-05-15,8.45
2017-05-16,8.46
2017-05-17,8.4
2017-05-18,8.39
2017-05-19,8.42
2017-05-22,8.46
2017-05-23,8.4
2017-05-24,8.42
2017-05-25,8.47
2017-05-26,8.4
2017-05-29,8.42
2017-05-30,8.41
2017-05-31,8.44
2017-06-01,8.42
2017-06-02,8.41
2017-06-05,8.43
2017-06-07,8.41
2017-06-08,8.43
2017-06-09,8.46
2017-06-12,8.44
2017-06-13,8.47
2017-06-14,8.49
2017-06-15,8.47
2017-06-16,8.45
2017-06-19,8.52
2017-06-20,8.51
2017-06-21,8.56
2017-06-22,8.58
2017-06-23,8.56
2017-06-26,8.55
2017-06-27,8.52
2017-06-28,8.53
2017-06-29,8.57
2017-06-30,8.55
2017-07-03,8.58
2017-07-04,8.57
2017-07-05,8.6
2017-07-06,8.6
2017-07-07,8.62
2017-07-10,8.62
2017-07-11,8.58
2017-07-12,8.59
2017-07-13,8.57
2017-07-14,8.52
2017-07-17,8.52
2017-07-18,8.47
2017-07-19,8.46
2017-07-20,8.42
2017-07-21,8.44
2017-07-24,8.42
2017-07-25,8.39
2017-07-26,8.38
2017-07-27,8.4
2017-07-28,8.35
2017-07-31,8.4
2017-08-01,8.42
2017-08-02,8.39
2017-08-03,8.43
2017-08-04,8.46
2017-08-07,8.45
2017-08-08,8.46
2017-08-09,8.45
2017-08-10,8.51
2017-08-11,8.56
2017-08-14,8.58
2017-08-16,8.52
2017-08-17,8.52
2017-08-18,8.49
2017-08-21,8.55
2017-08-22,8.53
2017-08-23,8.51
2017-08-24,8.47
2017-08-25,8.45
2017-08-28,8.46
2017-08-29,8.4
2017-08-30,8.44
2017-08-31,8.41
2017-09-01,8.44
2017-09-04,8.41
2017-09-05,8.48
2017-09-06,8.48
2017-09-07,8.5
2017-09-08,8.49
2017-09-11,8.53
2017-09-12,8.58
2017-09-13,8.56
2017-09-14,8.54
2017-09-15,8.55
2017-09-18,8.56
2017-09-19,8.51
2017-09-20,8.51
2017-09-21,8.5
2017-09-22,8.53
2017-09-25,8.54
2017-09-26,8.48
2017-09-27,8.49
2017-09-28,8.48
2017-09-29,8.48
2017-10-10,8.48
2017-10-11,8.42
2017-10-12,8.4
2017-10-13,8.39
2017-10-16,8.38
2017-10-17,8.36
2017-10-18,8.38
2017-10-19,8.36
2017-10-20,8.37
2017-10-23,8.37
2017-10-24,8.36
2017-10-25,8.34
2017-10-26,8.31
2017-10-27,8.28
2017-10-30,8.3
2017-10-31,8.28
2017-11-01,8.27
2017-11-02,8.22
2017-11-03,8.22
2017-11-06,8.24
2017-11-07,8.26
2017-11-08,8.23
2017-11-09,8.24
2017-11-10,8.24
2017-11-13,8.26
2017-11-14,8.27
2017-11-15,8.25
2017-11-16,8.23
2017-11-17,8.15
2017-11-20,8.1
2017-11-21,8.12
2017-11-22,8.11
2017-11-23,8.07
2017-11-24,8.05
2017-11-27,8.04
2017-11-28,8.05
2017-11-29,8.06
2017-11-30,8.02
2017-12-01,8.02
2017-12-04,8.04
2017-12-05,8.05
2017-12-06,8.02
2017-12-07,8.06
2017-12-08,8.06
2017-12-11,8.07
2017-12-12,8.06
2017-12-13,8.03
2017-12-14,8.04
2017-12-15,8.0
2017-12-18,8.02
2017-12-19,8.02
2017-12-20,8.01
2017-12-21,7.98
2017-12-22,7.97
2017-12-26,7.96
2017-12-27,7.94
2017-12-28,7.93
2017-12-29,7.9
2018-01-02,7.9
2018-01-03,7.87
2018-01-04,7.9
2018-01-05,7.94
2018-01-08,7.92
2018-01-09,7.93
2018-01-10,7.94
2018-01-11,7.97
2018-01-12,7.99
2018-01-15,7.97
2018-01-16,7.96
2018-01-17,7.98
2018-01-18,7.98
2018-01-19,8.01
2018-01-22,8.02
2018-01-23,8.01
2018-01-24,8.03
2018-01-25,8.04
2018-01-26,7.99
2018-01-29,8.0
2018-01-30,7.97
2018-01-31,7.98
2018-02-01,8.0
2018-02-02,7.98
2018-02-05,8.0
2018-02-06,8.06
2018-02-07,8.07
2018-02-08,7.99
2018-02-09,8.0
2018-02-12,8.02
2018-02-13,7.93
2018-02-14,7.93
2018-02-19,7.96
2018-02-20,7.88
2018-02-21,7.86
2018-02-22,7.9
2018-02-23,7.91
2018-02-26,7.89
2018-02-27,7.86
2018-02-28,7.83
2018-03-02,7.87
2018-03-05,7.86
2018-03-06,7.85
2018-03-07,7.81
2018-03-08,7.76
2018-03-09,7.75
2018-03-12,7.76
2018-03-13,7.73
2018-03-14,7.75
2018-03-15,7.76
2018-03-16,7.75
2018-03-19,7.78
2018-03-20,7.78
2018-03-21,7.79
2018-03-22,7.78
2018-03-23,7.77
2018-03-26,7.84
2018-03-27,7.87
2018-03-28,7.8
2018-03-29,7.77
2018-03-30,7.75
2018-04-02,7.73
2018-04-03,7.69
2018-04-04,7.68
2018-04-05,7.68
2018-04-06,7.7
2018-04-09,7.74
2018-04-10,7.76
2018-04-11,7.77
2018-04-12,7.75
2018-04-13,7.76
2018-04-16,7.78
2018-04-17,7.79
2018-04-18,7.76
2018-04-19,7.74
2018-04-20,7.72
2018-04-23,7.69
2018-04-24,7.69
2018-04-25,7.75
2018-04-26,7.75
2018-04-27,7.77
2018-04-30,7.75
2018-05-02,7.67
2018-05-03,7.71
2018-05-04,7.72
2018-05-08,7.69
2018-05-09,7.67
2018-05-10,7.68
2018-05-11,7.64
2018-05-14,7.66
2018-05-15,7.63
2018-05-16,7.64
2018-05-17,7.65
2018-05-18,7.68
2018-05-21,7.63
2018-05-23,7.67
2018-05-24,7.59
2018-05-25,7.64
2018-05-28,7.64
2018-05-29,7.67
2018-05-30,7.69
2018-05-31,7.73
2018-06-01,7.75
2018-06-04,7.74
2018-06-05,7.72
2018-06-07,7.72
2018-06-08,7.7
2018-06-11,7.7
2018-06-12,7.71
2018-06-14,7.72
2018-06-15,7.77
2018-06-18,7.83
2018-06-19,7.93
2018-06-20,7.94
2018-06-21,7.95
2018-06-22,7.86
2018-06-25,7.88
2018-06-26,7.88
2018-06-27,7.87
2018-06-28,7.88
2018-06-29,7.79
2018-07-02,7.8
2018-07-03,7.77
2018-07-04,7.8
2018-07-05,7.77
2018-07-06,7.77
2018-07-09,7.78
2018-07-10,7.76
2018-07-11,7.76
2018-07-12,7.79
2018-07-13,7.84
2018-07-16,7.81
2018-07-17,7.85
2018-07-18,7.83
2018-07-19,7.84
2018-07-20,7.81
2018-07-23,7.84
2018-07-24,7.79
2018-07-25,7.81
2018-07-26,7.8
2018-07-27,7.74
2018-07-30,7.77
2018-07-31,7.75
2018-08-01,7.75
2018-08-02,7.75
2018-08-03,7.76
2018-08-06,7.78
2018-08-07,7.76
2018-08-08,7.8
2018-08-09,7.75
2018-08-10,7.76
2018-08-13,7.78
2018-08-14,7.77
2018-08-16,7.75
2018-08-17,7.74
2018-08-20,7.7
2018-08-21,7.69
2018-08-22,7.67
2018-08-23,7.67
2018-08-24,7.66
2018-08-27,7.66
2018-08-28,7.62
2018-08-29,7.59
2018-08-30,7.57
2018-08-31,7.55
2018-09-03,7.56
2018-09-04,7.52
2018-09-05,7.46
2018-09-06,7.48
2018-09-07,7.53
2018-09-10,7.58
2018-09-11,7.59
2018-09-12,7.58
2018-09-13,7.6
2018-09-14,7.56
2018-09-17,7.56
2018-09-18,7.57
2018-09-19,7.58
2018-09-20,7.55
2018-09-21,7.54
2018-09-27,7.49
2018-09-28,7.46
2018-10-01,7.45
2018-10-02,7.45
2018-10-04,7.41
2018-10-05,7.44
2018-10-08,7.45
2018-10-10,7.43
2018-10-11,7.45
2018-10-12,7.5
2018-10-15,7.45
2018-10-16,7.45
2018-10-17,7.42
2018-10-18,7.42
2018-10-19,7.45
2018-10-22,7.47
2018-10-23,7.45
2018-10-24,7.48
2018-10-25,7.45
2018-10-26,7.5
2018-10-29,7.5
2018-10-30,7.48
2018-10-31,7.49
2018-11-01,7.49
2018-11-02,7.53
2018-11-05,7.53
2018-11-06,7.5
2018-11-07,7.58
2018-11-08,7.69
2018-11-09,7.69
2018-11-12,7.67
2018-11-13,7.64
2018-11-14,7.67
2018-11-15,7.66
2018-11-16,7.7
2018-11-19,7.72
2018-11-20,7.73
2018-11-21,7.73
2018-11-22,7.75
2018-11-23,7.74
2018-11-26,7.78
2018-11-27,7.81
2018-11-28,7.78
2018-11-29,7.77
2018-11-30,7.8
2018-12-03,7.83
2018-12-04,7.82
2018-12-05,7.77
2018-12-06,7.74
2018-12-07,7.7
2018-12-10,7.73
2018-12-11,7.73
2018-12-12,7.74
2018-12-13,7.72
2018-12-14,7.75
2018-12-17,7.74
2018-12-18,7.76
2018-12-19,7.79
2018-12-20,7.79
2018-12-21,7.8
2018-12-24,7.72
2018-12-26,7.73
2018-12-27,7.72
2018-12-28,7.7
2018-12-31,7.68
2019-01-02,7.78
2019-01-03,7.74
2019-01-04,7.82
2019-01-07,7.89
2019-01-08,7.93
2019-01-09,7.93
2019-01-10,7.94
2019-01-11,7.96
2019-01-14,7.96
2019-01-15,7.94
2019-01-16,7.95
2019-01-17,7.94
2019-01-18,7.91
2019-01-21,7.91
2019-01-22,7.92
2019-01-23,7.95
2019-01-24,7.96
2019-01-25,7.96
2019-01-28,7.99
2019-01-29,7.94
2019-01-30,7.93
2019-01-31,7.91
2019-02-01,7.96
2019-02-07,8.02
2019-02-08,8.04
2019-02-11,8.05
2019-02-12,8.01
2019-02-13,7.99
2019-02-14,7.98
2019-02-15,7.98
2019-02-18,7.97
2019-02-19,7.97
2019-02-20,8.0
2019-02-21,8.0
2019-02-22,8.0
2019-02-25,8.01
2019-02-26,8.0
2019-02-27,7.99
2019-02-28,7.97
2019-03-04,7.93
2019-03-05,7.96
2019-03-06,7.97
2019-03-07,7.98
2019-03-08,7.98
2019-03-11,7.92
2019-03-12,7.94
2019-03-13,7.91
2019-03-14,7.93
2019-03-15,7.94
2019-03-18,7.97
2019-03-19,7.96
2019-03-20,7.95
2019-03-21,7.97
2019-03-22,7.96
2019-03-25,7.98
2019-03-26,8.0
2019-03-27,7.99
2019-03-28,7.99
2019-03-29,7.99
2019-04-01,7.98
2019-04-02,7.96
2019-04-03,7.99
2019-04-04,7.98
2019-04-05,8.01
2019-04-08,8.05
2019-04-09,8.06
2019-04-10,8.09
2019-04-11,8.07
2019-04-12,8.06
2019-04-15,8.09
2019-04-16,8.06
2019-04-17,8.06
2019-04-18,8.07
2019-04-19,8.09
2019-04-22,8.1
2019-04-23,8.11
2019-04-24,8.11
2019-04-25,8.14
2019-04-26,8.17
2019-04-29,8.17
2019-04-30,8.16
2019-05-02,8.17
2019-05-03,8.17
2019-05-07,8.18
2019-05-08,8.19
2019-05-09,8.18
2019-05-10,8.19
2019-05-13,8.22
2019-05-14,8.21
2019-05-15,8.23
2019-05-16,8.23
2019-05-17,8.23
2019-05-20,8.25
2019-05-21,8.25
2019-05-22,8.24
2019-05-23,8.22
2019-05-24,8.24
2019-05-27,8.27
2019-05-28,8.23
2019-05-29,8.26
2019-05-30,8.29
2019-05-31,8.26
2019-06-03,8.34
2019-06-04,8.29
2019-06-05,8.28
2019-06-07,8.26
2019-06-10,8.26
2019-06-11,8.31
2019-06-12,8.3
2019-06-13,8.3
2019-06-14,8.3
2019-06-17,8.27
2019-06-18,8.28
2019-06-19,8.27
2019-06-20,8.25
2019-06-21,8.23
2019-06-24,8.21
2019-06-25,8.19
2019-06-26,8.17
2019-06-27,8.17
2019-06-28,8.18
2019-07-01,8.19
2019-07-02,8.19
2019-07-03,8.24
2019-07-04,8.29
2019-07-05,8.27
2019-07-08,8.31
2019-07-09,8.35
2019-07-10,8.35
2019-07-11,8.36
2019-07-12,8.35
2019-07-15,8.41
2019-07-16,8.47
2019-07-17,8.46
2019-07-18,8.44
2019-07-19,8.45
2019-07-22,8.42
2019-07-23,8.44
2019-07-24,8.43
2019-07-25,8.42
2019-07-26,8.44
2019-07-29,8.46
2019-07-30,8.44
2019-07-31,8.43
2019-08-01,8.43
2019-08-02,8.42
2019-08-05,8.43
2019-08-06,8.5
2019-08-07,8.51
2019-08-08,8.54
2019-08-09,8.53
2019-08-12,8.53
2019-08-13,8.53
2019-08-14,8.51
2019-08-16,8.49
2019-08-19,8.52
2019-08-20,8.51
2019-08-21,8.49
2019-08-22,8.46
2019-08-23,8.47
2019-08-26,8.53
2019-08-27,8.55
2019-08-28,8.51
2019-08-29,8.51
2019-08-30,8.54
2019-09-02,8.53
2019-09-03,8.54
2019-09-04,8.54
2019-09-05,8.55
2019-09-06,8.48
2019-09-09,8.49
2019-09-10,8.5
2019-09-11,8.48
2019-09-16,8.53
2019-09-17,8.43
2019-09-18,8.43
2019-09-19,8.47
2019-09-20,8.5
2019-09-23,8.47
2019-09-24,8.47
2019-09-25,8.46
2019-09-26,8.47
2019-09-27,8.46
2019-09-30,8.48
2019-10-01,8.45
2019-10-02,8.43
2019-10-04,8.49
2019-10-07,8.47
2019-10-08,8.45
2019-10-10,8.43
2019-10-11,8.45
2019-10-14,8.42
2019-10-15,8.37
2019-10-16,8.36
2019-10-17,8.38
2019-10-18,8.39
2019-10-21,8.35
2019-10-22,8.35
2019-10-23,8.34
2019-10-24,8.37
2019-10-25,8.33
2019-10-28,8.37
2019-10-29,8.34
2019-10-30,8.32
2019-10-31,8.33
2019-11-01,8.28
2019-11-04,8.32
2019-11-05,8.28
2019-11-06,8.31
2019-11-07,8.26
2019-11-08,8.29
2019-11-11,8.25
2019-11-12,8.26
2019-11-13,8.28
2019-11-14,8.29
2019-11-15,8.31
2019-11-18,8.29
2019-11-19,8.27
2019-11-20,8.29
2019-11-21,8.3
2019-11-22,8.35
2019-11-25,8.36
2019-11-26,8.36
2019-11-27,8.34
2019-11-28,8.34
2019-11-29,8.37
2019-12-02,8.37
2019-12-03,8.36
2019-12-04,8.41
2019-12-05,8.46
2019-12-06,8.46
2019-12-09,8.48
2019-12-10,8.49
2019-12-11,8.51
2019-12-12,8.5
2019-12-13,8.47
2019-12-16,8.38
2019-12-17,8.37
2019-12-18,8.34
2019-12-19,8.34
2019-12-20,8.33
2019-12-23,8.32
2019-12-24,8.32
2019-12-26,8.33
2019-12-27,8.32
2019-12-30,8.32
2019-12-31,8.31
2020-01-02,8.34
2020-01-03,8.33
2020-01-06,8.35
2020-01-07,8.39
2020-01-08,8.4
2020-01-09,8.45
2020-01-10,8.38
2020-01-13,8.44
2020-01-14,8.46
2020-01-15,8.44
2020-01-16,8.48
