,CHF
2010-01-04,1128.17
2010-01-05,1122.31
2010-01-06,1106.67
2010-01-07,1107.41
2010-01-08,1095.46
2010-01-11,1106.62
2010-01-12,1102.44
2010-01-13,1103.78
2010-01-14,1106.1
2010-01-15,1101.5
2010-01-18,1093.14
2010-01-19,1100.92
2010-01-20,1088.38
2010-01-21,1084.37
2010-01-22,1090.99
2010-01-25,1105.07
2010-01-26,1105.06
2010-01-27,1099.94
2010-01-28,1104.93
2010-01-29,1098.6
2010-02-01,1090.87
2010-02-02,1105.61
2010-02-03,1099.57
2010-02-04,1088.32
2010-02-05,1081.18
2010-02-08,1089.2
2010-02-09,1093.03
2010-02-10,1096.33
2010-02-11,1085.5
2010-02-12,1080.69
2010-02-16,1071.63
2010-02-17,1081.06
2010-02-18,1059.53
2010-02-19,1055.75
2010-02-22,1075.07
2010-02-23,1068.17
2010-02-24,1060.28
2010-02-25,1069.62
2010-02-26,1072.39
2010-03-02,1075.55
2010-03-03,1072.08
2010-03-04,1073.9
2010-03-05,1061.58
2010-03-08,1064.76
2010-03-09,1055.49
2010-03-10,1055.64
2010-03-11,1058.35
2010-03-12,1058.94
2010-03-15,1068.18
2010-03-16,1067.7
2010-03-17,1074.19
2010-03-18,1070.82
2010-03-19,1069.94
2010-03-22,1068.02
2010-03-23,1074.25
2010-03-24,1071.86
2010-03-25,1059.78
2010-03-26,1062.92
2010-03-29,1072.98
2010-03-30,1071.88
2010-03-31,1060.74
2010-04-01,1075.24
2010-04-02,1070.04
2010-04-05,1059.51
2010-04-06,1059.57
2010-04-07,1051.2
2010-04-08,1043.92
2010-04-09,1046.44
2010-04-12,1058.57
2010-04-13,1050.74
2010-04-14,1062.76
2010-04-15,1060.75
2010-04-16,1049.31
2010-04-19,1048.36
2010-04-20,1050.9
2010-04-21,1043.1
2010-04-22,1037.04
2010-04-23,1024.49
2010-04-26,1034.53
2010-04-27,1031.44
2010-04-28,1017.79
2010-04-29,1031.29
2010-04-30,1031.25
2010-05-03,1029.92
2010-05-04,1027.82
2010-05-06,997.32
2010-05-07,1020.78
2010-05-10,1049.74
2010-05-11,1020.84
2010-05-12,1016.55
2010-05-13,1025.13
2010-05-14,1012.26
2010-05-17,1000.4
2010-05-18,1015.27
2010-05-19,999.57
2010-05-20,1010.89
2010-05-24,1024.87
2010-05-25,1044.65
2010-05-26,1084.41
2010-05-27,1080.18
2010-05-28,1070.89
2010-05-31,1036.71
2010-06-01,1039.36
2010-06-03,1045.49
2010-06-04,1041.68
2010-06-07,1032.49
2010-06-08,1061.83
2010-06-09,1070.19
2010-06-10,1081.82
2010-06-11,1103.05
2010-06-14,1084.32
2010-06-15,1072.12
2010-06-16,1079.32
2010-06-17,1071.21
2010-06-18,1093.73
2010-06-21,1091.07
2010-06-22,1059.8
2010-06-23,1067.86
2010-06-24,1075.44
2010-06-25,1075.5
2010-06-28,1102.4
2010-06-29,1103.87
2010-06-30,1119.2
2010-07-01,1140.83
2010-07-02,1160.2
2010-07-05,1147.69
2010-07-06,1149.19
2010-07-07,1157.96
2010-07-08,1161.85
2010-07-09,1153.08
2010-07-12,1136.41
2010-07-13,1128.39
2010-07-14,1141.86
2010-07-15,1139.38
2010-07-16,1155.7
2010-07-19,1144.72
2010-07-20,1153.33
2010-07-21,1152.23
2010-07-22,1145.69
2010-07-23,1157.03
2010-07-26,1136.03
2010-07-27,1138.61
2010-07-28,1115.97
2010-07-29,1122.89
2010-07-30,1141.7
2010-08-02,1137.56
2010-08-03,1129.25
2010-08-04,1123.86
2010-08-05,1110.06
2010-08-06,1116.61
2010-08-09,1122.05
2010-08-10,1104.9
2010-08-11,1113.95
2010-08-12,1110.45
2010-08-13,1137.25
2010-08-16,1129.44
2010-08-17,1147.53
2010-08-18,1129.35
2010-08-19,1126.26
2010-08-20,1137.3
2010-08-23,1139.72
2010-08-24,1134.49
2010-08-25,1152.41
2010-08-26,1161.37
2010-08-27,1166.29
2010-08-30,1162.08
2010-08-31,1159.19
2010-09-01,1179.0
2010-09-02,1172.83
2010-09-03,1165.96
2010-09-06,1158.8
2010-09-07,1159.49
2010-09-08,1163.43
2010-09-09,1163.11
2010-09-10,1151.31
2010-09-13,1142.91
2010-09-14,1152.3
2010-09-15,1165.83
2010-09-16,1156.75
2010-09-17,1145.39
2010-09-20,1152.27
2010-09-24,1179.38
2010-09-27,1174.43
2010-09-28,1165.29
2010-09-29,1175.9
2010-09-30,1168.65
2010-10-01,1159.86
2010-10-04,1161.76
2010-10-05,1156.84
2010-10-06,1169.77
2010-10-07,1164.22
2010-10-08,1156.37
2010-10-11,1164.53
2010-10-12,1155.38
2010-10-13,1177.15
2010-10-14,1168.58
2010-10-15,1166.89
2010-10-18,1162.66
2010-10-19,1165.51
2010-10-20,1156.44
2010-10-21,1175.62
2010-10-22,1163.97
2010-10-25,1155.26
2010-10-26,1148.2
2010-10-27,1135.41
2010-10-28,1136.8
2010-10-29,1145.56
2010-11-01,1143.99
2010-11-02,1126.7
2010-11-03,1137.77
2010-11-04,1142.75
2010-11-05,1155.11
2010-11-08,1150.03
2010-11-09,1152.46
2010-11-10,1152.33
2010-11-11,1147.88
2010-11-12,1135.2
2010-11-15,1143.63
2010-11-16,1146.22
2010-11-17,1133.22
2010-11-18,1148.55
2010-11-19,1143.76
2010-11-22,1140.54
2010-11-23,1139.95
2010-11-24,1137.84
2010-11-25,1153.92
2010-11-26,1144.57
2010-11-29,1143.83
2010-11-30,1159.68
2010-12-01,1150.36
2010-12-02,1150.4
2010-12-03,1157.63
2010-12-06,1172.4
2010-12-07,1154.2
2010-12-08,1148.79
2010-12-09,1156.54
2010-12-10,1157.85
2010-12-13,1163.06
2010-12-14,1180.63
2010-12-15,1188.9
2010-12-16,1189.75
2010-12-17,1199.44
2010-12-20,1185.96
2010-12-21,1206.9
2010-12-22,1203.42
2010-12-23,1214.14
2010-12-24,1201.61
2010-12-27,1198.13
2010-12-28,1198.35
2010-12-29,1205.42
2010-12-30,1213.7
2010-12-31,1218.01
2011-01-03,1219.9
2011-01-04,1206.98
2011-01-05,1183.92
2011-01-06,1164.36
2011-01-07,1163.53
2011-01-10,1158.72
2011-01-11,1158.78
2011-01-12,1156.32
2011-01-13,1158.34
2011-01-14,1153.97
2011-01-17,1156.87
2011-01-18,1154.59
2011-01-19,1158.45
2011-01-20,1164.68
2011-01-21,1155.76
2011-01-24,1170.7
2011-01-25,1180.88
2011-01-26,1185.72
2011-01-27,1186.04
2011-01-28,1178.03
2011-01-31,1182.66
2011-02-01,1189.24
2011-02-07,1168.4
2011-02-08,1158.62
2011-02-09,1146.71
2011-02-10,1153.0
2011-02-11,1148.21
2011-02-14,1151.92
2011-02-15,1158.36
2011-02-16,1160.87
2011-02-17,1168.37
2011-02-18,1175.38
2011-02-21,1177.47
2011-02-22,1179.13
2011-02-23,1200.32
2011-02-24,1206.52
2011-02-25,1217.68
2011-02-28,1214.82
2011-03-02,1216.18
2011-03-03,1221.74
2011-03-04,1204.31
2011-03-07,1205.59
2011-03-08,1206.32
2011-03-09,1195.08
2011-03-10,1199.4
2011-03-11,1199.94
2011-03-14,1211.35
2011-03-15,1222.59
2011-03-16,1233.7
2011-03-17,1258.74
2011-03-18,1266.53
2011-03-21,1250.26
2011-03-22,1243.47
2011-03-23,1241.16
2011-03-24,1237.49
2011-03-25,1236.77
2011-03-28,1208.46
2011-03-29,1215.71
2011-03-30,1210.34
2011-03-31,1205.25
2011-04-01,1196.28
2011-04-04,1182.84
2011-04-05,1177.89
2011-04-06,1177.16
2011-04-07,1182.4
2011-04-08,1187.45
2011-04-11,1193.27
2011-04-12,1195.33
2011-04-13,1217.67
2011-04-14,1219.58
2011-04-15,1220.55
2011-04-18,1219.21
2011-04-19,1217.22
2011-04-20,1214.69
2011-04-21,1218.26
2011-04-22,1218.52
2011-04-25,1221.27
2011-04-26,1227.37
2011-04-27,1247.06
2011-04-28,1233.47
2011-04-29,1227.87
2011-05-02,1238.8
2011-05-03,1233.29
2011-05-04,1241.68
2011-05-06,1234.82
2011-05-09,1235.83
2011-05-11,1227.16
2011-05-12,1212.73
2011-05-13,1224.22
2011-05-16,1219.51
2011-05-17,1235.22
2011-05-18,1241.07
2011-05-19,1233.06
2011-05-20,1231.49
2011-05-23,1233.85
2011-05-24,1234.12
2011-05-25,1244.02
2011-05-26,1256.43
2011-05-27,1259.67
2011-05-30,1271.83
2011-05-31,1271.89
2011-06-01,1261.67
2011-06-02,1278.31
2011-06-03,1280.78
2011-06-07,1290.34
2011-06-08,1291.12
2011-06-09,1293.51
2011-06-10,1287.03
2011-06-13,1283.09
2011-06-14,1297.22
2011-06-15,1282.32
2011-06-16,1269.35
2011-06-17,1283.1
2011-06-20,1280.57
2011-06-21,1282.12
2011-06-22,1284.37
2011-06-23,1278.85
2011-06-24,1284.84
2011-06-27,1291.52
2011-06-28,1302.69
2011-06-29,1298.84
2011-06-30,1293.23
2011-07-01,1270.83
2011-07-04,1258.44
2011-07-05,1255.15
2011-07-06,1268.04
2011-07-07,1268.49
2011-07-08,1259.9
2011-07-11,1264.59
2011-07-12,1267.36
2011-07-13,1281.72
2011-07-14,1310.81
2011-07-15,1296.56
2011-07-18,1304.99
2011-07-19,1298.5
2011-07-20,1285.81
2011-07-21,1282.1
2011-07-22,1291.76
2011-07-25,1292.75
2011-07-26,1308.88
2011-07-27,1313.42
2011-07-28,1310.78
2011-07-29,1312.55
2011-08-01,1331.77
2011-08-02,1335.92
2011-08-03,1373.62
2011-08-04,1374.09
2011-08-05,1382.03
2011-08-08,1405.63
2011-08-09,1423.46
2011-08-10,1511.38
2011-08-11,1487.44
2011-08-12,1425.27
2011-08-16,1375.45
2011-08-17,1345.74
2011-08-18,1358.45
2011-08-19,1349.57
2011-08-22,1374.59
2011-08-23,1372.17
2011-08-24,1363.44
2011-08-25,1355.19
2011-08-26,1365.93
2011-08-29,1340.96
2011-08-30,1317.9
2011-08-31,1307.83
2011-09-01,1326.89
2011-09-02,1336.94
2011-09-05,1344.68
2011-09-06,1360.03
2011-09-07,1243.96
2011-09-08,1248.05
2011-09-09,1227.25
2011-09-14,1222.87
2011-09-15,1256.31
2011-09-16,1272.95
2011-09-19,1257.56
2011-09-20,1266.35
2011-09-21,1295.5
2011-09-22,1275.66
2011-09-23,1297.09
2011-09-26,1310.5
2011-09-28,1315.68
2011-09-29,1301.55
2011-09-30,1313.4
2011-10-04,1279.57
2011-10-05,1304.37
2011-10-06,1291.31
2011-10-07,1289.36
2011-10-10,1272.61
2011-10-11,1297.21
2011-10-12,1280.89
2011-10-13,1310.09
2011-10-14,1286.67
2011-10-17,1301.44
2011-10-18,1275.41
2011-10-19,1275.26
2011-10-20,1259.91
2011-10-21,1275.04
2011-10-24,1300.78
2011-10-25,1292.11
2011-10-26,1284.19
2011-10-27,1281.12
2011-10-28,1306.49
2011-10-31,1280.65
2011-11-01,1258.13
2011-11-02,1252.28
2011-11-03,1272.18
2011-11-04,1287.77
2011-11-07,1251.8
2011-11-08,1237.65
2011-11-09,1246.84
2011-11-10,1226.18
2011-11-11,1252.06
2011-11-14,1253.67
2011-11-15,1233.19
2011-11-16,1229.41
2011-11-17,1233.15
2011-11-18,1234.78
2011-11-21,1237.98
2011-11-22,1242.21
2011-11-23,1254.28
2011-11-24,1249.13
2011-11-25,1258.2
2011-11-28,1249.82
2011-11-29,1251.65
2011-11-30,1249.58
2011-12-01,1247.99
2011-12-02,1230.97
2011-12-05,1224.03
2011-12-06,1226.99
2011-12-07,1222.26
2011-12-08,1220.27
2011-12-09,1221.21
2011-12-12,1233.65
2011-12-13,1220.88
2011-12-14,1222.45
2011-12-15,1215.38
2011-12-16,1235.53
2011-12-19,1235.05
2011-12-20,1247.4
2011-12-21,1252.99
2011-12-22,1229.66
2011-12-23,1235.59
2011-12-26,1226.68
2011-12-27,1228.44
2011-12-28,1237.59
2011-12-29,1227.36
2011-12-30,1225.87
2012-01-02,1229.14
2012-01-03,1229.52
2012-01-04,1234.54
2012-01-05,1217.85
2012-01-06,1207.16
2012-01-09,1209.44
2012-01-10,1226.48
2012-01-11,1217.82
2012-01-12,1215.18
2012-01-13,1226.89
2012-01-16,1204.82
2012-01-17,1206.86
2012-01-18,1208.13
2012-01-19,1216.52
2012-01-20,1219.31
2012-01-25,1223.13
2012-01-26,1221.98
2012-01-27,1218.14
2012-01-30,1230.48
2012-01-31,1226.22
2012-02-01,1223.83
2012-02-02,1231.58
2012-02-03,1220.0
2012-02-06,1217.25
2012-02-07,1218.28
2012-02-08,1230.12
2012-02-09,1220.97
2012-02-10,1226.32
2012-02-13,1229.25
2012-02-14,1223.73
2012-02-15,1221.24
2012-02-16,1214.95
2012-02-17,1227.0
2012-02-20,1228.52
2012-02-21,1230.69
2012-02-22,1231.91
2012-02-23,1237.22
2012-02-24,1251.86
2012-02-27,1256.79
2012-02-28,1254.68
2012-02-29,1257.96
2012-03-02,1236.79
2012-03-05,1218.63
2012-03-06,1224.1
2012-03-07,1219.04
2012-03-08,1228.55
2012-03-09,1232.99
2012-03-12,1213.28
2012-03-13,1224.67
2012-03-14,1214.4
2012-03-15,1207.22
2012-03-16,1222.83
2012-03-19,1228.18
2012-03-20,1231.76
2012-03-21,1232.42
2012-03-22,1235.24
2012-03-23,1237.46
2012-03-26,1249.37
2012-03-27,1260.21
2012-03-28,1256.55
2012-03-29,1256.57
2012-03-30,1255.3
2012-04-02,1258.96
2012-04-03,1248.87
2012-04-04,1233.29
2012-04-05,1231.69
2012-04-06,1227.52
2012-04-09,1229.82
2012-04-10,1241.24
2012-04-12,1240.56
2012-04-13,1253.42
2012-04-16,1232.58
2012-04-17,1243.46
2012-04-18,1244.29
2012-04-19,1240.83
2012-04-20,1246.93
2012-04-23,1252.42
2012-04-24,1246.27
2012-04-25,1253.45
2012-04-26,1254.16
2012-04-27,1248.48
2012-04-30,1250.15
2012-05-02,1246.53
2012-05-03,1233.61
2012-05-04,1236.93
2012-05-07,1223.38
2012-05-08,1237.73
2012-05-09,1228.25
2012-05-10,1227.85
2012-05-11,1230.28
2012-05-14,1229.35
2012-05-15,1226.72
2012-05-16,1223.8
2012-05-17,1230.7
2012-05-18,1229.4
2012-05-21,1245.06
2012-05-22,1244.41
2012-05-23,1228.26
2012-05-24,1228.52
2012-05-25,1227.91
2012-05-29,1230.99
2012-05-30,1224.58
2012-05-31,1212.6
2012-06-01,1216.39
2012-06-04,1219.95
2012-06-05,1230.4
2012-06-07,1230.4
2012-06-08,1225.09
2012-06-11,1234.67
2012-06-12,1211.84
2012-06-13,1219.21
2012-06-14,1221.74
2012-06-15,1226.73
2012-06-18,1232.4
2012-06-19,1214.19
2012-06-20,1223.15
2012-06-21,1217.92
2012-06-22,1201.59
2012-06-25,1208.31
2012-06-26,1208.54
2012-06-27,1206.41
2012-06-28,1201.68
2012-06-29,1194.78
2012-07-02,1213.61
2012-07-03,1197.72
2012-07-04,1197.9
2012-07-05,1183.71
2012-07-06,1172.01
2012-07-09,1163.83
2012-07-10,1171.99
2012-07-11,1166.01
2012-07-12,1166.79
2012-07-13,1164.9
2012-07-16,1174.48
2012-07-17,1172.28
2012-07-18,1169.76
2012-07-19,1165.49
2012-07-20,1163.8
2012-07-23,1151.41
2012-07-24,1157.02
2012-07-25,1153.46
2012-07-26,1163.88
2012-07-27,1173.07
2012-07-30,1167.93
2012-07-31,1159.68
2012-08-01,1159.88
2012-08-02,1148.39
2012-08-03,1145.81
2012-08-06,1170.36
2012-08-07,1162.18
2012-08-08,1162.64
2012-08-09,1161.81
2012-08-10,1153.36
2012-08-13,1153.83
2012-08-14,1161.58
2012-08-16,1155.0
2012-08-17,1165.68
2012-08-20,1164.03
2012-08-21,1167.85
2012-08-22,1175.28
2012-08-23,1183.87
2012-08-24,1182.54
2012-08-27,1181.92
2012-08-28,1182.24
2012-08-29,1189.85
2012-08-30,1183.35
2012-08-31,1182.0
2012-09-03,1187.79
2012-09-04,1185.88
2012-09-05,1183.58
2012-09-06,1187.24
2012-09-07,1189.37
2012-09-10,1195.85
2012-09-11,1193.21
2012-09-12,1202.73
2012-09-13,1201.54
2012-09-14,1206.07
2012-09-17,1209.22
2012-09-18,1202.42
2012-09-19,1203.77
2012-09-20,1204.75
2012-09-21,1198.76
2012-09-24,1200.11
2012-09-25,1197.2
2012-09-26,1192.79
2012-09-27,1193.12
2012-09-28,1193.05
2012-10-02,1186.33
2012-10-04,1186.82
2012-10-05,1196.2
2012-10-08,1192.85
2012-10-09,1190.4
2012-10-10,1180.48
2012-10-11,1186.06
2012-10-12,1192.94
2012-10-15,1189.81
2012-10-16,1191.83
2012-10-17,1198.48
2012-10-18,1197.7
2012-10-19,1195.35
2012-10-22,1190.74
2012-10-23,1192.64
2012-10-24,1181.77
2012-10-25,1183.09
2012-10-26,1177.65
2012-10-29,1172.16
2012-10-30,1170.15
2012-10-31,1174.12
2012-11-01,1170.8
2012-11-02,1171.0
2012-11-05,1159.43
2012-11-06,1156.95
2012-11-07,1157.35
2012-11-08,1150.49
2012-11-09,1149.53
2012-11-12,1148.76
2012-11-13,1147.01
2012-11-14,1150.65
2012-11-15,1149.97
2012-11-16,1152.81
2012-11-19,1151.48
2012-11-20,1154.07
2012-11-21,1151.09
2012-11-22,1155.23
2012-11-23,1159.03
2012-11-26,1170.46
2012-11-27,1170.46
2012-11-28,1164.38
2012-11-29,1167.91
2012-11-30,1169.05
2012-12-03,1167.93
2012-12-04,1170.66
2012-12-05,1169.36
2012-12-06,1168.63
2012-12-07,1160.76
2012-12-10,1156.75
2012-12-11,1156.29
2012-12-12,1155.84
2012-12-13,1160.6
2012-12-14,1160.81
2012-12-17,1171.23
2012-12-18,1169.05
2012-12-20,1171.94
2012-12-21,1177.36
2012-12-24,1173.76
2012-12-26,1173.3
2012-12-27,1175.29
2012-12-28,1173.99
2012-12-31,1173.1
2013-01-02,1169.9
2013-01-03,1160.18
2013-01-04,1147.57
2013-01-07,1150.88
2013-01-08,1154.8
2013-01-09,1150.34
2013-01-10,1147.35
2013-01-11,1160.77
2013-01-14,1155.53
2013-01-15,1144.89
2013-01-16,1132.22
2013-01-17,1137.5
2013-01-18,1134.25
2013-01-21,1129.88
2013-01-22,1136.85
2013-01-23,1145.5
2013-01-24,1145.96
2013-01-25,1150.05
2013-01-29,1168.63
2013-01-30,1180.49
2013-01-31,1188.54
2013-02-01,1196.46
2013-02-04,1203.5
2013-02-05,1198.22
2013-02-06,1196.72
2013-02-07,1196.35
2013-02-08,1185.89
2013-02-12,1188.01
2013-02-13,1192.78
2013-02-14,1184.09
2013-02-15,1177.17
2013-02-18,1169.52
2013-02-19,1172.41
2013-02-20,1172.0
2013-02-21,1162.36
2013-02-22,1164.45
2013-02-25,1166.92
2013-02-26,1166.49
2013-02-27,1167.44
2013-02-28,1167.47
2013-03-04,1148.57
2013-03-05,1159.95
2013-03-06,1154.97
2013-03-07,1142.62
2013-03-08,1152.25
2013-03-11,1144.55
2013-03-12,1158.73
2013-03-13,1155.73
2013-03-14,1152.11
2013-03-15,1166.84
2013-03-18,1175.24
2013-03-19,1177.19
2013-03-20,1171.22
2013-03-21,1181.98
2013-03-22,1179.35
2013-03-25,1187.06
2013-03-26,1173.21
2013-03-27,1168.79
2013-03-28,1162.81
2013-03-29,1171.0
2013-04-01,1170.93
2013-04-02,1178.3
2013-04-03,1173.28
2013-04-04,1185.57
2013-04-05,1195.09
2013-04-08,1207.33
2013-04-09,1217.43
2013-04-10,1221.47
2013-04-11,1220.24
2013-04-12,1213.33
2013-04-15,1218.99
2013-04-16,1208.9
2013-04-17,1214.19
2013-04-18,1195.78
2013-04-19,1203.15
2013-04-22,1198.76
2013-04-23,1200.58
2013-04-24,1184.96
2013-04-25,1181.65
2013-04-26,1178.11
2013-04-29,1177.18
2013-04-30,1182.48
2013-05-02,1188.87
2013-05-03,1176.65
2013-05-06,1175.61
2013-05-07,1165.75
2013-05-08,1163.15
2013-05-09,1163.07
2013-05-10,1145.96
2013-05-13,1149.98
2013-05-14,1164.13
2013-05-15,1148.39
2013-05-16,1153.21
2013-05-20,1146.64
2013-05-21,1157.21
2013-05-22,1147.56
2013-05-23,1134.81
2013-05-24,1159.05
2013-05-27,1172.56
2013-05-28,1168.39
2013-05-29,1152.05
2013-05-30,1174.45
2013-05-31,1183.08
2013-06-03,1177.1
2013-06-04,1190.1
2013-06-05,1183.65
2013-06-07,1204.09
2013-06-10,1185.94
2013-06-11,1203.06
2013-06-12,1226.28
2013-06-13,1228.5
2013-06-14,1230.0
2013-06-17,1223.64
2013-06-18,1222.96
2013-06-19,1227.55
2013-06-20,1219.26
2013-06-21,1236.27
2013-06-24,1233.56
2013-06-25,1240.66
2013-06-26,1234.2
2013-06-27,1223.96
2013-06-28,1216.16
2013-07-01,1211.57
2013-07-02,1203.2
2013-07-03,1191.33
2013-07-04,1204.69
2013-07-05,1191.37
2013-07-08,1182.25
2013-07-09,1194.34
2013-07-10,1176.04
2013-07-11,1204.19
2013-07-12,1187.29
2013-07-15,1185.24
2013-07-16,1183.37
2013-07-17,1189.54
2013-07-18,1187.51
2013-07-19,1188.12
2013-07-22,1194.32
2013-07-23,1194.85
2013-07-24,1194.05
2013-07-25,1188.25
2013-07-26,1201.66
2013-07-29,1197.95
2013-07-30,1191.37
2013-07-31,1197.35
2013-08-01,1208.48
2013-08-02,1197.25
2013-08-05,1211.08
2013-08-06,1203.3
2013-08-07,1204.02
2013-08-08,1212.48
2013-08-09,1210.43
2013-08-12,1205.73
2013-08-13,1201.04
2013-08-14,1196.61
2013-08-16,1208.38
2013-08-19,1202.16
2013-08-20,1204.52
2013-08-21,1222.98
2013-08-22,1211.31
2013-08-23,1218.49
2013-08-26,1213.19
2013-08-27,1206.9
2013-08-28,1216.26
2013-08-29,1211.43
2013-08-30,1192.85
2013-09-02,1190.05
2013-09-03,1181.11
2013-09-04,1170.08
2013-09-05,1175.13
2013-09-06,1157.34
2013-09-09,1166.93
2013-09-10,1166.6
2013-09-11,1160.01
2013-09-12,1167.92
2013-09-13,1163.54
2013-09-16,1174.19
2013-09-17,1167.17
2013-09-23,1192.27
2013-09-24,1181.2
2013-09-25,1177.07
2013-09-26,1183.43
2013-09-27,1180.27
2013-09-30,1187.66
2013-10-01,1187.41
2013-10-02,1185.85
2013-10-04,1195.66
2013-10-07,1183.24
2013-10-08,1185.16
2013-10-10,1179.2
2013-10-11,1181.05
2013-10-14,1176.5
2013-10-15,1176.48
2013-10-16,1170.81
2013-10-17,1167.38
2013-10-18,1178.74
2013-10-21,1176.72
2013-10-22,1176.8
2013-10-23,1186.32
2013-10-24,1184.02
2013-10-25,1184.41
2013-10-28,1190.45
2013-10-29,1185.13
2013-10-30,1180.29
2013-10-31,1179.07
2013-11-01,1168.51
2013-11-04,1164.75
2013-11-05,1167.01
2013-11-06,1162.43
2013-11-07,1164.41
2013-11-08,1157.46
2013-11-11,1152.1
2013-11-12,1161.6
2013-11-13,1166.94
2013-11-14,1173.72
2013-11-15,1164.16
2013-11-18,1165.6
2013-11-19,1161.77
2013-11-20,1158.95
2013-11-21,1152.54
2013-11-22,1162.32
2013-11-25,1170.77
2013-11-26,1163.7
2013-11-27,1169.08
2013-11-28,1168.52
2013-11-29,1172.36
2013-12-02,1168.05
2013-12-03,1163.84
2013-12-04,1173.49
2013-12-05,1175.84
2013-12-06,1183.16
2013-12-09,1186.52
2013-12-10,1182.2
2013-12-11,1185.85
2013-12-12,1186.64
2013-12-13,1184.64
2013-12-16,1184.06
2013-12-17,1186.43
2013-12-18,1188.4
2013-12-19,1174.35
2013-12-20,1178.15
2013-12-23,1185.55
2013-12-24,1187.2
2013-12-26,1183.94
2013-12-27,1181.64
2013-12-30,1184.27
2013-12-31,1188.67
2014-01-02,1183.74
2014-01-03,1167.89
2014-01-06,1164.17
2014-01-07,1174.81
2014-01-08,1174.42
2014-01-09,1170.01
2014-01-10,1173.59
2014-01-13,1177.88
2014-01-14,1174.8
2014-01-15,1172.35
2014-01-16,1169.12
2014-01-17,1176.3
2014-01-20,1164.27
2014-01-21,1168.67
2014-01-22,1168.94
2014-01-23,1171.75
2014-01-24,1194.25
2014-01-27,1204.92
2014-01-28,1209.39
2014-01-29,1198.98
2014-02-03,1181.64
2014-02-04,1200.51
2014-02-05,1201.17
2014-02-06,1194.01
2014-02-07,1194.61
2014-02-10,1196.95
2014-02-11,1195.05
2014-02-12,1193.37
2014-02-13,1182.28
2014-02-14,1190.78
2014-02-17,1190.8
2014-02-18,1190.04
2014-02-19,1198.45
2014-02-20,1200.74
2014-02-21,1204.72
2014-02-24,1209.54
2014-02-25,1210.62
2014-02-26,1207.06
2014-02-27,1201.19
2014-02-28,1201.82
2014-03-03,1212.97
2014-03-04,1213.65
2014-03-05,1207.62
2014-03-06,1206.58
2014-03-07,1212.95
2014-03-10,1210.73
2014-03-11,1214.35
2014-03-12,1212.76
2014-03-13,1223.34
2014-03-14,1220.03
2014-03-17,1228.65
2014-03-18,1224.84
2014-03-19,1222.97
2014-03-20,1214.5
2014-03-21,1216.95
2014-03-24,1224.55
2014-03-25,1225.61
2014-03-26,1221.2
2014-03-27,1214.41
2014-03-28,1209.81
2014-03-31,1204.55
2014-04-01,1205.52
2014-04-02,1200.75
2014-04-03,1192.13
2014-04-04,1187.68
2014-04-07,1183.7
2014-04-08,1186.46
2014-04-09,1192.06
2014-04-10,1185.79
2014-04-11,1182.18
2014-04-14,1182.34
2014-04-15,1180.57
2014-04-16,1182.91
2014-04-17,1181.21
2014-04-18,1174.52
2014-04-21,1174.5
2014-04-22,1172.9
2014-04-23,1174.95
2014-04-24,1176.7
2014-04-25,1178.08
2014-04-28,1179.23
2014-04-29,1178.25
2014-04-30,1167.74
2014-05-02,1173.96
2014-05-07,1179.19
2014-05-08,1170.31
2014-05-09,1162.8
2014-05-12,1153.72
2014-05-13,1154.67
2014-05-14,1149.33
2014-05-15,1151.49
2014-05-16,1152.46
2014-05-19,1149.55
2014-05-20,1146.14
2014-05-21,1148.03
2014-05-22,1149.46
2014-05-23,1146.44
2014-05-26,1143.57
2014-05-27,1144.15
2014-05-28,1141.42
2014-05-29,1138.5
2014-05-30,1137.77
2014-06-02,1139.22
2014-06-03,1139.23
2014-06-05,1141.79
2014-06-09,1144.81
2014-06-10,1133.85
2014-06-11,1130.64
2014-06-12,1129.76
2014-06-13,1132.51
2014-06-16,1130.48
2014-06-17,1136.38
2014-06-18,1136.49
2014-06-19,1141.34
2014-06-20,1139.23
2014-06-23,1138.96
2014-06-24,1138.64
2014-06-25,1138.64
2014-06-26,1143.02
2014-06-27,1138.28
2014-06-30,1138.43
2014-07-01,1141.36
2014-07-02,1140.18
2014-07-03,1135.76
2014-07-04,1130.19
2014-07-07,1127.26
2014-07-08,1130.34
2014-07-09,1132.36
2014-07-10,1135.84
2014-07-11,1133.59
2014-07-14,1140.81
2014-07-15,1142.07
2014-07-16,1142.78
2014-07-17,1149.68
2014-07-18,1146.99
2014-07-21,1149.24
2014-07-22,1144.34
2014-07-23,1135.54
2014-07-24,1133.17
2014-07-25,1138.93
2014-07-28,1137.9
2014-07-29,1134.01
2014-07-30,1129.89
2014-07-31,1126.84
2014-08-01,1129.31
2014-08-04,1140.82
2014-08-05,1137.74
2014-08-06,1133.43
2014-08-07,1139.6
2014-08-08,1138.02
2014-08-11,1145.54
2014-08-12,1136.65
2014-08-13,1133.24
2014-08-14,1132.77
2014-08-18,1134.18
2014-08-19,1122.48
2014-08-20,1119.36
2014-08-21,1117.57
2014-08-22,1123.5
2014-08-25,1111.84
2014-08-26,1114.07
2014-08-27,1109.54
2014-08-28,1108.91
2014-08-29,1107.64
2014-09-01,1104.59
2014-09-02,1103.16
2014-09-03,1104.99
2014-09-04,1110.22
2014-09-05,1091.4
2014-09-11,1094.13
2014-09-12,1105.31
2014-09-15,1111.83
2014-09-16,1110.53
2014-09-17,1109.6
2014-09-18,1096.69
2014-09-19,1114.5
2014-09-22,1111.18
2014-09-23,1107.36
2014-09-24,1108.79
2014-09-25,1098.81
2014-09-26,1101.82
2014-09-29,1094.93
2014-09-30,1104.67
2014-10-01,1104.57
2014-10-02,1110.58
2014-10-06,1096.06
2014-10-07,1115.96
2014-10-08,1115.18
2014-10-10,1123.42
2014-10-13,1120.29
2014-10-14,1126.44
2014-10-15,1113.9
2014-10-16,1131.72
2014-10-17,1124.38
2014-10-20,1121.35
2014-10-21,1124.26
2014-10-22,1110.88
2014-10-23,1104.62
2014-10-24,1106.29
2014-10-27,1113.18
2014-10-28,1108.47
2014-10-29,1109.46
2014-10-30,1096.74
2014-10-31,1102.05
2014-11-03,1098.51
2014-11-04,1113.75
2014-11-05,1125.72
2014-11-06,1118.11
2014-11-07,1119.67
2014-11-10,1132.77
2014-11-11,1121.07
2014-11-12,1129.9
2014-11-13,1135.81
2014-11-14,1138.78
2014-11-17,1145.77
2014-11-18,1136.85
2014-11-19,1146.36
2014-11-20,1152.85
2014-11-21,1161.17
2014-11-24,1142.78
2014-11-25,1150.39
2014-11-26,1154.0
2014-11-27,1151.75
2014-11-28,1141.51
2014-12-01,1142.47
2014-12-02,1157.4
2014-12-03,1138.27
2014-12-04,1139.99
2014-12-05,1149.07
2014-12-08,1137.31
2014-12-09,1145.8
2014-12-10,1145.21
2014-12-11,1142.43
2014-12-12,1133.93
2014-12-15,1146.43
2014-12-16,1143.06
2014-12-17,1138.21
2014-12-18,1117.38
2014-12-19,1126.4
2014-12-22,1118.64
2014-12-23,1115.03
2014-12-24,1113.98
2014-12-26,1121.91
2014-12-29,1112.97
2014-12-30,1109.63
2014-12-31,1111.43
2015-01-02,1106.22
2015-01-05,1095.26
2015-01-06,1100.99
2015-01-07,1091.67
2015-01-08,1083.56
2015-01-09,1078.12
2015-01-12,1078.72
2015-01-13,1066.94
2015-01-14,1060.66
2015-01-15,1059.92
2015-01-16,1273.69
2015-01-19,1252.31
2015-01-20,1228.02
2015-01-21,1241.44
2015-01-22,1262.03
2015-01-23,1245.9
2015-01-26,1230.95
2015-01-27,1196.03
2015-01-28,1199.0
2015-01-29,1195.72
2015-01-30,1182.37
2015-02-02,1186.49
2015-02-03,1187.92
2015-02-04,1186.97
2015-02-05,1175.1
2015-02-06,1182.24
2015-02-09,1176.16
2015-02-10,1186.2
2015-02-11,1176.32
2015-02-12,1181.24
2015-02-13,1189.52
2015-02-16,1178.54
2015-02-17,1178.55
2015-02-23,1170.85
2015-02-24,1167.84
2015-02-25,1165.72
2015-02-26,1162.24
2015-02-27,1154.02
2015-03-02,1152.15
2015-03-03,1150.23
2015-03-04,1144.52
2015-03-05,1138.04
2015-03-06,1130.16
2015-03-09,1116.81
2015-03-10,1125.55
2015-03-11,1120.96
2015-03-12,1116.11
2015-03-13,1128.08
2015-03-16,1117.94
2015-03-17,1125.35
2015-03-18,1123.36
2015-03-19,1146.32
2015-03-20,1125.93
2015-03-23,1147.05
2015-03-24,1156.49
2015-03-25,1154.31
2015-03-26,1148.53
2015-03-27,1146.39
2015-03-30,1148.46
2015-03-31,1142.77
2015-04-01,1141.65
2015-04-02,1142.0
2015-04-03,1143.63
2015-04-06,1150.94
2015-04-07,1133.08
2015-04-08,1128.52
2015-04-09,1131.3
2015-04-10,1120.05
2015-04-13,1118.14
2015-04-14,1121.78
2015-04-15,1127.58
2015-04-16,1135.99
2015-04-17,1139.36
2015-04-20,1138.32
2015-04-21,1132.29
2015-04-22,1134.08
2015-04-23,1115.72
2015-04-24,1133.53
2015-04-27,1131.03
2015-04-28,1124.95
2015-04-29,1120.31
2015-04-30,1136.16
2015-05-04,1146.18
2015-05-06,1164.52
2015-05-07,1179.87
2015-05-08,1178.4
2015-05-11,1171.05
2015-05-12,1166.42
2015-05-13,1180.11
2015-05-14,1194.0
2015-05-15,1198.27
2015-05-18,1189.6
2015-05-19,1172.12
2015-05-20,1164.12
2015-05-21,1168.96
2015-05-22,1168.11
2015-05-26,1154.16
2015-05-27,1152.81
2015-05-28,1165.63
2015-05-29,1175.6
2015-06-01,1177.3
2015-06-02,1175.18
2015-06-03,1194.28
2015-06-04,1183.65
2015-06-05,1185.79
2015-06-08,1182.52
2015-06-09,1209.03
2015-06-10,1202.13
2015-06-11,1198.18
2015-06-12,1189.12
2015-06-15,1196.36
2015-06-16,1200.67
2015-06-17,1198.82
2015-06-18,1212.41
2015-06-19,1205.1
2015-06-22,1202.88
2015-06-23,1193.73
2015-06-24,1182.37
2015-06-25,1187.23
2015-06-26,1184.71
2015-06-29,1188.05
2015-06-30,1214.19
2015-07-01,1194.89
2015-07-02,1179.17
2015-07-03,1190.97
2015-07-06,1188.69
2015-07-07,1194.89
2015-07-08,1193.2
2015-07-09,1201.16
2015-07-10,1198.21
2015-07-13,1201.3
2015-07-14,1191.24
2015-07-15,1205.2
2015-07-16,1199.43
2015-07-17,1199.56
2015-07-20,1192.94
2015-07-21,1195.29
2015-07-22,1208.81
2015-07-23,1201.56
2015-07-24,1210.35
2015-07-27,1209.91
2015-07-28,1214.44
2015-07-29,1212.27
2015-07-30,1197.04
2015-07-31,1203.36
2015-08-03,1209.06
2015-08-04,1201.67
2015-08-05,1195.73
2015-08-06,1197.06
2015-08-07,1192.86
2015-08-10,1183.95
2015-08-11,1184.73
2015-08-12,1183.84
2015-08-13,1219.88
2015-08-17,1201.47
2015-08-18,1208.05
2015-08-19,1211.35
2015-08-20,1226.81
2015-08-21,1235.77
2015-08-24,1260.58
2015-08-25,1286.27
2015-08-26,1270.65
2015-08-27,1247.86
2015-08-28,1226.36
2015-08-31,1223.15
2015-09-01,1224.57
2015-09-02,1224.84
2015-09-03,1214.25
2015-09-04,1219.3
2015-09-07,1225.18
2015-09-08,1232.57
2015-09-09,1230.29
2015-09-10,1222.63
2015-09-11,1228.86
2015-09-14,1221.42
2015-09-15,1219.54
2015-09-16,1214.09
2015-09-17,1214.87
2015-09-18,1216.41
2015-09-21,1203.65
2015-09-22,1206.17
2015-09-23,1207.26
2015-09-24,1212.11
2015-09-25,1218.42
2015-09-30,1229.54
2015-10-01,1221.93
2015-10-02,1207.19
2015-10-05,1214.57
2015-10-06,1201.29
2015-10-07,1204.3
2015-10-08,1196.49
2015-10-12,1205.89
2015-10-13,1191.86
2015-10-14,1198.31
2015-10-15,1211.08
2015-10-16,1191.99
2015-10-19,1184.2
2015-10-20,1176.97
2015-10-21,1181.5
2015-10-22,1179.3
2015-10-23,1169.42
2015-10-26,1151.94
2015-10-27,1153.3
2015-10-28,1145.46
2015-10-29,1139.85
2015-10-30,1154.6
2015-11-02,1153.54
2015-11-03,1153.83
2015-11-04,1143.92
2015-11-05,1136.66
2015-11-06,1141.44
2015-11-09,1131.75
2015-11-10,1150.19
2015-11-11,1150.38
2015-11-12,1150.71
2015-11-13,1153.75
2015-11-16,1153.0
2015-11-17,1161.55
2015-11-18,1152.94
2015-11-19,1150.28
2015-11-20,1149.15
2015-11-23,1134.88
2015-11-24,1135.31
2015-11-25,1136.45
2015-11-26,1119.9
2015-11-27,1119.12
2015-11-30,1117.06
2015-12-01,1125.4
2015-12-02,1127.98
2015-12-03,1137.13
2015-12-04,1175.69
2015-12-07,1159.82
2015-12-08,1164.94
2015-12-09,1184.17
2015-12-10,1197.6
2015-12-11,1190.9
2015-12-14,1198.76
2015-12-15,1203.67
2015-12-16,1193.76
2015-12-17,1187.94
2015-12-18,1183.4
2015-12-21,1193.13
2015-12-22,1186.15
2015-12-23,1190.38
2015-12-24,1181.51
2015-12-28,1187.15
2015-12-29,1179.27
2015-12-30,1176.41
2015-12-31,1185.39
2016-01-04,1172.12
2016-01-05,1181.7
2016-01-06,1177.92
2016-01-07,1183.66
2016-01-08,1206.7
2016-01-11,1210.61
2016-01-12,1206.73
2016-01-13,1203.69
2016-01-14,1198.97
2016-01-15,1206.85
2016-01-18,1209.19
2016-01-19,1206.23
2016-01-20,1205.44
2016-01-21,1205.81
2016-01-22,1200.89
2016-01-25,1184.25
2016-01-26,1178.9
2016-01-27,1181.14
2016-01-28,1183.83
2016-01-29,1191.36
2016-02-01,1177.47
2016-02-02,1181.11
2016-02-03,1181.25
2016-02-04,1210.83
2016-02-05,1210.93
2016-02-11,1226.88
2016-02-12,1231.1
2016-02-15,1234.02
2016-02-16,1226.4
2016-02-17,1230.63
2016-02-18,1232.81
2016-02-19,1234.22
2016-02-22,1245.92
2016-02-23,1233.82
2016-02-24,1240.33
2016-02-25,1248.03
2016-02-26,1247.45
2016-02-29,1238.06
2016-03-02,1243.32
2016-03-03,1236.78
2016-03-04,1228.85
2016-03-07,1215.43
2016-03-08,1205.95
2016-03-09,1209.25
2016-03-10,1216.81
2016-03-11,1227.33
2016-03-14,1221.85
2016-03-15,1200.91
2016-03-16,1205.11
2016-03-17,1219.72
2016-03-18,1213.95
2016-03-21,1197.34
2016-03-22,1199.98
2016-03-23,1191.43
2016-03-24,1187.66
2016-03-25,1196.04
2016-03-28,1195.09
2016-03-29,1201.19
2016-03-30,1202.44
2016-03-31,1195.09
2016-04-01,1190.45
2016-04-04,1198.08
2016-04-05,1196.62
2016-04-06,1207.4
2016-04-07,1208.85
2016-04-08,1206.88
2016-04-11,1213.09
2016-04-12,1203.73
2016-04-14,1183.89
2016-04-15,1192.88
2016-04-18,1189.78
2016-04-19,1193.22
2016-04-20,1185.43
2016-04-21,1165.52
2016-04-22,1164.36
2016-04-25,1166.17
2016-04-26,1179.06
2016-04-27,1180.75
2016-04-28,1180.25
2016-04-29,1182.81
2016-05-02,1186.88
2016-05-03,1194.62
2016-05-04,1191.99
2016-05-09,1186.24
2016-05-10,1199.05
2016-05-11,1203.24
2016-05-12,1202.62
2016-05-13,1199.3
2016-05-16,1199.2
2016-05-17,1205.24
2016-05-18,1196.57
2016-05-19,1195.55
2016-05-20,1201.74
2016-05-23,1199.19
2016-05-24,1195.65
2016-05-25,1196.5
2016-05-26,1195.54
2016-05-27,1193.53
2016-05-30,1185.46
2016-05-31,1200.2
2016-06-01,1198.41
2016-06-02,1205.22
2016-06-03,1201.01
2016-06-07,1222.63
2016-06-08,1205.01
2016-06-09,1206.32
2016-06-10,1198.34
2016-06-13,1205.85
2016-06-14,1218.11
2016-06-15,1217.04
2016-06-16,1224.42
2016-06-17,1212.04
2016-06-20,1217.43
2016-06-21,1209.02
2016-06-22,1204.08
2016-06-23,1204.86
2016-06-24,1194.07
2016-06-27,1202.78
2016-06-28,1209.18
2016-06-29,1198.92
2016-06-30,1189.2
2016-07-01,1179.85
2016-07-04,1177.29
2016-07-05,1181.9
2016-07-06,1179.66
2016-07-07,1195.08
2016-07-08,1180.93
2016-07-11,1179.13
2016-07-12,1168.13
2016-07-13,1162.08
2016-07-14,1164.09
2016-07-15,1163.68
2016-07-18,1151.82
2016-07-19,1156.66
2016-07-20,1154.68
2016-07-21,1155.88
2016-07-22,1157.27
2016-07-25,1148.49
2016-07-26,1153.28
2016-07-27,1147.41
2016-07-28,1150.32
2016-07-29,1147.97
2016-08-01,1157.59
2016-08-02,1147.02
2016-08-03,1149.6
2016-08-04,1145.15
2016-08-05,1143.65
2016-08-08,1133.63
2016-08-09,1132.17
2016-08-10,1128.53
2016-08-11,1125.24
2016-08-12,1126.71
2016-08-16,1132.0
2016-08-17,1138.67
2016-08-18,1145.78
2016-08-19,1159.02
2016-08-22,1161.18
2016-08-23,1169.14
2016-08-24,1160.39
2016-08-25,1159.88
2016-08-26,1156.65
2016-08-29,1139.19
2016-08-30,1150.28
2016-08-31,1137.21
2016-09-01,1136.03
2016-09-02,1142.03
2016-09-05,1140.47
2016-09-06,1130.35
2016-09-07,1138.53
2016-09-08,1127.48
2016-09-09,1124.69
2016-09-12,1127.4
2016-09-13,1142.65
2016-09-19,1135.41
2016-09-20,1142.97
2016-09-21,1143.22
2016-09-22,1147.44
2016-09-23,1138.39
2016-09-26,1139.0
2016-09-27,1142.19
2016-09-28,1136.98
2016-09-29,1128.66
2016-09-30,1135.06
2016-10-04,1132.0
2016-10-05,1128.98
2016-10-06,1143.47
2016-10-07,1133.11
2016-10-10,1141.38
2016-10-11,1131.19
2016-10-12,1130.77
2016-10-13,1134.3
2016-10-14,1146.49
2016-10-17,1143.88
2016-10-18,1153.33
2016-10-19,1143.85
2016-10-20,1135.46
2016-10-21,1132.27
2016-10-24,1141.18
2016-10-25,1141.35
2016-10-26,1143.02
2016-10-27,1139.81
2016-10-28,1147.2
2016-10-31,1159.11
2016-11-01,1156.98
2016-11-02,1170.96
2016-11-03,1180.15
2016-11-04,1171.29
2016-11-07,1173.98
2016-11-08,1171.77
2016-11-09,1158.06
2016-11-10,1163.6
2016-11-11,1164.98
2016-11-14,1177.59
2016-11-15,1173.38
2016-11-16,1167.28
2016-11-17,1165.74
2016-11-18,1166.29
2016-11-21,1169.84
2016-11-22,1173.39
2016-11-23,1162.37
2016-11-24,1154.81
2016-11-25,1162.64
2016-11-28,1163.2
2016-11-29,1155.28
2016-11-30,1154.87
2016-12-01,1148.98
2016-12-02,1160.3
2016-12-05,1151.84
2016-12-06,1166.1
2016-12-07,1157.81
2016-12-08,1161.27
2016-12-09,1140.51
2016-12-12,1146.09
2016-12-13,1155.01
2016-12-14,1151.68
2016-12-15,1143.6
2016-12-16,1146.28
2016-12-19,1152.51
2016-12-20,1154.87
2016-12-21,1158.3
2016-12-22,1163.14
2016-12-23,1167.87
2016-12-26,1172.3
2016-12-27,1167.87
2016-12-28,1172.41
2016-12-29,1174.82
2016-12-30,1181.33
2017-01-02,1187.77
2017-01-03,1179.09
2017-01-04,1175.0
2017-01-05,1181.82
2017-01-06,1179.92
2017-01-09,1168.59
2017-01-10,1188.86
2017-01-11,1178.95
2017-01-12,1179.77
2017-01-13,1170.57
2017-01-16,1166.56
2017-01-17,1167.31
2017-01-18,1178.72
2017-01-19,1157.5
2017-01-20,1169.5
2017-01-23,1170.74
2017-01-24,1171.21
2017-01-25,1162.32
2017-01-26,1167.02
2017-01-31,1164.38
2017-02-01,1178.34
2017-02-02,1163.11
2017-02-03,1158.0
2017-02-06,1155.87
2017-02-07,1148.03
2017-02-08,1144.73
2017-02-09,1151.04
2017-02-10,1143.76
2017-02-13,1147.16
2017-02-14,1145.03
2017-02-15,1137.17
2017-02-16,1135.47
2017-02-17,1142.33
2017-02-20,1142.61
2017-02-21,1144.28
2017-02-22,1135.78
2017-02-23,1128.77
2017-02-24,1131.56
2017-02-27,1121.97
2017-02-28,1121.72
2017-03-02,1121.81
2017-03-03,1126.79
2017-03-06,1143.32
2017-03-07,1142.05
2017-03-08,1135.87
2017-03-09,1129.93
2017-03-10,1141.15
2017-03-13,1146.45
2017-03-14,1138.7
2017-03-15,1136.17
2017-03-16,1146.01
2017-03-17,1135.9
2017-03-20,1134.07
2017-03-21,1125.74
2017-03-22,1124.92
2017-03-23,1133.09
2017-03-24,1127.67
2017-03-27,1136.11
2017-03-28,1130.36
2017-03-29,1120.79
2017-03-30,1117.91
2017-03-31,1115.54
2017-04-03,1117.29
2017-04-04,1111.74
2017-04-05,1116.95
2017-04-06,1119.97
2017-04-07,1125.26
2017-04-10,1123.7
2017-04-11,1132.2
2017-04-12,1137.33
2017-04-13,1142.06
2017-04-14,1125.54
2017-04-17,1132.57
2017-04-18,1131.24
2017-04-19,1142.53
2017-04-20,1141.91
2017-04-21,1142.66
2017-04-24,1144.96
2017-04-25,1136.24
2017-04-26,1137.72
2017-04-27,1132.97
2017-04-28,1136.29
2017-05-02,1138.41
2017-05-04,1137.24
2017-05-08,1144.87
2017-05-10,1124.81
2017-05-11,1124.32
2017-05-12,1121.93
2017-05-15,1125.28
2017-05-16,1129.98
2017-05-17,1135.01
2017-05-18,1142.68
2017-05-19,1148.93
2017-05-22,1159.26
2017-05-23,1147.86
2017-05-24,1148.57
2017-05-25,1157.92
2017-05-26,1148.73
2017-05-29,1148.97
2017-05-30,1144.54
2017-05-31,1151.71
2017-06-01,1159.0
2017-06-02,1153.68
2017-06-05,1163.73
2017-06-07,1162.58
2017-06-08,1163.48
2017-06-09,1161.65
2017-06-12,1157.66
2017-06-13,1162.26
2017-06-14,1165.32
2017-06-15,1158.86
2017-06-16,1151.35
2017-06-19,1164.26
2017-06-20,1159.76
2017-06-21,1166.51
2017-06-22,1174.56
2017-06-23,1173.78
2017-06-26,1176.33
2017-06-27,1167.3
2017-06-28,1183.69
2017-06-29,1189.83
2017-06-30,1192.74
2017-07-03,1192.91
2017-07-04,1188.44
2017-07-05,1191.23
2017-07-06,1192.41
2017-07-07,1200.81
2017-07-10,1199.15
2017-07-11,1190.43
2017-07-12,1193.48
2017-07-13,1186.6
2017-07-14,1176.01
2017-07-17,1179.28
2017-07-18,1171.85
2017-07-19,1179.25
2017-07-20,1174.97
2017-07-21,1182.24
2017-07-24,1186.2
2017-07-25,1178.25
2017-07-26,1171.45
2017-07-27,1177.34
2017-07-28,1153.33
2017-07-31,1155.32
2017-08-01,1159.59
2017-08-02,1158.01
2017-08-03,1157.1
2017-08-04,1165.0
2017-08-07,1157.52
2017-08-08,1157.99
2017-08-09,1156.93
2017-08-10,1177.38
2017-08-11,1185.93
2017-08-14,1191.02
2017-08-16,1170.69
2017-08-17,1180.44
2017-08-18,1179.91
2017-08-21,1182.68
2017-08-22,1182.28
2017-08-23,1172.84
2017-08-24,1171.98
2017-08-25,1167.88
2017-08-28,1181.85
2017-08-29,1176.4
2017-08-30,1179.64
2017-08-31,1165.64
2017-09-01,1173.07
2017-09-04,1167.96
2017-09-05,1180.8
2017-09-06,1186.04
2017-09-07,1186.06
2017-09-08,1189.05
2017-09-11,1189.36
2017-09-12,1182.1
2017-09-13,1177.06
2017-09-14,1170.76
2017-09-15,1177.36
2017-09-18,1180.73
2017-09-19,1172.94
2017-09-20,1174.39
2017-09-21,1163.78
2017-09-22,1167.11
2017-09-25,1170.6
2017-09-26,1170.25
2017-09-27,1172.41
2017-09-28,1172.04
2017-09-29,1181.37
2017-10-10,1169.32
2017-10-11,1167.56
2017-10-12,1166.1
2017-10-13,1162.35
2017-10-16,1159.85
2017-10-17,1155.43
2017-10-18,1156.85
2017-10-19,1152.23
2017-10-20,1159.85
2017-10-23,1148.61
2017-10-24,1149.08
2017-10-25,1138.83
2017-10-26,1140.56
2017-10-27,1126.84
2017-10-30,1131.98
2017-10-31,1130.26
2017-11-01,1123.95
2017-11-02,1113.74
2017-11-03,1113.86
2017-11-06,1112.26
2017-11-07,1119.16
2017-11-08,1112.82
2017-11-09,1114.41
2017-11-10,1120.91
2017-11-13,1121.18
2017-11-14,1124.41
2017-11-15,1130.31
2017-11-16,1126.45
2017-11-17,1110.71
2017-11-20,1107.96
2017-11-21,1106.2
2017-11-22,1106.82
2017-11-23,1111.64
2017-11-24,1108.54
2017-11-27,1107.26
2017-11-28,1108.44
2017-11-29,1106.28
2017-11-30,1099.5
2017-12-01,1102.58
2017-12-04,1109.17
2017-12-05,1105.27
2017-12-06,1098.03
2017-12-07,1103.49
2017-12-08,1098.63
2017-12-11,1101.16
2017-12-12,1101.54
2017-12-13,1099.06
2017-12-14,1107.07
2017-12-15,1098.23
2017-12-18,1099.25
2017-12-19,1104.9
2017-12-20,1103.18
2017-12-21,1097.72
2017-12-22,1093.17
2017-12-26,1091.37
2017-12-27,1088.31
2017-12-28,1090.8
2017-12-29,1094.72
2018-01-02,1099.44
2018-01-03,1094.9
2018-01-04,1090.26
2018-01-05,1093.21
2018-01-08,1089.17
2018-01-09,1089.89
2018-01-10,1084.89
2018-01-11,1094.73
2018-01-12,1097.54
2018-01-15,1099.67
2018-01-16,1102.02
2018-01-17,1108.68
2018-01-18,1104.0
2018-01-19,1115.47
2018-01-22,1109.81
2018-01-23,1111.06
2018-01-24,1116.83
2018-01-25,1131.95
2018-01-26,1126.89
2018-01-29,1139.8
2018-01-30,1135.67
2018-01-31,1146.23
2018-02-01,1149.64
2018-02-02,1156.51
2018-02-05,1154.45
2018-02-06,1168.56
2018-02-07,1169.37
2018-02-08,1148.29
2018-02-09,1162.3
2018-02-12,1162.63
2018-02-13,1153.6
2018-02-14,1157.52
2018-02-19,1164.94
2018-02-20,1149.69
2018-02-21,1142.87
2018-02-22,1144.48
2018-02-23,1161.1
2018-02-26,1151.44
2018-02-27,1144.43
2018-02-28,1140.45
2018-03-02,1148.7
2018-03-05,1154.25
2018-03-06,1149.53
2018-03-07,1147.28
2018-03-08,1132.76
2018-03-09,1123.45
2018-03-12,1124.17
2018-03-13,1123.09
2018-03-14,1129.32
2018-03-15,1128.19
2018-03-16,1120.07
2018-03-19,1122.82
2018-03-20,1125.92
2018-03-21,1120.18
2018-03-22,1129.33
2018-03-23,1128.56
2018-03-26,1141.77
2018-03-27,1144.07
2018-03-28,1133.16
2018-03-29,1117.8
2018-03-30,1115.12
2018-04-02,1115.02
2018-04-03,1107.96
2018-04-04,1103.08
2018-04-05,1101.55
2018-04-06,1100.61
2018-04-09,1111.52
2018-04-10,1116.57
2018-04-11,1115.85
2018-04-12,1113.68
2018-04-13,1110.57
2018-04-16,1110.48
2018-04-17,1117.99
2018-04-18,1104.8
2018-04-19,1101.41
2018-04-20,1094.64
2018-04-23,1094.05
2018-04-24,1092.78
2018-04-25,1100.06
2018-04-26,1097.52
2018-04-27,1091.43
2018-04-30,1088.89
2018-05-02,1071.14
2018-05-03,1075.6
2018-05-04,1078.87
2018-05-08,1073.85
2018-05-09,1076.32
2018-05-10,1075.6
2018-05-11,1072.35
2018-05-14,1068.28
2018-05-15,1066.28
2018-05-16,1071.53
2018-05-17,1078.27
2018-05-18,1077.74
2018-05-21,1082.33
2018-05-23,1092.38
2018-05-24,1084.93
2018-05-25,1089.45
2018-05-28,1086.85
2018-05-29,1080.06
2018-05-30,1085.93
2018-05-31,1093.11
2018-06-01,1093.4
2018-06-04,1088.46
2018-06-05,1083.58
2018-06-07,1084.46
2018-06-08,1089.03
2018-06-11,1089.76
2018-06-12,1088.8
2018-06-14,1091.69
2018-06-15,1086.14
2018-06-18,1093.81
2018-06-19,1109.67
2018-06-20,1112.06
2018-06-21,1112.28
2018-06-22,1118.45
2018-06-25,1122.71
2018-06-26,1130.86
2018-06-27,1125.44
2018-06-28,1121.26
2018-06-29,1124.29
2018-07-02,1128.09
2018-07-03,1124.71
2018-07-04,1130.03
2018-07-05,1123.61
2018-07-06,1125.83
2018-07-09,1129.66
2018-07-10,1121.84
2018-07-11,1122.33
2018-07-12,1125.3
2018-07-13,1124.43
2018-07-16,1120.88
2018-07-17,1131.98
2018-07-18,1124.69
2018-07-19,1130.14
2018-07-20,1131.94
2018-07-23,1144.76
2018-07-24,1136.34
2018-07-25,1142.28
2018-07-26,1137.68
2018-07-27,1126.02
2018-07-30,1126.76
2018-07-31,1130.09
2018-08-01,1128.79
2018-08-02,1128.61
2018-08-03,1127.84
2018-08-06,1134.4
2018-08-07,1127.79
2018-08-08,1130.85
2018-08-09,1126.63
2018-08-10,1124.31
2018-08-13,1133.33
2018-08-14,1141.35
2018-08-16,1139.51
2018-08-17,1133.93
2018-08-20,1130.86
2018-08-21,1132.34
2018-08-22,1135.75
2018-08-23,1138.34
2018-08-24,1136.25
2018-08-27,1141.32
2018-08-28,1137.27
2018-08-29,1136.6
2018-08-30,1142.33
2018-08-31,1144.45
2018-09-03,1148.32
2018-09-04,1148.94
2018-09-05,1143.83
2018-09-06,1150.39
2018-09-07,1161.62
2018-09-10,1159.21
2018-09-11,1157.44
2018-09-12,1158.54
2018-09-13,1161.87
2018-09-14,1160.54
2018-09-17,1157.15
2018-09-18,1170.02
2018-09-19,1168.48
2018-09-20,1160.78
2018-09-21,1167.9
2018-09-27,1156.62
2018-09-28,1138.84
2018-10-01,1131.18
2018-10-02,1129.08
2018-10-04,1126.03
2018-10-05,1137.92
2018-10-08,1140.28
2018-10-10,1140.77
2018-10-11,1144.86
2018-10-12,1154.16
2018-10-15,1143.42
2018-10-16,1148.27
2018-10-17,1139.03
2018-10-18,1129.74
2018-10-19,1137.32
2018-10-22,1138.23
2018-10-23,1134.99
2018-10-24,1141.91
2018-10-25,1135.38
2018-10-26,1138.61
2018-10-29,1143.63
2018-10-30,1136.61
2018-10-31,1134.64
2018-11-01,1129.93
2018-11-02,1135.96
2018-11-05,1122.25
2018-11-06,1117.45
2018-11-07,1118.81
2018-11-08,1118.72
2018-11-09,1111.9
2018-11-12,1118.93
2018-11-13,1120.35
2018-11-14,1128.37
2018-11-15,1125.53
2018-11-16,1122.5
2018-11-19,1129.15
2018-11-20,1135.18
2018-11-21,1133.22
2018-11-22,1137.67
2018-11-23,1134.79
2018-11-26,1133.5
2018-11-27,1131.6
2018-11-28,1130.38
2018-11-29,1136.34
2018-11-30,1126.02
2018-12-03,1121.2
2018-12-04,1115.93
2018-12-05,1112.53
2018-12-06,1116.17
2018-12-07,1125.85
2018-12-10,1129.61
2018-12-11,1136.06
2018-12-12,1137.19
2018-12-13,1135.78
2018-12-14,1130.78
2018-12-17,1131.69
2018-12-18,1139.69
2018-12-19,1138.73
2018-12-20,1131.78
2018-12-21,1143.77
2018-12-24,1130.68
2018-12-26,1141.99
2018-12-27,1130.8
2018-12-28,1135.15
2018-12-31,1136.22
2019-01-02,1139.06
2019-01-03,1134.03
2019-01-04,1142.35
2019-01-07,1140.48
2019-01-08,1141.34
2019-01-09,1142.73
2019-01-10,1151.54
2019-01-11,1136.86
2019-01-14,1136.06
2019-01-15,1143.0
2019-01-16,1133.76
2019-01-17,1133.16
2019-01-18,1127.94
2019-01-21,1126.82
2019-01-22,1129.21
2019-01-23,1133.54
2019-01-24,1134.21
2019-01-25,1131.17
2019-01-28,1133.09
2019-01-29,1125.91
2019-01-30,1124.17
2019-01-31,1123.89
2019-02-01,1118.2
2019-02-07,1114.24
2019-02-08,1120.6
2019-02-11,1124.84
2019-02-12,1119.91
2019-02-13,1117.73
2019-02-14,1111.36
2019-02-15,1119.35
2019-02-18,1122.42
2019-02-19,1119.55
2019-02-20,1126.09
2019-02-21,1121.7
2019-02-22,1123.05
2019-02-25,1125.14
2019-02-26,1120.3
2019-02-27,1118.41
2019-02-28,1116.91
2019-03-04,1121.64
2019-03-05,1125.9
2019-03-06,1119.86
2019-03-07,1122.19
2019-03-08,1116.08
2019-03-11,1125.11
2019-03-12,1123.6
2019-03-13,1120.24
2019-03-14,1128.12
2019-03-15,1128.36
2019-03-18,1133.72
2019-03-19,1132.23
2019-03-20,1132.2
2019-03-21,1140.49
2019-03-22,1135.05
2019-03-25,1136.68
2019-03-26,1143.88
2019-03-27,1139.05
2019-03-28,1140.86
2019-03-29,1143.63
2019-04-01,1141.58
2019-04-02,1133.83
2019-04-03,1137.96
2019-04-04,1137.74
2019-04-05,1135.61
2019-04-08,1136.57
2019-04-09,1142.37
2019-04-10,1143.31
2019-04-11,1138.64
2019-04-12,1135.96
2019-04-15,1137.71
2019-04-16,1129.38
2019-04-17,1127.02
2019-04-18,1124.24
2019-04-19,1119.3
2019-04-22,1120.85
2019-04-23,1123.39
2019-04-24,1118.51
2019-04-25,1124.08
2019-04-26,1135.92
2019-04-29,1137.69
2019-04-30,1136.21
2019-05-02,1144.12
2019-05-03,1141.86
2019-05-07,1149.46
2019-05-08,1147.26
2019-05-09,1146.45
2019-05-10,1158.08
2019-05-13,1165.4
2019-05-14,1176.75
2019-05-15,1176.82
2019-05-16,1179.67
2019-05-17,1177.96
2019-05-20,1180.31
2019-05-21,1182.85
2019-05-22,1180.37
2019-05-23,1183.83
2019-05-24,1187.52
2019-05-27,1187.4
2019-05-28,1179.44
2019-05-29,1179.17
2019-05-30,1183.34
2019-05-31,1180.85
2019-06-03,1191.44
2019-06-04,1192.06
2019-06-05,1190.67
2019-06-07,1190.27
2019-06-10,1191.35
2019-06-11,1196.26
2019-06-12,1190.69
2019-06-13,1187.52
2019-06-14,1192.33
2019-06-17,1185.78
2019-06-18,1187.84
2019-06-19,1184.47
2019-06-20,1185.3
2019-06-21,1189.71
2019-06-24,1190.21
2019-06-25,1191.07
2019-06-26,1184.49
2019-06-27,1184.92
2019-06-28,1184.09
2019-07-01,1180.84
2019-07-02,1170.56
2019-07-03,1181.94
2019-07-04,1186.84
2019-07-05,1187.13
2019-07-08,1180.67
2019-07-09,1185.38
2019-07-10,1187.32
2019-07-11,1195.2
2019-07-12,1185.66
2019-07-15,1195.53
2019-07-16,1198.13
2019-07-17,1192.81
2019-07-18,1195.77
2019-07-19,1199.78
2019-07-22,1194.42
2019-07-23,1198.7
2019-07-24,1196.28
2019-07-25,1196.57
2019-07-26,1190.63
2019-07-29,1192.49
2019-07-30,1193.24
2019-07-31,1193.88
2019-08-01,1189.27
2019-08-02,1200.08
2019-08-05,1216.33
2019-08-06,1246.77
2019-08-07,1244.67
2019-08-08,1245.07
2019-08-09,1243.7
2019-08-12,1244.16
2019-08-13,1254.23
2019-08-14,1248.62
2019-08-16,1240.61
2019-08-19,1239.26
2019-08-20,1233.58
2019-08-21,1237.36
2019-08-22,1225.94
2019-08-23,1225.19
2019-08-26,1245.71
2019-08-27,1244.2
2019-08-28,1236.03
2019-08-29,1236.44
2019-08-30,1231.7
2019-09-02,1222.56
2019-09-03,1223.21
2019-09-04,1230.89
2019-09-05,1233.19
2019-09-06,1216.88
2019-09-09,1211.25
2019-09-10,1201.96
2019-09-11,1202.18
2019-09-16,1206.36
2019-09-17,1192.17
2019-09-18,1196.8
2019-09-19,1194.08
2019-09-20,1203.95
2019-09-23,1201.49
2019-09-24,1205.64
2019-09-25,1211.26
2019-09-26,1208.63
2019-09-27,1206.76
2019-09-30,1212.33
2019-10-01,1201.84
2019-10-02,1206.4
2019-10-04,1205.69
2019-10-07,1203.62
2019-10-08,1202.63
2019-10-10,1203.85
2019-10-11,1200.6
2019-10-14,1191.44
2019-10-15,1186.61
2019-10-16,1185.4
2019-10-17,1193.62
2019-10-18,1201.62
2019-10-21,1198.78
2019-10-22,1191.91
2019-10-23,1184.01
2019-10-24,1184.96
2019-10-25,1180.09
2019-10-28,1180.63
2019-10-29,1175.71
2019-10-30,1173.36
2019-10-31,1181.34
2019-11-01,1177.42
2019-11-04,1184.36
2019-11-05,1174.61
2019-11-06,1168.57
2019-11-07,1166.19
2019-11-08,1166.55
2019-11-11,1158.94
2019-11-12,1169.19
2019-11-13,1171.82
2019-11-14,1179.81
2019-11-15,1184.44
2019-11-18,1178.62
2019-11-19,1176.92
2019-11-20,1180.11
2019-11-21,1181.32
2019-11-22,1184.91
2019-11-25,1180.34
2019-11-26,1180.15
2019-11-27,1177.28
2019-11-28,1177.65
2019-11-29,1180.95
2019-12-02,1180.12
2019-12-03,1190.88
2019-12-04,1201.52
2019-12-05,1207.47
2019-12-06,1205.69
2019-12-09,1201.54
2019-12-10,1203.93
2019-12-11,1210.77
2019-12-12,1214.43
2019-12-13,1206.95
2019-12-16,1191.18
2019-12-17,1193.0
2019-12-18,1190.57
2019-12-19,1188.96
2019-12-20,1190.39
2019-12-23,1183.37
2019-12-24,1183.37
2019-12-26,1187.81
2019-12-27,1183.57
2019-12-30,1192.07
2019-12-31,1195.52
2020-01-02,1197.31
2020-01-03,1190.84
2020-01-06,1197.06
2020-01-07,1208.33
2020-01-08,1201.15
2020-01-09,1205.87
2020-01-10,1192.13
2020-01-13,1192.89
2020-01-14,1190.52
2020-01-15,1191.96
2020-01-16,1202.32
