,SEK
2010-01-04,163.53
2010-01-05,163.85
2010-01-06,161.08
2010-01-07,160.89
2010-01-08,158.94
2010-01-11,159.99
2010-01-12,159.12
2010-01-13,159.27
2010-01-14,160.33
2010-01-15,160.1
2010-01-18,158.85
2010-01-19,160.72
2010-01-20,159.17
2010-01-21,157.17
2010-01-22,157.08
2010-01-25,159.35
2010-01-26,158.73
2010-01-27,158.22
2010-01-28,159.0
2010-01-29,157.25
2010-02-01,156.67
2010-02-02,160.9
2010-02-03,160.52
2010-02-04,158.55
2010-02-05,155.17
2010-02-08,157.22
2010-02-09,157.57
2010-02-10,159.44
2010-02-11,158.65
2010-02-12,159.95
2010-02-16,159.37
2010-02-17,160.4
2010-02-18,158.41
2010-02-19,157.72
2010-02-22,160.31
2010-02-23,159.77
2010-02-24,158.08
2010-02-25,160.3
2010-02-26,161.16
2010-03-02,161.7
2010-03-03,160.58
2010-03-04,160.56
2010-03-05,159.73
2010-03-08,160.73
2010-03-09,159.37
2010-03-10,158.97
2010-03-11,158.86
2010-03-12,158.98
2010-03-15,160.44
2010-03-16,159.54
2010-03-17,160.41
2010-03-18,159.57
2010-03-19,158.75
2010-03-22,157.72
2010-03-23,158.02
2010-03-24,157.45
2010-03-25,156.0
2010-03-26,156.71
2010-03-29,157.78
2010-03-30,157.2
2010-03-31,155.49
2010-04-01,156.96
2010-04-02,157.6
2010-04-05,156.54
2010-04-06,156.85
2010-04-07,156.08
2010-04-08,154.45
2010-04-09,155.29
2010-04-12,157.24
2010-04-13,155.0
2010-04-14,156.7
2010-04-15,156.71
2010-04-16,155.22
2010-04-19,154.85
2010-04-20,155.74
2010-04-21,155.89
2010-04-22,154.46
2010-04-23,152.66
2010-04-26,154.73
2010-04-27,154.66
2010-04-28,151.83
2010-04-29,153.77
2010-04-30,154.17
2010-05-03,153.23
2010-05-04,153.38
2010-05-06,146.89
2010-05-07,145.99
2010-05-10,153.19
2010-05-11,150.38
2010-05-12,148.14
2010-05-13,150.66
2010-05-14,148.3
2010-05-17,146.27
2010-05-18,148.92
2010-05-19,146.17
2010-05-20,149.06
2010-05-24,149.94
2010-05-25,153.46
2010-05-26,158.29
2010-05-27,156.07
2010-05-28,156.78
2010-05-31,153.0
2010-06-01,153.51
2010-06-03,154.89
2010-06-04,153.35
2010-06-07,149.33
2010-06-08,152.06
2010-06-09,153.26
2010-06-10,154.68
2010-06-11,159.65
2010-06-14,157.71
2010-06-15,155.36
2010-06-16,157.62
2010-06-17,155.45
2010-06-18,157.34
2010-06-21,156.68
2010-06-22,151.89
2010-06-23,151.84
2010-06-24,153.12
2010-06-25,152.13
2010-06-28,155.96
2010-06-29,154.96
2010-06-30,155.17
2010-07-01,157.84
2010-07-02,160.28
2010-07-05,160.18
2010-07-06,159.06
2010-07-07,161.49
2010-07-08,161.29
2010-07-09,161.13
2010-07-12,160.21
2010-07-13,159.75
2010-07-14,162.73
2010-07-15,162.76
2010-07-16,165.46
2010-07-19,162.56
2010-07-20,164.91
2010-07-21,164.71
2010-07-22,162.56
2010-07-23,165.29
2010-07-26,163.79
2010-07-27,163.76
2010-07-28,162.08
2010-07-29,162.44
2010-07-30,164.39
2010-08-02,164.27
2010-08-03,165.36
2010-08-04,165.03
2010-08-05,163.7
2010-08-06,163.89
2010-08-09,164.51
2010-08-10,163.04
2010-08-11,162.75
2010-08-12,159.33
2010-08-13,161.46
2010-08-16,159.58
2010-08-17,161.77
2010-08-18,160.87
2010-08-19,159.92
2010-08-20,158.75
2010-08-23,159.06
2010-08-24,159.2
2010-08-25,158.91
2010-08-26,160.63
2010-08-27,160.87
2010-08-30,162.72
2010-08-31,160.48
2010-09-01,162.07
2010-09-02,163.31
2010-09-03,163.02
2010-09-06,162.98
2010-09-07,161.94
2010-09-08,160.35
2010-09-09,161.83
2010-09-10,160.57
2010-09-13,161.66
2010-09-14,162.64
2010-09-15,164.13
2010-09-16,163.76
2010-09-17,165.06
2010-09-20,164.1
2010-09-24,168.12
2010-09-27,169.88
2010-09-28,167.48
2010-09-29,169.75
2010-09-30,169.91
2010-10-01,169.11
2010-10-04,169.01
2010-10-05,165.84
2010-10-06,168.77
2010-10-07,166.7
2010-10-08,167.75
2010-10-11,169.21
2010-10-12,167.11
2010-10-13,169.21
2010-10-14,168.82
2010-10-15,169.41
2010-10-18,168.29
2010-10-19,167.67
2010-10-20,165.07
2010-10-21,170.36
2010-10-22,168.62
2010-10-25,170.83
2010-10-26,169.25
2010-10-27,166.06
2010-10-28,166.11
2010-10-29,167.26
2010-11-01,169.35
2010-11-02,167.09
2010-11-03,167.99
2010-11-04,168.62
2010-11-05,169.95
2010-11-08,167.54
2010-11-09,166.26
2010-11-10,164.86
2010-11-11,165.27
2010-11-12,161.99
2010-11-15,163.32
2010-11-16,163.96
2010-11-17,162.19
2010-11-18,164.38
2010-11-19,165.97
2010-11-22,165.63
2010-11-23,163.63
2010-11-24,162.51
2010-11-25,165.51
2010-11-26,164.51
2010-11-29,164.13
2010-11-30,165.53
2010-12-01,164.18
2010-12-02,165.49
2010-12-03,166.27
2010-12-06,168.35
2010-12-07,165.53
2010-12-08,164.63
2010-12-09,166.13
2010-12-10,165.16
2010-12-13,164.75
2010-12-14,167.33
2010-12-15,167.74
2010-12-16,168.11
2010-12-17,169.92
2010-12-20,168.21
2010-12-21,169.91
2010-12-22,168.46
2010-12-23,168.51
2010-12-24,168.14
2010-12-27,167.94
2010-12-28,168.95
2010-12-29,166.92
2010-12-30,168.37
2010-12-31,168.47
2011-01-03,169.43
2011-01-04,168.06
2011-01-05,166.89
2011-01-06,166.33
2011-01-07,163.72
2011-01-10,161.72
2011-01-11,162.89
2011-01-12,164.35
2011-01-13,166.01
2011-01-14,165.75
2011-01-17,166.93
2011-01-18,165.93
2011-01-19,167.81
2011-01-20,167.76
2011-01-21,167.84
2011-01-24,170.14
2011-01-25,170.34
2011-01-26,171.35
2011-01-27,172.61
2011-01-28,173.13
2011-01-31,170.76
2011-02-01,174.15
2011-02-07,172.19
2011-02-08,171.31
2011-02-09,171.64
2011-02-10,171.66
2011-02-11,172.09
2011-02-14,172.39
2011-02-15,173.33
2011-02-16,173.27
2011-02-17,174.57
2011-02-18,174.34
2011-02-21,174.18
2011-02-22,173.8
2011-02-23,174.66
2011-02-24,176.1
2011-02-25,176.49
2011-02-28,175.11
2011-03-02,178.19
2011-03-03,178.71
2011-03-04,177.47
2011-03-07,176.0
2011-03-08,175.94
2011-03-09,175.42
2011-03-10,176.46
2011-03-11,174.9
2011-03-14,177.69
2011-03-15,178.1
2011-03-16,176.51
2011-03-17,175.06
2011-03-18,177.24
2011-03-21,180.4
2011-03-22,179.56
2011-03-23,177.43
2011-03-24,177.26
2011-03-25,177.57
2011-03-28,174.09
2011-03-29,174.33
2011-03-30,175.88
2011-03-31,174.98
2011-04-01,174.05
2011-04-04,174.1
2011-04-05,171.84
2011-04-06,172.24
2011-04-07,172.23
2011-04-08,172.08
2011-04-11,174.66
2011-04-12,172.97
2011-04-13,173.24
2011-04-14,174.6
2011-04-15,175.3
2011-04-18,175.52
2011-04-19,172.86
2011-04-20,175.62
2011-04-21,176.62
2011-04-22,176.98
2011-04-25,177.49
2011-04-26,177.19
2011-04-27,178.17
2011-04-28,178.7
2011-04-29,178.63
2011-05-02,177.4
2011-05-03,177.17
2011-05-04,176.79
2011-05-06,172.42
2011-05-09,172.58
2011-05-11,173.81
2011-05-12,169.89
2011-05-13,171.83
2011-05-16,170.01
2011-05-17,171.95
2011-05-18,173.0
2011-05-19,172.51
2011-05-20,173.45
2011-05-23,171.31
2011-05-24,171.31
2011-05-25,172.65
2011-05-26,173.06
2011-05-27,173.09
2011-05-30,173.81
2011-05-31,174.35
2011-06-01,174.91
2011-06-02,172.09
2011-06-03,174.21
2011-06-07,174.13
2011-06-08,175.89
2011-06-09,174.82
2011-06-10,173.74
2011-06-13,170.47
2011-06-14,171.65
2011-06-15,170.94
2011-06-16,167.15
2011-06-17,168.62
2011-06-20,169.19
2011-06-21,169.25
2011-06-22,169.68
2011-06-23,168.44
2011-06-24,167.15
2011-06-27,165.56
2011-06-28,169.12
2011-06-29,167.86
2011-06-30,170.36
2011-07-01,169.03
2011-07-04,170.51
2011-07-05,170.0
2011-07-06,169.64
2011-07-07,167.7
2011-07-08,168.38
2011-07-11,165.12
2011-07-12,161.5
2011-07-13,161.51
2011-07-14,164.63
2011-07-15,162.71
2011-07-18,162.56
2011-07-19,162.03
2011-07-20,163.07
2011-07-21,164.72
2011-07-22,167.22
2011-07-25,166.18
2011-07-26,166.52
2011-07-27,168.59
2011-07-28,165.39
2011-07-29,166.37
2011-08-01,167.81
2011-08-02,166.19
2011-08-03,163.71
2011-08-04,167.33
2011-08-05,161.26
2011-08-08,165.18
2011-08-09,165.17
2011-08-10,169.63
2011-08-11,163.47
2011-08-12,167.22
2011-08-16,168.27
2011-08-17,167.15
2011-08-18,169.5
2011-08-19,166.26
2011-08-22,169.28
2011-08-23,170.19
2011-08-24,171.02
2011-08-25,170.42
2011-08-26,171.39
2011-08-29,172.16
2011-08-30,171.02
2011-08-31,168.54
2011-09-01,168.72
2011-09-02,165.9
2011-09-05,165.44
2011-09-06,164.97
2011-09-07,165.93
2011-09-08,168.26
2011-09-09,167.05
2011-09-14,161.37
2011-09-15,164.17
2011-09-16,168.24
2011-09-19,166.15
2011-09-20,167.04
2011-09-21,173.78
2011-09-22,169.47
2011-09-23,170.86
2011-09-26,172.03
2011-09-28,174.21
2011-09-29,172.02
2011-09-30,173.04
2011-10-04,169.94
2011-10-05,175.04
2011-10-06,173.82
2011-10-07,174.04
2011-10-10,172.93
2011-10-11,176.1
2011-10-12,174.42
2011-10-13,177.04
2011-10-14,173.8
2011-10-17,176.08
2011-10-18,171.98
2011-10-19,172.64
2011-10-20,171.62
2011-10-21,172.06
2011-10-24,174.79
2011-10-25,173.75
2011-10-26,171.92
2011-10-27,172.88
2011-10-28,177.11
2011-10-31,173.12
2011-11-01,169.68
2011-11-02,167.86
2011-11-03,169.97
2011-11-04,172.08
2011-11-07,169.53
2011-11-08,169.89
2011-11-09,170.75
2011-11-10,166.46
2011-11-11,169.68
2011-11-14,170.92
2011-11-15,167.34
2011-11-16,167.07
2011-11-17,166.43
2011-11-18,167.22
2011-11-21,167.48
2011-11-22,167.14
2011-11-23,168.15
2011-11-24,166.04
2011-11-25,166.73
2011-11-28,166.79
2011-11-29,165.66
2011-11-30,166.95
2011-12-01,168.56
2011-12-02,166.44
2011-12-05,167.28
2011-12-06,167.03
2011-12-07,168.04
2011-12-08,167.69
2011-12-09,166.68
2011-12-12,169.5
2011-12-13,166.42
2011-12-14,165.47
2011-12-15,165.66
2011-12-16,166.51
2011-12-19,166.98
2011-12-20,168.81
2011-12-21,170.2
2011-12-22,167.05
2011-12-23,168.35
2011-12-26,166.59
2011-12-27,166.97
2011-12-28,168.69
2011-12-29,167.26
2011-12-30,167.23
2012-01-02,167.52
2012-01-03,167.45
2012-01-04,168.71
2012-01-05,167.81
2012-01-06,166.06
2012-01-09,166.46
2012-01-10,168.87
2012-01-11,167.56
2012-01-12,167.09
2012-01-13,167.23
2012-01-16,163.98
2012-01-17,165.14
2012-01-18,165.6
2012-01-19,167.07
2012-01-20,168.36
2012-01-25,168.01
2012-01-26,167.08
2012-01-27,165.37
2012-01-30,166.34
2012-01-31,166.7
2012-02-01,165.55
2012-02-02,167.21
2012-02-03,165.92
2012-02-06,167.2
2012-02-07,166.49
2012-02-08,168.32
2012-02-09,167.52
2012-02-10,168.63
2012-02-13,169.05
2012-02-14,168.29
2012-02-15,168.09
2012-02-16,166.89
2012-02-17,167.83
2012-02-20,168.33
2012-02-21,168.54
2012-02-22,168.89
2012-02-23,169.04
2012-02-24,170.56
2012-02-27,171.62
2012-02-28,171.1
2012-02-29,171.83
2012-03-02,169.2
2012-03-05,166.73
2012-03-06,167.01
2012-03-07,164.85
2012-03-08,166.17
2012-03-09,167.13
2012-03-12,164.15
2012-03-13,165.05
2012-03-14,165.5
2012-03-15,164.26
2012-03-16,166.19
2012-03-19,166.91
2012-03-20,167.22
2012-03-21,166.57
2012-03-22,167.8
2012-03-23,166.93
2012-03-26,168.46
2012-03-27,170.72
2012-03-28,170.09
2012-03-29,170.71
2012-03-30,170.69
2012-04-02,172.03
2012-04-03,170.95
2012-04-04,169.06
2012-04-05,168.44
2012-04-06,167.24
2012-04-09,167.19
2012-04-10,168.46
2012-04-12,167.6
2012-04-13,169.27
2012-04-16,166.91
2012-04-17,168.24
2012-04-18,168.26
2012-04-19,168.39
2012-04-20,169.47
2012-04-23,170.3
2012-04-24,168.57
2012-04-25,169.48
2012-04-26,169.57
2012-04-27,168.83
2012-04-30,168.77
2012-05-02,168.24
2012-05-03,167.11
2012-05-04,167.09
2012-05-07,164.82
2012-05-08,166.92
2012-05-09,165.5
2012-05-10,165.69
2012-05-11,164.43
2012-05-14,164.13
2012-05-15,162.97
2012-05-16,160.98
2012-05-17,162.05
2012-05-18,161.48
2012-05-21,163.99
2012-05-22,164.14
2012-05-23,162.35
2012-05-24,163.66
2012-05-25,163.87
2012-05-29,164.87
2012-05-30,163.39
2012-05-31,162.26
2012-06-01,162.53
2012-06-04,162.57
2012-06-05,164.87
2012-06-07,164.87
2012-06-08,163.82
2012-06-11,166.61
2012-06-12,164.04
2012-06-13,165.55
2012-06-14,166.0
2012-06-15,166.36
2012-06-18,167.44
2012-06-19,165.02
2012-06-20,166.28
2012-06-21,165.65
2012-06-22,163.83
2012-06-25,164.7
2012-06-26,164.45
2012-06-27,164.18
2012-06-28,164.22
2012-06-29,163.75
2012-07-02,166.47
2012-07-03,165.11
2012-07-04,164.53
2012-07-05,164.31
2012-07-06,163.24
2012-07-09,161.89
2012-07-10,163.17
2012-07-11,163.57
2012-07-12,163.62
2012-07-13,163.12
2012-07-16,163.82
2012-07-17,162.92
2012-07-18,164.21
2012-07-19,164.36
2012-07-20,164.39
2012-07-23,163.79
2012-07-24,165.4
2012-07-25,164.58
2012-07-26,165.01
2012-07-27,166.88
2012-07-30,165.81
2012-07-31,167.41
2012-08-01,166.62
2012-08-02,165.97
2012-08-03,165.92
2012-08-06,169.15
2012-08-07,167.77
2012-08-08,167.42
2012-08-09,168.59
2012-08-10,168.32
2012-08-13,169.47
2012-08-14,168.58
2012-08-16,168.82
2012-08-17,169.28
2012-08-20,169.79
2012-08-21,170.23
2012-08-22,170.03
2012-08-23,171.03
2012-08-24,171.38
2012-08-27,171.81
2012-08-28,172.1
2012-08-29,171.65
2012-08-30,170.28
2012-08-31,169.6
2012-09-03,171.14
2012-09-04,169.26
2012-09-05,168.33
2012-09-06,168.69
2012-09-07,168.08
2012-09-10,171.09
2012-09-11,170.08
2012-09-12,170.98
2012-09-13,171.42
2012-09-14,171.44
2012-09-17,170.61
2012-09-18,169.36
2012-09-19,170.48
2012-09-20,171.62
2012-09-21,171.51
2012-09-24,170.45
2012-09-25,170.49
2012-09-26,170.17
2012-09-27,170.09
2012-09-28,171.37
2012-10-02,168.94
2012-10-04,166.64
2012-10-05,168.4
2012-10-08,168.1
2012-10-09,167.43
2012-10-10,165.68
2012-10-11,166.27
2012-10-12,166.41
2012-10-15,165.82
2012-10-16,167.03
2012-10-17,167.93
2012-10-18,167.61
2012-10-19,168.35
2012-10-22,167.97
2012-10-23,167.62
2012-10-24,165.77
2012-10-25,165.04
2012-10-26,164.12
2012-10-29,163.35
2012-10-30,164.06
2012-10-31,164.81
2012-11-01,164.34
2012-11-02,163.78
2012-11-05,162.56
2012-11-06,163.26
2012-11-07,163.27
2012-11-08,162.44
2012-11-09,162.92
2012-11-12,161.72
2012-11-13,161.05
2012-11-14,160.65
2012-11-15,160.26
2012-11-16,160.66
2012-11-19,160.43
2012-11-20,161.21
2012-11-21,160.01
2012-11-22,161.51
2012-11-23,162.25
2012-11-26,164.02
2012-11-27,164.38
2012-11-28,162.05
2012-11-29,163.28
2012-11-30,162.68
2012-12-03,162.73
2012-12-04,163.34
2012-12-05,164.25
2012-12-06,164.04
2012-12-07,163.12
2012-12-10,161.9
2012-12-11,161.31
2012-12-12,162.06
2012-12-13,161.68
2012-12-14,160.58
2012-12-17,161.19
2012-12-18,161.14
2012-12-20,163.27
2012-12-21,164.94
2012-12-24,164.22
2012-12-26,164.15
2012-12-27,165.02
2012-12-28,164.87
2012-12-31,164.55
2013-01-02,164.72
2013-01-03,164.12
2013-01-04,162.65
2013-01-07,162.64
2013-01-08,163.77
2013-01-09,162.14
2013-01-10,161.73
2013-01-11,163.49
2013-01-14,163.6
2013-01-15,163.76
2013-01-16,162.24
2013-01-17,162.88
2013-01-18,162.95
2013-01-21,162.05
2013-01-22,162.43
2013-01-23,163.53
2013-01-24,163.34
2013-01-25,164.52
2013-01-29,168.51
2013-01-30,170.65
2013-01-31,170.48
2013-02-01,171.23
2013-02-04,173.33
2013-02-05,171.98
2013-02-06,171.86
2013-02-07,171.14
2013-02-08,169.79
2013-02-12,171.12
2013-02-13,171.92
2013-02-14,172.83
2013-02-15,171.76
2013-02-18,170.6
2013-02-19,170.6
2013-02-20,171.48
2013-02-21,169.83
2013-02-22,168.76
2013-02-25,169.39
2013-02-26,167.87
2013-02-27,168.56
2013-02-28,168.78
2013-03-04,168.11
2013-03-05,170.07
2013-03-06,170.34
2013-03-07,168.84
2013-03-08,171.66
2013-03-11,170.03
2013-03-12,171.78
2013-03-13,172.27
2013-03-14,170.73
2013-03-15,171.66
2013-03-18,171.97
2013-03-19,173.08
2013-03-20,171.51
2013-03-21,172.67
2013-03-22,172.04
2013-03-25,172.04
2013-03-26,170.58
2013-03-27,170.66
2013-03-28,169.97
2013-03-29,170.58
2013-04-01,170.52
2013-04-02,171.35
2013-04-03,171.49
2013-04-04,171.95
2013-04-05,172.26
2013-04-08,174.78
2013-04-09,177.44
2013-04-10,178.26
2013-04-11,177.84
2013-04-12,178.13
2013-04-15,177.68
2013-04-16,175.2
2013-04-17,175.97
2013-04-18,170.98
2013-04-19,171.68
2013-04-22,171.12
2013-04-23,171.73
2013-04-24,168.51
2013-04-25,169.17
2013-04-26,168.52
2013-04-29,169.17
2013-04-30,169.52
2013-05-02,170.41
2013-05-03,168.25
2013-05-06,168.98
2013-05-07,167.11
2013-05-08,167.49
2013-05-09,167.3
2013-05-10,165.99
2013-05-13,166.86
2013-05-14,168.82
2013-05-15,166.34
2013-05-16,166.77
2013-05-20,166.34
2013-05-21,168.08
2013-05-22,168.32
2013-05-23,167.47
2013-05-24,168.76
2013-05-27,169.86
2013-05-28,169.33
2013-05-29,167.5
2013-05-30,169.95
2013-05-31,171.77
2013-06-03,169.99
2013-06-04,172.35
2013-06-05,170.91
2013-06-07,170.86
2013-06-10,169.35
2013-06-11,170.85
2013-06-12,173.05
2013-06-13,173.84
2013-06-14,175.05
2013-06-17,175.31
2013-06-18,174.53
2013-06-19,175.24
2013-06-20,175.34
2013-06-21,174.35
2013-06-24,172.59
2013-06-25,171.32
2013-06-26,172.6
2013-06-27,171.03
2013-06-28,170.49
2013-07-01,170.73
2013-07-02,170.25
2013-07-03,168.56
2013-07-04,170.57
2013-07-05,170.55
2013-07-08,167.71
2013-07-09,169.94
2013-07-10,168.34
2013-07-11,170.94
2013-07-12,168.96
2013-07-15,168.13
2013-07-16,168.04
2013-07-17,169.88
2013-07-18,170.16
2013-07-19,170.76
2013-07-22,171.87
2013-07-23,172.46
2013-07-24,173.15
2013-07-25,171.13
2013-07-26,172.35
2013-07-29,171.82
2013-07-30,171.28
2013-07-31,169.9
2013-08-01,172.02
2013-08-02,169.74
2013-08-05,170.37
2013-08-06,169.56
2013-08-07,170.11
2013-08-08,171.62
2013-08-09,171.6
2013-08-12,170.84
2013-08-13,170.39
2013-08-14,170.77
2013-08-16,171.96
2013-08-19,170.93
2013-08-20,171.13
2013-08-21,172.94
2013-08-22,170.07
2013-08-23,172.68
2013-08-26,172.23
2013-08-27,170.75
2013-08-28,171.99
2013-08-29,171.74
2013-08-30,168.51
2013-09-02,167.4
2013-09-03,167.16
2013-09-04,165.46
2013-09-05,166.74
2013-09-06,163.64
2013-09-09,165.14
2013-09-10,165.9
2013-09-11,165.72
2013-09-12,166.66
2013-09-13,166.21
2013-09-16,166.62
2013-09-17,166.1
2013-09-23,170.68
2013-09-24,168.44
2013-09-25,167.86
2013-09-26,167.68
2013-09-27,167.42
2013-09-30,167.04
2013-10-01,167.38
2013-10-02,168.81
2013-10-04,169.5
2013-10-07,166.98
2013-10-08,166.8
2013-10-10,165.97
2013-10-11,165.42
2013-10-14,165.37
2013-10-15,165.68
2013-10-16,164.48
2013-10-17,164.59
2013-10-18,166.14
2013-10-21,165.44
2013-10-22,166.0
2013-10-23,166.69
2013-10-24,165.81
2013-10-25,166.37
2013-10-28,168.12
2013-10-29,167.32
2013-10-30,166.34
2013-10-31,165.87
2013-11-01,163.63
2013-11-04,162.63
2013-11-05,163.21
2013-11-06,162.82
2013-11-07,163.48
2013-11-08,162.29
2013-11-11,160.95
2013-11-12,162.83
2013-11-13,160.89
2013-11-14,161.48
2013-11-15,160.53
2013-11-18,160.83
2013-11-19,160.4
2013-11-20,159.66
2013-11-21,158.76
2013-11-22,160.04
2013-11-25,161.42
2013-11-26,161.6
2013-11-27,161.22
2013-11-28,161.23
2013-11-29,162.24
2013-12-02,161.53
2013-12-03,161.06
2013-12-04,162.93
2013-12-05,163.33
2013-12-06,163.53
2013-12-09,162.57
2013-12-10,161.2
2013-12-11,160.96
2013-12-12,160.62
2013-12-13,159.54
2013-12-16,160.28
2013-12-17,160.07
2013-12-18,160.46
2013-12-19,160.13
2013-12-20,160.56
2013-12-23,161.44
2013-12-24,161.58
2013-12-26,161.37
2013-12-27,161.67
2013-12-30,162.26
2013-12-31,164.39
2014-01-02,164.26
2014-01-03,161.03
2014-01-06,161.61
2014-01-07,163.15
2014-01-08,163.92
2014-01-09,162.17
2014-01-10,162.42
2014-01-13,163.72
2014-01-14,162.5
2014-01-15,164.44
2014-01-16,164.27
2014-01-17,164.72
2014-01-20,163.99
2014-01-21,164.02
2014-01-22,164.23
2014-01-23,164.8
2014-01-24,167.31
2014-01-27,167.51
2014-01-28,168.82
2014-01-29,167.88
2014-02-03,163.53
2014-02-04,165.36
2014-02-05,166.59
2014-02-06,165.45
2014-02-07,165.45
2014-02-10,165.63
2014-02-11,165.27
2014-02-12,166.48
2014-02-13,165.03
2014-02-14,164.89
2014-02-17,164.89
2014-02-18,164.23
2014-02-19,164.13
2014-02-20,163.89
2014-02-21,164.05
2014-02-24,164.19
2014-02-25,165.38
2014-02-26,164.86
2014-02-27,164.19
2014-02-28,163.94
2014-03-03,166.06
2014-03-04,165.56
2014-03-05,166.27
2014-03-06,166.53
2014-03-07,166.92
2014-03-10,166.4
2014-03-11,167.29
2014-03-12,167.04
2014-03-13,168.06
2014-03-14,167.31
2014-03-17,167.91
2014-03-18,168.48
2014-03-19,168.68
2014-03-20,167.15
2014-03-21,167.69
2014-03-24,168.25
2014-03-25,168.75
2014-03-26,168.42
2014-03-27,166.36
2014-03-28,165.58
2014-03-31,164.34
2014-04-01,164.82
2014-04-02,164.38
2014-04-03,163.16
2014-04-04,161.7
2014-04-07,161.06
2014-04-08,161.4
2014-04-09,162.08
2014-04-10,160.92
2014-04-11,158.48
2014-04-14,158.42
2014-04-15,158.33
2014-04-16,158.46
2014-04-17,157.86
2014-04-18,157.07
2014-04-21,157.1
2014-04-22,156.98
2014-04-23,157.8
2014-04-24,158.19
2014-04-25,158.06
2014-04-28,157.85
2014-04-29,158.44
2014-04-30,157.23
2014-05-02,158.66
2014-05-07,158.68
2014-05-08,157.76
2014-05-09,156.88
2014-05-12,155.73
2014-05-13,156.04
2014-05-14,156.18
2014-05-15,156.29
2014-05-16,156.32
2014-05-19,156.36
2014-05-20,155.18
2014-05-21,155.36
2014-05-22,156.26
2014-05-23,155.53
2014-05-26,154.3
2014-05-27,154.61
2014-05-28,154.58
2014-05-29,153.94
2014-05-30,153.8
2014-06-02,152.67
2014-06-03,152.9
2014-06-05,154.17
2014-06-09,154.23
2014-06-10,152.28
2014-06-11,151.88
2014-06-12,151.75
2014-06-13,152.14
2014-06-16,153.15
2014-06-17,153.87
2014-06-18,154.01
2014-06-19,153.96
2014-06-20,152.03
2014-06-23,151.6
2014-06-24,152.09
2014-06-25,151.36
2014-06-26,151.58
2014-06-27,150.94
2014-06-30,150.55
2014-07-01,151.48
2014-07-02,151.3
2014-07-03,150.57
2014-07-04,147.9
2014-07-07,147.35
2014-07-08,147.82
2014-07-09,148.0
2014-07-10,148.99
2014-07-11,149.3
2014-07-14,149.82
2014-07-15,149.96
2014-07-16,150.11
2014-07-17,151.27
2014-07-18,150.65
2014-07-21,150.98
2014-07-22,150.04
2014-07-23,149.6
2014-07-24,149.46
2014-07-25,150.53
2014-07-28,150.94
2014-07-29,149.97
2014-07-30,149.52
2014-07-31,148.85
2014-08-01,148.75
2014-08-04,150.74
2014-08-05,149.82
2014-08-06,149.66
2014-08-07,150.05
2014-08-08,149.77
2014-08-11,150.45
2014-08-12,149.97
2014-08-13,149.51
2014-08-14,149.59
2014-08-18,149.73
2014-08-19,148.41
2014-08-20,148.12
2014-08-21,147.68
2014-08-22,148.6
2014-08-25,146.91
2014-08-26,147.14
2014-08-27,146.32
2014-08-28,146.03
2014-08-29,145.47
2014-09-01,145.18
2014-09-02,144.87
2014-09-03,144.77
2014-09-04,145.51
2014-09-05,144.0
2014-09-11,144.36
2014-09-12,145.06
2014-09-15,145.24
2014-09-16,145.96
2014-09-17,145.32
2014-09-18,144.08
2014-09-19,147.04
2014-09-22,146.22
2014-09-23,145.53
2014-09-24,145.78
2014-09-25,144.67
2014-09-26,144.76
2014-09-29,143.39
2014-09-30,145.2
2014-10-01,146.2
2014-10-02,147.12
2014-10-06,145.77
2014-10-07,148.93
2014-10-08,148.42
2014-10-10,148.45
2014-10-13,148.07
2014-10-14,149.99
2014-10-15,146.54
2014-10-16,148.73
2014-10-17,148.14
2014-10-20,147.83
2014-10-21,147.68
2014-10-22,145.71
2014-10-23,144.84
2014-10-24,145.4
2014-10-27,146.16
2014-10-28,144.24
2014-10-29,143.19
2014-10-30,142.15
2014-10-31,143.5
2014-11-03,143.23
2014-11-04,144.97
2014-11-05,146.39
2014-11-06,146.34
2014-11-07,146.48
2014-11-10,147.72
2014-11-11,145.99
2014-11-12,147.51
2014-11-13,147.77
2014-11-14,147.68
2014-11-17,148.75
2014-11-18,147.5
2014-11-19,148.89
2014-11-20,149.29
2014-11-21,150.51
2014-11-24,148.68
2014-11-25,149.36
2014-11-26,149.84
2014-11-27,149.56
2014-11-28,148.0
2014-12-01,148.2
2014-12-02,150.11
2014-12-03,147.1
2014-12-04,148.11
2014-12-05,148.86
2014-12-08,147.33
2014-12-09,148.23
2014-12-10,147.73
2014-12-11,146.66
2014-12-12,146.11
2014-12-15,146.47
2014-12-16,144.53
2014-12-17,143.5
2014-12-18,141.84
2014-12-19,143.53
2014-12-22,142.21
2014-12-23,140.76
2014-12-24,141.1
2014-12-26,141.45
2014-12-29,140.57
2014-12-30,139.82
2014-12-31,141.9
2015-01-02,141.02
2015-01-05,139.03
2015-01-06,139.82
2015-01-07,139.27
2015-01-08,137.92
2015-01-09,136.78
2015-01-12,135.96
2015-01-13,133.99
2015-01-14,134.3
2015-01-15,133.53
2015-01-16,133.83
2015-01-19,133.09
2015-01-20,132.63
2015-01-21,132.75
2015-01-22,133.05
2015-01-23,131.77
2015-01-26,129.5
2015-01-27,129.95
2015-01-28,132.28
2015-01-29,130.43
2015-01-30,131.97
2015-02-02,132.64
2015-02-03,132.42
2015-02-04,133.47
2015-02-05,131.2
2015-02-06,132.05
2015-02-09,129.74
2015-02-10,131.1
2015-02-11,130.99
2015-02-12,130.78
2015-02-13,131.2
2015-02-16,130.68
2015-02-17,130.53
2015-02-23,131.73
2015-02-24,131.84
2015-02-25,131.85
2015-02-26,132.99
2015-02-27,130.79
2015-03-02,131.67
2015-03-03,132.19
2015-03-04,132.93
2015-03-05,131.71
2015-03-06,131.96
2015-03-09,129.84
2015-03-10,130.91
2015-03-11,130.69
2015-03-12,130.75
2015-03-13,131.6
2015-03-16,129.1
2015-03-17,130.97
2015-03-18,130.04
2015-03-19,130.79
2015-03-20,128.35
2015-03-23,130.29
2015-03-24,131.38
2015-03-25,130.19
2015-03-26,130.02
2015-03-27,128.46
2015-03-30,128.54
2015-03-31,128.44
2015-04-01,128.57
2015-04-02,127.44
2015-04-03,127.21
2015-04-06,128.38
2015-04-07,126.77
2015-04-08,125.69
2015-04-09,125.99
2015-04-10,124.9
2015-04-13,124.21
2015-04-14,124.46
2015-04-15,125.16
2015-04-16,125.62
2015-04-17,126.86
2015-04-20,125.37
2015-04-21,124.31
2015-04-22,125.0
2015-04-23,123.86
2015-04-24,125.4
2015-04-27,124.89
2015-04-28,124.85
2015-04-29,125.85
2015-04-30,128.06
2015-05-04,127.19
2015-05-06,129.37
2015-05-07,131.39
2015-05-08,131.3
2015-05-11,132.21
2015-05-12,131.24
2015-05-13,131.58
2015-05-14,132.91
2015-05-15,132.63
2015-05-18,132.81
2015-05-19,131.81
2015-05-20,130.76
2015-05-21,131.18
2015-05-22,131.2
2015-05-26,129.69
2015-05-27,129.62
2015-05-28,130.14
2015-05-29,131.04
2015-06-01,129.64
2015-06-02,129.53
2015-06-03,132.0
2015-06-04,133.15
2015-06-05,133.45
2015-06-08,132.57
2015-06-09,135.06
2015-06-10,134.97
2015-06-11,135.17
2015-06-12,135.16
2015-06-15,135.86
2015-06-16,136.74
2015-06-17,136.65
2015-06-18,137.89
2015-06-19,136.61
2015-06-22,136.0
2015-06-23,135.05
2015-06-24,133.72
2015-06-25,134.52
2015-06-26,134.55
2015-06-29,134.33
2015-06-30,136.42
2015-07-01,134.68
2015-07-02,133.33
2015-07-03,132.86
2015-07-06,132.51
2015-07-07,133.02
2015-07-08,132.69
2015-07-09,134.22
2015-07-10,134.17
2015-07-13,133.73
2015-07-14,133.34
2015-07-15,134.02
2015-07-16,134.27
2015-07-17,134.29
2015-07-20,132.46
2015-07-21,133.62
2015-07-22,135.6
2015-07-23,134.07
2015-07-24,135.66
2015-07-27,135.52
2015-07-28,137.29
2015-07-29,136.21
2015-07-30,134.06
2015-07-31,135.19
2015-08-03,135.49
2015-08-04,134.64
2015-08-05,134.34
2015-08-06,134.72
2015-08-07,133.89
2015-08-10,132.81
2015-08-11,134.07
2015-08-12,135.18
2015-08-13,138.48
2015-08-17,137.86
2015-08-18,138.55
2015-08-19,138.59
2015-08-20,139.11
2015-08-21,139.08
2015-08-24,142.66
2015-08-25,144.96
2015-08-26,142.7
2015-08-27,140.17
2015-08-28,139.93
2015-08-31,139.13
2015-09-01,139.74
2015-09-02,139.39
2015-09-03,139.67
2015-09-04,141.26
2015-09-07,141.09
2015-09-08,142.13
2015-09-09,143.22
2015-09-10,141.94
2015-09-11,143.0
2015-09-14,143.79
2015-09-15,142.99
2015-09-16,142.37
2015-09-17,142.9
2015-09-18,142.9
2015-09-21,141.26
2015-09-22,140.22
2015-09-23,140.18
2015-09-24,140.8
2015-09-25,141.63
2015-09-30,142.45
2015-10-01,142.14
2015-10-02,140.72
2015-10-05,141.05
2015-10-06,140.68
2015-10-07,141.45
2015-10-08,141.29
2015-10-12,141.28
2015-10-13,140.23
2015-10-14,141.04
2015-10-15,141.73
2015-10-16,137.66
2015-10-19,136.93
2015-10-20,135.27
2015-10-21,135.99
2015-10-22,135.91
2015-10-23,134.58
2015-10-26,132.6
2015-10-27,133.33
2015-10-28,132.96
2015-10-29,132.41
2015-10-30,134.06
2015-11-02,133.37
2015-11-03,133.58
2015-11-04,132.74
2015-11-05,130.93
2015-11-06,131.73
2015-11-09,130.44
2015-11-10,132.98
2015-11-11,133.28
2015-11-12,133.18
2015-11-13,133.71
2015-11-16,133.55
2015-11-17,134.38
2015-11-18,133.53
2015-11-19,134.56
2015-11-20,134.24
2015-11-23,132.67
2015-11-24,132.78
2015-11-25,132.97
2015-11-26,131.15
2015-11-27,131.14
2015-11-30,131.66
2015-12-01,132.77
2015-12-02,133.28
2015-12-03,133.47
2015-12-04,137.54
2015-12-07,136.36
2015-12-08,136.46
2015-12-09,138.2
2015-12-10,140.04
2015-12-11,138.23
2015-12-14,138.82
2015-12-15,139.92
2015-12-16,139.12
2015-12-17,138.21
2015-12-18,137.7
2015-12-21,138.51
2015-12-22,138.72
2015-12-23,139.48
2015-12-24,138.66
2015-12-28,139.54
2015-12-29,139.23
2015-12-30,139.32
2015-12-31,139.3
2016-01-04,138.73
2016-01-05,139.3
2016-01-06,138.27
2016-01-07,138.97
2016-01-08,141.61
2016-01-11,140.99
2016-01-12,141.6
2016-01-13,141.61
2016-01-14,141.55
2016-01-15,141.81
2016-01-18,141.02
2016-01-19,141.29
2016-01-20,141.71
2016-01-21,141.01
2016-01-22,141.32
2016-01-25,140.1
2016-01-26,139.53
2016-01-27,140.63
2016-01-28,141.19
2016-01-29,142.12
2016-02-01,140.31
2016-02-02,141.18
2016-02-03,140.73
2016-02-04,144.06
2016-02-05,143.2
2016-02-11,142.78
2016-02-12,142.9
2016-02-15,143.25
2016-02-16,142.71
2016-02-17,143.0
2016-02-18,143.85
2016-02-19,145.16
2016-02-22,146.01
2016-02-23,145.14
2016-02-24,144.89
2016-02-25,145.46
2016-02-26,145.44
2016-02-29,144.26
2016-03-02,144.01
2016-03-03,143.15
2016-03-04,142.85
2016-03-07,142.46
2016-03-08,141.66
2016-03-09,141.97
2016-03-10,143.84
2016-03-11,144.47
2016-03-14,143.99
2016-03-15,142.13
2016-03-16,142.99
2016-03-17,144.86
2016-03-18,143.58
2016-03-21,141.06
2016-03-22,141.6
2016-03-23,140.95
2016-03-24,140.15
2016-03-25,140.76
2016-03-28,140.68
2016-03-29,141.22
2016-03-30,141.86
2016-03-31,141.82
2016-04-01,140.95
2016-04-04,141.34
2016-04-05,141.21
2016-04-06,142.05
2016-04-07,141.74
2016-04-08,141.38
2016-04-11,141.92
2016-04-12,141.69
2016-04-14,140.52
2016-04-15,141.72
2016-04-18,141.27
2016-04-19,141.8
2016-04-20,141.08
2016-04-21,139.35
2016-04-22,139.39
2016-04-25,139.9
2016-04-26,141.22
2016-04-27,141.58
2016-04-28,141.63
2016-04-29,141.74
2016-05-02,141.8
2016-05-03,143.22
2016-05-04,141.25
2016-05-09,141.58
2016-05-10,142.6
2016-05-11,143.88
2016-05-12,143.55
2016-05-13,142.24
2016-05-16,141.92
2016-05-17,142.61
2016-05-18,142.08
2016-05-19,141.51
2016-05-20,142.53
2016-05-23,142.85
2016-05-24,141.84
2016-05-25,142.96
2016-05-26,142.86
2016-05-27,142.66
2016-05-30,141.24
2016-05-31,142.91
2016-06-01,142.87
2016-06-02,143.66
2016-06-03,142.87
2016-06-07,145.97
2016-06-08,143.1
2016-06-09,142.61
2016-06-10,141.28
2016-06-13,140.06
2016-06-14,142.26
2016-06-15,141.02
2016-06-16,141.59
2016-06-17,140.31
2016-06-20,141.71
2016-06-21,141.17
2016-06-22,140.08
2016-06-23,140.58
2016-06-24,140.65
2016-06-27,137.13
2016-06-28,138.25
2016-06-29,138.37
2016-06-30,137.75
2016-07-01,136.34
2016-07-04,135.99
2016-07-05,136.29
2016-07-06,135.1
2016-07-07,136.68
2016-07-08,134.85
2016-07-11,135.04
2016-07-12,133.81
2016-07-13,134.61
2016-07-14,134.97
2016-07-15,134.26
2016-07-18,132.24
2016-07-19,132.9
2016-07-20,132.16
2016-07-21,132.65
2016-07-22,132.69
2016-07-25,131.02
2016-07-26,131.53
2016-07-27,131.51
2016-07-28,131.49
2016-07-29,130.34
2016-08-01,131.18
2016-08-02,129.27
2016-08-03,130.19
2016-08-04,130.36
2016-08-05,130.73
2016-08-08,129.77
2016-08-09,129.6
2016-08-10,129.69
2016-08-11,129.67
2016-08-12,129.65
2016-08-16,130.21
2016-08-17,130.14
2016-08-18,130.94
2016-08-19,132.51
2016-08-22,132.87
2016-08-23,134.4
2016-08-24,133.34
2016-08-25,133.53
2016-08-26,133.13
2016-08-29,131.23
2016-08-30,132.87
2016-08-31,131.04
2016-09-01,130.56
2016-09-02,130.82
2016-09-05,130.28
2016-09-06,129.32
2016-09-07,130.33
2016-09-08,129.54
2016-09-09,129.58
2016-09-12,129.49
2016-09-13,130.91
2016-09-19,129.8
2016-09-20,130.82
2016-09-21,130.23
2016-09-22,130.51
2016-09-23,129.09
2016-09-26,129.37
2016-09-27,129.57
2016-09-28,128.38
2016-09-29,127.94
2016-09-30,127.96
2016-10-04,128.56
2016-10-05,128.49
2016-10-06,129.62
2016-10-07,128.67
2016-10-10,129.29
2016-10-11,128.43
2016-10-12,126.68
2016-10-13,126.78
2016-10-14,128.62
2016-10-17,128.17
2016-10-18,129.44
2016-10-19,128.19
2016-10-20,127.08
2016-10-21,126.71
2016-10-24,127.21
2016-10-25,127.23
2016-10-26,127.33
2016-10-27,127.09
2016-10-28,125.57
2016-10-31,127.04
2016-11-01,126.65
2016-11-02,127.37
2016-11-03,128.74
2016-11-04,127.17
2016-11-07,127.58
2016-11-08,126.59
2016-11-09,126.67
2016-11-10,126.45
2016-11-11,127.27
2016-11-14,127.89
2016-11-15,127.82
2016-11-16,127.27
2016-11-17,127.12
2016-11-18,127.13
2016-11-21,127.56
2016-11-22,128.42
2016-11-23,127.55
2016-11-24,126.58
2016-11-25,127.85
2016-11-28,127.56
2016-11-29,127.17
2016-11-30,127.35
2016-12-01,126.54
2016-12-02,127.19
2016-12-05,126.04
2016-12-06,128.66
2016-12-07,128.06
2016-12-08,128.94
2016-12-09,127.01
2016-12-12,126.79
2016-12-13,127.7
2016-12-14,127.2
2016-12-15,125.89
2016-12-16,125.5
2016-12-19,126.52
2016-12-20,126.49
2016-12-21,127.42
2016-12-22,129.4
2016-12-23,129.89
2016-12-26,130.62
2016-12-27,130.29
2016-12-28,130.65
2016-12-29,131.35
2016-12-30,132.4
2017-01-02,132.84
2017-01-03,132.38
2017-01-04,131.77
2017-01-05,132.51
2017-01-06,132.49
2017-01-09,131.14
2017-01-10,133.43
2017-01-11,131.99
2017-01-12,132.51
2017-01-13,132.15
2017-01-16,131.91
2017-01-17,131.87
2017-01-18,132.89
2017-01-19,130.28
2017-01-20,131.47
2017-01-23,131.99
2017-01-24,132.2
2017-01-25,131.52
2017-01-26,132.25
2017-01-31,131.23
2017-02-01,133.24
2017-02-02,132.02
2017-02-03,131.34
2017-02-06,130.77
2017-02-07,128.91
2017-02-08,128.67
2017-02-09,129.57
2017-02-10,128.65
2017-02-13,128.94
2017-02-14,128.84
2017-02-15,128.1
2017-02-16,128.02
2017-02-17,128.6
2017-02-20,128.54
2017-02-21,128.46
2017-02-22,127.74
2017-02-23,127.09
2017-02-24,126.64
2017-02-27,125.15
2017-02-28,124.91
2017-03-02,125.07
2017-03-03,125.7
2017-03-06,128.34
2017-03-07,128.13
2017-03-08,127.68
2017-03-09,126.67
2017-03-10,127.74
2017-03-13,128.64
2017-03-14,128.33
2017-03-15,127.94
2017-03-16,129.08
2017-03-17,128.42
2017-03-20,128.16
2017-03-21,127.39
2017-03-22,126.98
2017-03-23,127.7
2017-03-24,126.86
2017-03-27,127.81
2017-03-28,126.83
2017-03-29,125.88
2017-03-30,125.59
2017-03-31,124.93
2017-04-03,124.97
2017-04-04,124.3
2017-04-05,124.37
2017-04-06,125.14
2017-04-07,125.34
2017-04-10,124.91
2017-04-11,125.78
2017-04-12,126.5
2017-04-13,127.55
2017-04-14,125.15
2017-04-17,125.92
2017-04-18,126.21
2017-04-19,127.03
2017-04-20,127.06
2017-04-21,127.0
2017-04-24,128.62
2017-04-25,127.75
2017-04-26,128.88
2017-04-27,128.46
2017-04-28,127.87
2017-05-02,128.16
2017-05-04,127.89
2017-05-08,128.64
2017-05-10,127.48
2017-05-11,127.14
2017-05-12,127.29
2017-05-15,127.45
2017-05-16,127.48
2017-05-17,127.33
2017-05-18,128.1
2017-05-19,127.82
2017-05-22,129.26
2017-05-23,128.51
2017-05-24,128.76
2017-05-25,129.97
2017-05-26,128.68
2017-05-29,128.9
2017-05-30,128.38
2017-05-31,128.68
2017-06-01,129.06
2017-06-02,129.07
2017-06-05,129.94
2017-06-07,129.07
2017-06-08,129.16
2017-06-09,128.95
2017-06-12,128.69
2017-06-13,128.76
2017-06-14,129.91
2017-06-15,129.28
2017-06-16,128.3
2017-06-19,130.25
2017-06-20,129.38
2017-06-21,129.5
2017-06-22,130.58
2017-06-23,130.28
2017-06-26,130.84
2017-06-27,130.16
2017-06-28,132.01
2017-06-29,133.63
2017-06-30,134.77
2017-07-03,135.85
2017-07-04,134.92
2017-07-05,134.85
2017-07-06,135.36
2017-07-07,136.65
2017-07-10,137.16
2017-07-11,136.43
2017-07-12,136.93
2017-07-13,136.17
2017-07-14,136.08
2017-07-17,136.71
2017-07-18,136.01
2017-07-19,135.64
2017-07-20,135.02
2017-07-21,136.81
2017-07-24,136.12
2017-07-25,135.79
2017-07-26,135.95
2017-07-27,137.07
2017-07-28,135.43
2017-07-31,138.14
2017-08-01,138.9
2017-08-02,137.84
2017-08-03,138.64
2017-08-04,139.28
2017-08-07,138.27
2017-08-08,138.3
2017-08-09,137.74
2017-08-10,138.8
2017-08-11,140.22
2017-08-14,141.07
2017-08-16,141.02
2017-08-17,141.17
2017-08-18,139.63
2017-08-21,140.71
2017-08-22,140.9
2017-08-23,140.25
2017-08-24,140.4
2017-08-25,139.75
2017-08-28,142.01
2017-08-29,140.49
2017-08-30,141.86
2017-08-31,140.78
2017-09-01,141.84
2017-09-04,140.72
2017-09-05,142.15
2017-09-06,142.06
2017-09-07,142.21
2017-09-08,142.62
2017-09-11,141.88
2017-09-12,141.17
2017-09-13,141.74
2017-09-14,140.46
2017-09-15,141.69
2017-09-18,142.28
2017-09-19,141.74
2017-09-20,142.09
2017-09-21,140.81
2017-09-22,142.1
2017-09-25,142.17
2017-09-26,140.63
2017-09-27,139.88
2017-09-28,139.84
2017-09-29,141.28
2017-10-10,141.03
2017-10-11,141.05
2017-10-12,141.11
2017-10-13,139.52
2017-10-16,139.2
2017-10-17,139.04
2017-10-18,138.78
2017-10-19,138.9
2017-10-20,139.3
2017-10-23,138.49
2017-10-24,137.97
2017-10-25,137.26
2017-10-26,137.36
2017-10-27,134.51
2017-10-30,135.11
2017-10-31,134.65
2017-11-01,133.85
2017-11-02,132.9
2017-11-03,132.6
2017-11-06,131.95
2017-11-07,132.96
2017-11-08,132.5
2017-11-09,132.93
2017-11-10,133.04
2017-11-13,133.52
2017-11-14,133.61
2017-11-15,133.18
2017-11-16,132.05
2017-11-17,131.43
2017-11-20,129.75
2017-11-21,129.52
2017-11-22,130.14
2017-11-23,130.85
2017-11-24,131.16
2017-11-27,131.05
2017-11-28,131.18
2017-11-29,130.41
2017-11-30,129.37
2017-12-01,129.44
2017-12-04,129.77
2017-12-05,129.27
2017-12-06,129.62
2017-12-07,129.56
2017-12-08,128.79
2017-12-11,129.27
2017-12-12,128.54
2017-12-13,129.41
2017-12-14,129.74
2017-12-15,128.72
2017-12-18,128.17
2017-12-19,129.08
2017-12-20,129.42
2017-12-21,128.97
2017-12-22,129.0
2017-12-26,129.44
2017-12-27,128.95
2017-12-28,130.05
2017-12-29,129.9
2018-01-02,130.61
2018-01-03,130.38
2018-01-04,130.25
2018-01-05,130.98
2018-01-08,130.33
2018-01-09,129.8
2018-01-10,129.59
2018-01-11,130.6
2018-01-12,131.69
2018-01-15,132.43
2018-01-16,132.38
2018-01-17,132.38
2018-01-18,132.27
2018-01-19,133.43
2018-01-22,132.97
2018-01-23,133.19
2018-01-24,133.57
2018-01-25,134.96
2018-01-26,133.91
2018-01-29,135.21
2018-01-30,134.99
2018-01-31,135.83
2018-02-01,135.89
2018-02-02,136.52
2018-02-05,136.01
2018-02-06,136.64
2018-02-07,137.66
2018-02-08,133.92
2018-02-09,134.06
2018-02-12,135.0
2018-02-13,134.42
2018-02-14,134.91
2018-02-19,135.69
2018-02-20,133.69
2018-02-21,132.17
2018-02-22,132.37
2018-02-23,133.46
2018-02-26,131.89
2018-02-27,131.63
2018-02-28,130.21
2018-03-02,131.16
2018-03-05,131.19
2018-03-06,130.76
2018-03-07,130.99
2018-03-08,129.92
2018-03-09,129.22
2018-03-12,129.76
2018-03-13,129.13
2018-03-14,129.74
2018-03-15,130.21
2018-03-16,130.25
2018-03-19,130.52
2018-03-20,131.17
2018-03-21,130.3
2018-03-22,130.84
2018-03-23,129.72
2018-03-26,131.16
2018-03-27,132.07
2018-03-28,130.25
2018-03-29,128.04
2018-03-30,127.58
2018-04-02,127.49
2018-04-03,126.08
2018-04-04,126.01
2018-04-05,126.01
2018-04-06,125.84
2018-04-09,127.03
2018-04-10,127.71
2018-04-11,128.61
2018-04-12,128.08
2018-04-13,127.14
2018-04-16,126.23
2018-04-17,127.48
2018-04-18,127.14
2018-04-19,126.94
2018-04-20,126.53
2018-04-23,126.25
2018-04-24,125.5
2018-04-25,126.56
2018-04-26,126.04
2018-04-27,124.7
2018-04-30,124.12
2018-05-02,120.68
2018-05-03,120.61
2018-05-04,122.18
2018-05-08,121.98
2018-05-09,122.36
2018-05-10,124.24
2018-05-11,124.37
2018-05-14,124.43
2018-05-15,123.46
2018-05-16,123.35
2018-05-17,124.07
2018-05-18,123.58
2018-05-21,123.31
2018-05-23,124.8
2018-05-24,123.32
2018-05-25,123.17
2018-05-28,123.43
2018-05-29,121.63
2018-05-30,120.1
2018-05-31,122.78
2018-06-01,122.18
2018-06-04,121.97
2018-06-05,122.25
2018-06-07,122.52
2018-06-08,122.73
2018-06-11,123.22
2018-06-12,123.87
2018-06-14,124.89
2018-06-15,123.95
2018-06-18,123.98
2018-06-19,125.21
2018-06-20,124.28
2018-06-21,124.74
2018-06-22,124.78
2018-06-25,125.22
2018-06-26,126.19
2018-06-27,125.63
2018-06-28,124.6
2018-06-29,124.17
2018-07-02,124.75
2018-07-03,124.66
2018-07-04,126.9
2018-07-05,126.98
2018-07-06,127.51
2018-07-09,128.11
2018-07-10,127.54
2018-07-11,127.42
2018-07-12,127.12
2018-07-13,127.02
2018-07-16,126.37
2018-07-17,127.91
2018-07-18,127.22
2018-07-19,127.38
2018-07-20,126.96
2018-07-23,128.27
2018-07-24,127.31
2018-07-25,128.67
2018-07-26,128.79
2018-07-27,127.01
2018-07-30,126.79
2018-07-31,127.59
2018-08-01,127.1
2018-08-02,127.12
2018-08-03,126.29
2018-08-06,126.42
2018-08-07,125.69
2018-08-08,126.3
2018-08-09,124.97
2018-08-10,123.99
2018-08-13,123.24
2018-08-14,124.31
2018-08-16,122.94
2018-08-17,123.02
2018-08-20,122.97
2018-08-21,122.61
2018-08-22,122.96
2018-08-23,123.51
2018-08-24,122.58
2018-08-27,123.08
2018-08-28,122.55
2018-08-29,121.52
2018-08-30,121.34
2018-08-31,121.56
2018-09-03,121.66
2018-09-04,122.41
2018-09-05,122.61
2018-09-06,123.42
2018-09-07,123.1
2018-09-10,124.04
2018-09-11,124.39
2018-09-12,124.6
2018-09-13,125.53
2018-09-14,125.25
2018-09-17,123.66
2018-09-18,126.29
2018-09-19,126.53
2018-09-20,126.58
2018-09-21,127.66
2018-09-27,126.83
2018-09-28,125.68
2018-10-01,124.89
2018-10-02,124.12
2018-10-04,123.27
2018-10-05,124.57
2018-10-08,124.73
2018-10-10,124.4
2018-10-11,124.05
2018-10-12,127.3
2018-10-15,126.32
2018-10-16,126.62
2018-10-17,126.6
2018-10-18,125.48
2018-10-19,125.29
2018-10-22,126.18
2018-10-23,125.69
2018-10-24,125.85
2018-10-25,124.17
2018-10-26,124.91
2018-10-29,124.93
2018-10-30,124.4
2018-10-31,124.31
2018-11-01,124.39
2018-11-02,125.86
2018-11-05,124.34
2018-11-06,123.94
2018-11-07,124.1
2018-11-08,124.24
2018-11-09,123.97
2018-11-12,123.96
2018-11-13,123.81
2018-11-14,125.63
2018-11-15,124.71
2018-11-16,124.61
2018-11-19,125.3
2018-11-20,125.26
2018-11-21,124.02
2018-11-22,125.19
2018-11-23,124.9
2018-11-26,124.32
2018-11-27,124.26
2018-11-28,124.09
2018-11-29,124.92
2018-11-30,123.64
2018-12-03,123.38
2018-12-04,123.59
2018-12-05,123.01
2018-12-06,124.07
2018-12-07,124.36
2018-12-10,123.71
2018-12-11,123.67
2018-12-12,124.3
2018-12-13,124.16
2018-12-14,124.07
2018-12-17,124.63
2018-12-18,124.96
2018-12-19,124.71
2018-12-20,123.79
2018-12-21,125.85
2018-12-24,124.26
2018-12-26,124.31
2018-12-27,123.87
2018-12-28,124.46
2018-12-31,124.58
2019-01-02,126.01
2019-01-03,124.13
2019-01-04,125.21
2019-01-07,125.66
2019-01-08,125.71
2019-01-09,125.73
2019-01-10,126.57
2019-01-11,125.6
2019-01-14,124.99
2019-01-15,125.3
2019-01-16,124.79
2019-01-17,124.78
2019-01-18,124.33
2019-01-21,124.28
2019-01-22,124.98
2019-01-23,125.24
2019-01-24,125.11
2019-01-25,124.19
2019-01-28,124.35
2019-01-29,123.35
2019-01-30,123.32
2019-01-31,123.62
2019-02-01,122.91
2019-02-07,121.39
2019-02-08,121.33
2019-02-11,121.22
2019-02-12,120.84
2019-02-13,121.52
2019-02-14,120.97
2019-02-15,121.09
2019-02-18,121.49
2019-02-19,121.55
2019-02-20,121.08
2019-02-21,120.56
2019-02-22,120.06
2019-02-25,120.51
2019-02-26,120.34
2019-02-27,120.49
2019-02-28,120.57
2019-03-04,121.05
2019-03-05,120.4
2019-03-06,120.9
2019-03-07,121.29
2019-03-08,119.31
2019-03-11,120.27
2019-03-12,121.17
2019-03-13,120.53
2019-03-14,121.84
2019-03-15,121.76
2019-03-18,123.0
2019-03-19,122.84
2019-03-20,122.89
2019-03-21,123.84
2019-03-22,122.7
2019-03-25,121.81
2019-03-26,122.83
2019-03-27,122.55
2019-03-28,122.28
2019-03-29,122.45
2019-04-01,122.36
2019-04-02,121.98
2019-04-03,121.8
2019-04-04,122.57
2019-04-05,122.29
2019-04-08,122.26
2019-04-09,123.16
2019-04-10,123.48
2019-04-11,123.22
2019-04-12,122.71
2019-04-15,123.12
2019-04-16,122.33
2019-04-17,122.62
2019-04-18,122.87
2019-04-19,122.1
2019-04-22,122.14
2019-04-23,122.66
2019-04-24,121.91
2019-04-25,121.6
2019-04-26,121.54
2019-04-29,121.92
2019-04-30,121.77
2019-05-02,122.05
2019-05-03,121.55
2019-05-07,122.19
2019-05-08,121.94
2019-05-09,121.76
2019-05-10,121.81
2019-05-13,122.49
2019-05-14,122.78
2019-05-15,123.62
2019-05-16,123.9
2019-05-17,123.38
2019-05-20,123.6
2019-05-21,123.4
2019-05-22,123.68
2019-05-23,124.09
2019-05-24,123.83
2019-05-27,124.75
2019-05-28,123.59
2019-05-29,123.86
2019-05-30,124.94
2019-05-31,124.85
2019-06-03,125.52
2019-06-04,125.26
2019-06-05,125.22
2019-06-07,125.24
2019-06-10,125.42
2019-06-11,125.7
2019-06-12,125.07
2019-06-13,124.77
2019-06-14,124.93
2019-06-17,124.84
2019-06-18,125.19
2019-06-19,124.29
2019-06-20,124.16
2019-06-21,124.07
2019-06-24,124.22
2019-06-25,124.78
2019-06-26,124.35
2019-06-27,125.11
2019-06-28,124.71
2019-07-01,124.52
2019-07-02,123.49
2019-07-03,124.79
2019-07-04,125.76
2019-07-05,125.46
2019-07-08,124.01
2019-07-09,124.52
2019-07-10,124.56
2019-07-11,125.49
2019-07-12,125.14
2019-07-15,125.67
2019-07-16,126.11
2019-07-17,125.48
2019-07-18,126.06
2019-07-19,126.54
2019-07-22,124.99
2019-07-23,125.1
2019-07-24,124.37
2019-07-25,124.99
2019-07-26,124.83
2019-07-29,124.67
2019-07-30,124.67
2019-07-31,123.56
2019-08-01,122.36
2019-08-02,123.06
2019-08-05,123.96
2019-08-06,126.48
2019-08-07,126.8
2019-08-08,126.08
2019-08-09,126.21
2019-08-12,126.81
2019-08-13,127.14
2019-08-14,127.75
2019-08-16,125.7
2019-08-19,125.62
2019-08-20,125.0
2019-08-21,124.93
2019-08-22,125.18
2019-08-23,124.54
2019-08-26,125.81
2019-08-27,125.9
2019-08-28,125.46
2019-08-29,124.83
2019-08-30,124.24
2019-09-02,123.23
2019-09-03,123.28
2019-09-04,123.76
2019-09-05,124.23
2019-09-06,123.86
2019-09-09,124.14
2019-09-10,123.46
2019-09-11,123.13
2019-09-16,124.04
2019-09-17,122.58
2019-09-18,122.86
2019-09-19,122.45
2019-09-20,123.36
2019-09-23,122.77
2019-09-24,122.89
2019-09-25,123.5
2019-09-26,122.91
2019-09-27,122.76
2019-09-30,122.69
2019-10-01,121.79
2019-10-02,121.28
2019-10-04,122.09
2019-10-07,121.58
2019-10-08,120.68
2019-10-10,120.11
2019-10-11,121.55
2019-10-14,121.21
2019-10-15,120.55
2019-10-16,120.72
2019-10-17,121.42
2019-10-18,122.22
2019-10-21,122.2
2019-10-22,121.89
2019-10-23,121.42
2019-10-24,121.74
2019-10-25,121.24
2019-10-28,121.26
2019-10-29,120.47
2019-10-30,120.22
2019-10-31,121.12
2019-11-01,120.36
2019-11-04,122.11
2019-11-05,120.58
2019-11-06,120.15
2019-11-07,120.34
2019-11-08,120.51
2019-11-11,119.18
2019-11-12,119.77
2019-11-13,119.79
2019-11-14,120.0
2019-11-15,120.89
2019-11-18,121.05
2019-11-19,120.8
2019-11-20,121.29
2019-11-21,121.41
2019-11-22,122.26
2019-11-25,122.32
2019-11-26,122.04
2019-11-27,122.49
2019-11-28,122.84
2019-11-29,123.43
2019-12-02,123.29
2019-12-03,123.69
2019-12-04,124.48
2019-12-05,125.49
2019-12-06,125.39
2019-12-09,125.23
2019-12-10,124.77
2019-12-11,125.55
2019-12-12,127.12
2019-12-13,127.31
2019-12-16,124.85
2019-12-17,125.16
2019-12-18,124.38
2019-12-19,123.65
2019-12-20,123.77
2019-12-23,123.59
2019-12-24,123.59
2019-12-26,123.66
2019-12-27,123.33
2019-12-30,124.47
2019-12-31,123.86
2020-01-02,123.89
2020-01-03,123.54
2020-01-06,123.62
2020-01-07,124.43
2020-01-08,123.25
2020-01-09,124.16
2020-01-10,122.24
2020-01-13,122.2
2020-01-14,122.09
2020-01-15,121.83
2020-01-16,122.44
