,DKK
2010-01-04,224.87
2010-01-05,223.88
2010-01-06,220.92
2010-01-07,220.34
2010-01-08,217.91
2010-01-11,219.52
2010-01-12,218.47
2010-01-13,218.92
2010-01-14,219.64
2010-01-15,218.68
2010-01-18,216.69
2010-01-19,218.18
2010-01-20,215.73
2010-01-21,214.62
2010-01-22,215.28
2010-01-25,218.68
2010-01-26,218.39
2010-01-27,217.55
2010-01-28,218.51
2010-01-29,216.88
2010-02-01,215.64
2010-02-02,218.52
2010-02-03,217.62
2010-02-04,215.01
2010-02-05,212.72
2010-02-08,214.88
2010-02-09,215.1
2010-02-10,216.11
2010-02-11,213.72
2010-02-12,212.76
2010-02-16,210.97
2010-02-17,213.18
2010-02-18,208.84
2010-02-19,207.8
2010-02-22,211.63
2010-02-23,210.02
2010-02-24,208.58
2010-02-25,210.33
2010-02-26,210.85
2010-03-02,211.48
2010-03-03,210.82
2010-03-04,211.15
2010-03-05,208.64
2010-03-08,209.37
2010-03-09,207.53
2010-03-10,207.44
2010-03-11,207.82
2010-03-12,208.02
2010-03-15,209.21
2010-03-16,208.42
2010-03-17,209.73
2010-03-18,208.48
2010-03-19,206.96
2010-03-22,205.84
2010-03-23,207.15
2010-03-24,205.56
2010-03-25,203.51
2010-03-26,203.64
2010-03-29,206.21
2010-03-30,206.29
2010-03-31,203.88
2010-04-01,205.62
2010-04-02,205.84
2010-04-05,203.78
2010-04-06,203.87
2010-04-07,202.22
2010-04-08,200.94
2010-04-09,201.6
2010-04-12,205.31
2010-04-13,203.21
2010-04-14,204.87
2010-04-15,204.72
2010-04-16,202.18
2010-04-19,201.81
2010-04-20,202.51
2010-04-21,201.27
2010-04-22,199.67
2010-04-23,197.27
2010-04-26,199.36
2010-04-27,198.98
2010-04-28,195.96
2010-04-29,198.69
2010-04-30,198.77
2010-05-03,198.4
2010-05-04,197.84
2010-05-06,191.96
2010-05-07,192.9
2010-05-10,200.53
2010-05-11,194.48
2010-05-12,191.86
2010-05-13,193.23
2010-05-14,190.59
2010-05-17,188.33
2010-05-18,191.36
2010-05-19,188.15
2010-05-20,194.05
2010-05-24,198.59
2010-05-25,201.03
2010-05-26,208.23
2010-05-27,205.02
2010-05-28,204.95
2010-05-31,198.14
2010-06-01,198.41
2010-06-03,198.73
2010-06-04,197.0
2010-06-07,193.03
2010-06-08,197.91
2010-06-09,198.47
2010-06-10,200.21
2010-06-11,205.31
2010-06-14,203.4
2010-06-15,201.21
2010-06-16,202.65
2010-06-17,200.43
2010-06-18,202.43
2010-06-21,201.09
2010-06-22,194.83
2010-06-23,195.04
2010-06-24,196.65
2010-06-25,196.43
2010-06-28,200.33
2010-06-29,197.85
2010-06-30,198.07
2010-07-01,201.89
2010-07-02,206.76
2010-07-05,205.73
2010-07-06,205.77
2010-07-07,207.94
2010-07-08,207.06
2010-07-09,206.19
2010-07-12,203.32
2010-07-13,202.19
2010-07-14,205.34
2010-07-15,205.04
2010-07-16,208.95
2010-07-19,208.09
2010-07-20,211.1
2010-07-21,209.65
2010-07-22,206.22
2010-07-23,208.91
2010-07-26,207.07
2010-07-27,208.21
2010-07-28,206.37
2010-07-29,206.94
2010-07-30,208.32
2010-08-02,207.69
2010-08-03,207.53
2010-08-04,207.4
2010-08-05,206.53
2010-08-06,206.7
2010-08-09,207.71
2010-08-10,205.74
2010-08-11,206.49
2010-08-12,203.01
2010-08-13,205.63
2010-08-16,203.44
2010-08-17,205.35
2010-08-18,203.75
2010-08-19,202.54
2010-08-20,201.66
2010-08-23,201.2
2010-08-24,200.51
2010-08-25,201.66
2010-08-26,203.34
2010-08-27,203.74
2010-08-30,204.66
2010-08-31,202.25
2010-09-01,203.88
2010-09-02,204.8
2010-09-03,203.46
2010-09-06,203.93
2010-09-07,202.31
2010-09-08,200.37
2010-09-09,201.16
2010-09-10,199.29
2010-09-13,199.23
2010-09-14,200.79
2010-09-15,202.61
2010-09-16,202.74
2010-09-17,204.24
2010-09-20,203.75
2010-09-24,207.71
2010-09-27,209.32
2010-09-28,207.1
2010-09-29,209.22
2010-09-30,208.82
2010-10-01,208.57
2010-10-04,209.72
2010-10-05,206.26
2010-10-06,209.95
2010-10-07,209.18
2010-10-08,208.6
2010-10-11,210.29
2010-10-12,207.45
2010-10-13,210.32
2010-10-14,209.7
2010-10-15,209.81
2010-10-18,208.89
2010-10-19,208.97
2010-10-20,206.8
2010-10-21,211.82
2010-10-22,210.16
2010-10-25,211.06
2010-10-26,208.64
2010-10-27,207.61
2010-10-28,207.95
2010-10-29,210.4
2010-11-01,210.68
2010-11-02,208.37
2010-11-03,209.81
2010-11-04,210.4
2010-11-05,211.09
2010-11-08,208.55
2010-11-09,207.89
2010-11-10,206.01
2010-11-11,205.79
2010-11-12,202.9
2010-11-15,205.68
2010-11-16,205.65
2010-11-17,204.16
2010-11-18,206.69
2010-11-19,208.44
2010-11-22,208.49
2010-11-23,205.86
2010-11-24,203.54
2010-11-25,205.63
2010-11-26,204.87
2010-11-29,204.38
2010-11-30,203.7
2010-12-01,201.13
2010-12-02,203.28
2010-12-03,203.71
2010-12-06,205.82
2010-12-07,202.26
2010-12-08,201.86
2010-12-09,202.87
2010-12-10,202.23
2010-12-13,202.16
2010-12-14,205.35
2010-12-15,204.78
2010-12-16,204.25
2010-12-17,205.59
2010-12-20,203.41
2010-12-21,205.23
2010-12-22,202.69
2010-12-23,203.24
2010-12-24,202.66
2010-12-27,202.66
2010-12-28,203.22
2010-12-29,201.75
2010-12-30,203.29
2010-12-31,203.04
2011-01-03,203.82
2011-01-04,201.9
2011-01-05,200.44
2011-01-06,198.43
2011-01-07,196.05
2011-01-10,194.26
2011-01-11,194.81
2011-01-12,196.1
2011-01-13,197.36
2011-01-14,199.38
2011-01-17,200.08
2011-01-18,198.73
2011-01-19,200.55
2011-01-20,200.94
2011-01-21,202.11
2011-01-24,204.81
2011-01-25,205.15
2011-01-26,205.14
2011-01-27,205.56
2011-01-28,205.2
2011-01-31,203.09
2011-02-01,206.31
2011-02-07,203.3
2011-02-08,201.67
2011-02-09,201.86
2011-02-10,203.37
2011-02-11,202.88
2011-02-14,203.17
2011-02-15,203.29
2011-02-16,203.1
2011-02-17,203.92
2011-02-18,203.74
2011-02-21,204.44
2011-02-22,204.83
2011-02-23,206.36
2011-02-24,207.62
2011-02-25,208.73
2011-02-28,207.8
2011-03-02,208.63
2011-03-03,209.86
2011-03-04,210.16
2011-03-07,209.47
2011-03-08,209.32
2011-03-09,208.35
2011-03-10,207.91
2011-03-11,206.95
2011-03-14,210.19
2011-03-15,211.98
2011-03-16,212.07
2011-03-17,211.45
2011-03-18,213.76
2011-03-21,214.49
2011-03-22,214.68
2011-03-23,213.36
2011-03-24,212.48
2011-03-25,213.48
2011-03-28,209.58
2011-03-29,210.35
2011-03-30,210.95
2011-03-31,209.65
2011-04-01,208.94
2011-04-04,208.83
2011-04-05,207.37
2011-04-06,207.81
2011-04-07,208.59
2011-04-08,208.63
2011-04-11,210.45
2011-04-12,209.85
2011-04-13,211.84
2011-04-14,211.6
2011-04-15,211.57
2011-04-18,210.31
2011-04-19,208.01
2011-04-20,210.04
2011-04-21,210.84
2011-04-22,210.79
2011-04-25,211.18
2011-04-26,211.41
2011-04-27,213.77
2011-04-28,214.07
2011-04-29,213.36
2011-05-02,212.76
2011-05-03,212.04
2011-05-04,212.77
2011-05-06,209.58
2011-05-09,208.96
2011-05-11,208.78
2011-05-12,204.88
2011-05-13,206.82
2011-05-16,205.61
2011-05-17,207.46
2011-05-18,208.84
2011-05-19,207.75
2011-05-20,208.3
2011-05-23,205.05
2011-05-24,205.37
2011-05-25,206.98
2011-05-26,207.07
2011-05-27,206.66
2011-05-30,207.3
2011-05-31,207.83
2011-06-01,208.34
2011-06-02,207.06
2011-06-03,209.88
2011-06-07,210.7
2011-06-08,212.8
2011-06-09,211.62
2011-06-10,210.76
2011-06-13,207.82
2011-06-14,209.77
2011-06-15,209.81
2011-06-16,205.81
2011-06-17,207.27
2011-06-20,208.3
2011-06-21,208.02
2011-06-22,208.32
2011-06-23,206.44
2011-06-24,206.03
2011-06-27,204.74
2011-06-28,208.57
2011-06-29,208.21
2011-06-30,209.2
2011-07-01,207.86
2011-07-04,207.98
2011-07-05,207.45
2011-07-06,206.15
2011-07-07,204.6
2011-07-08,204.93
2011-07-11,201.6
2011-07-12,199.42
2011-07-13,199.72
2011-07-14,202.8
2011-07-15,200.68
2011-07-18,200.25
2011-07-19,201.0
2011-07-20,201.32
2011-07-21,201.98
2011-07-22,204.01
2011-07-25,202.9
2011-07-26,203.35
2011-07-27,204.91
2011-07-28,202.57
2011-07-29,202.4
2011-08-01,203.16
2011-08-02,200.87
2011-08-03,200.01
2011-08-04,204.0
2011-08-05,199.87
2011-08-08,205.62
2011-08-09,204.32
2011-08-10,210.64
2011-08-11,205.02
2011-08-12,207.33
2011-08-16,209.07
2011-08-17,206.7
2011-08-18,207.82
2011-08-19,205.99
2011-08-22,208.98
2011-08-23,208.86
2011-08-24,209.4
2011-08-25,208.71
2011-08-26,209.39
2011-08-29,210.87
2011-08-30,209.69
2011-08-31,207.65
2011-09-01,206.51
2011-09-02,203.57
2011-09-05,201.9
2011-09-06,201.81
2011-09-07,201.52
2011-09-08,202.64
2011-09-09,200.37
2011-09-14,197.67
2011-09-15,203.18
2011-09-16,206.4
2011-09-19,203.67
2011-09-20,205.0
2011-09-21,211.38
2011-09-22,209.24
2011-09-23,213.21
2011-09-26,215.55
2011-09-28,215.26
2011-09-29,213.33
2011-09-30,215.17
2011-10-04,208.85
2011-10-05,214.77
2011-10-06,213.77
2011-10-07,214.02
2011-10-10,212.06
2011-10-11,214.92
2011-10-12,213.4
2011-10-13,217.13
2011-10-14,213.7
2011-10-17,216.36
2011-10-18,211.51
2011-10-19,211.6
2011-10-20,210.32
2011-10-21,210.94
2011-10-24,213.79
2011-10-25,212.75
2011-10-26,210.72
2011-10-27,210.61
2011-10-28,214.16
2011-10-31,209.96
2011-11-01,205.52
2011-11-02,204.43
2011-11-03,207.69
2011-11-04,210.09
2011-11-07,206.42
2011-11-08,206.17
2011-11-09,207.3
2011-11-10,202.8
2011-11-11,207.42
2011-11-14,208.75
2011-11-15,205.05
2011-11-16,204.68
2011-11-17,205.04
2011-11-18,205.89
2011-11-21,206.34
2011-11-22,206.51
2011-11-23,208.22
2011-11-24,206.2
2011-11-25,207.64
2011-11-28,207.73
2011-11-29,206.77
2011-11-30,206.12
2011-12-01,206.14
2011-12-02,204.1
2011-12-05,203.52
2011-12-06,203.56
2011-12-07,203.99
2011-12-08,203.32
2011-12-09,203.04
2011-12-12,205.36
2011-12-13,202.88
2011-12-14,202.6
2011-12-15,202.41
2011-12-16,203.49
2011-12-19,202.96
2011-12-20,204.49
2011-12-21,205.42
2011-12-22,201.96
2011-12-23,203.02
2011-12-26,201.69
2011-12-27,202.0
2011-12-28,203.22
2011-12-29,201.41
2011-12-30,200.99
2012-01-02,200.87
2012-01-03,201.09
2012-01-04,202.01
2012-01-05,199.6
2012-01-06,197.77
2012-01-09,197.68
2012-01-10,199.95
2012-01-11,198.52
2012-01-12,198.14
2012-01-13,199.65
2012-01-16,195.58
2012-01-17,196.5
2012-01-18,196.54
2012-01-19,197.66
2012-01-20,198.19
2012-01-25,198.92
2012-01-26,198.56
2012-01-27,197.73
2012-01-30,199.68
2012-01-31,198.84
2012-02-01,198.19
2012-02-02,199.51
2012-02-03,197.79
2012-02-06,197.64
2012-02-07,197.7
2012-02-08,200.05
2012-02-09,198.73
2012-02-10,199.88
2012-02-13,200.01
2012-02-14,198.96
2012-02-15,198.46
2012-02-16,197.28
2012-02-17,199.23
2012-02-20,199.93
2012-02-21,199.84
2012-02-22,200.07
2012-02-23,200.65
2012-02-24,202.92
2012-02-27,203.62
2012-02-28,203.35
2012-02-29,203.92
2012-03-02,200.65
2012-03-05,197.78
2012-03-06,198.79
2012-03-07,197.62
2012-03-08,199.26
2012-03-09,199.95
2012-03-12,196.92
2012-03-13,198.55
2012-03-14,197.28
2012-03-15,196.95
2012-03-16,198.63
2012-03-19,199.31
2012-03-20,199.88
2012-03-21,199.93
2012-03-22,200.31
2012-03-23,200.64
2012-03-26,202.5
2012-03-27,204.44
2012-03-28,203.71
2012-03-29,203.69
2012-03-30,203.49
2012-04-02,203.69
2012-04-03,202.08
2012-04-04,199.69
2012-04-05,199.23
2012-04-06,198.26
2012-04-09,198.65
2012-04-10,200.53
2012-04-12,200.73
2012-04-13,202.4
2012-04-16,199.31
2012-04-17,200.89
2012-04-18,200.97
2012-04-19,200.47
2012-04-20,201.52
2012-04-23,202.31
2012-04-24,201.36
2012-04-25,202.41
2012-04-26,202.55
2012-04-27,201.62
2012-04-30,201.88
2012-05-02,201.36
2012-05-03,199.29
2012-05-04,199.81
2012-05-07,197.61
2012-05-08,199.93
2012-05-09,198.49
2012-05-10,198.39
2012-05-11,198.76
2012-05-14,198.67
2012-05-15,198.26
2012-05-16,197.76
2012-05-17,198.86
2012-05-18,198.67
2012-05-21,201.23
2012-05-22,201.11
2012-05-23,198.51
2012-05-24,198.56
2012-05-25,198.57
2012-05-29,199.17
2012-05-30,197.95
2012-05-31,196.02
2012-06-01,196.58
2012-06-04,197.25
2012-06-05,198.87
2012-06-07,198.87
2012-06-08,197.94
2012-06-11,199.58
2012-06-12,195.83
2012-06-13,197.06
2012-06-14,197.47
2012-06-15,198.26
2012-06-18,199.21
2012-06-19,196.23
2012-06-20,197.62
2012-06-21,196.75
2012-06-22,194.14
2012-06-25,195.24
2012-06-26,195.27
2012-06-27,194.89
2012-06-28,194.15
2012-06-29,193.09
2012-07-02,196.14
2012-07-03,193.5
2012-07-04,193.52
2012-07-05,191.21
2012-07-06,189.21
2012-07-09,187.9
2012-07-10,189.22
2012-07-11,188.29
2012-07-12,188.34
2012-07-13,188.07
2012-07-16,189.62
2012-07-17,189.25
2012-07-18,188.81
2012-07-19,188.18
2012-07-20,187.9
2012-07-23,185.88
2012-07-24,186.8
2012-07-25,186.25
2012-07-26,187.93
2012-07-27,189.39
2012-07-30,188.58
2012-07-31,187.29
2012-08-01,187.23
2012-08-02,185.38
2012-08-03,184.95
2012-08-06,189.05
2012-08-07,187.55
2012-08-08,187.61
2012-08-09,187.49
2012-08-10,186.12
2012-08-13,186.2
2012-08-14,187.4
2012-08-16,186.38
2012-08-17,188.07
2012-08-20,187.76
2012-08-21,188.39
2012-08-22,189.54
2012-08-23,190.87
2012-08-24,190.69
2012-08-27,190.59
2012-08-28,190.63
2012-08-29,191.8
2012-08-30,190.74
2012-08-31,190.54
2012-09-03,191.43
2012-09-04,191.13
2012-09-05,190.78
2012-09-06,191.85
2012-09-07,192.29
2012-09-10,194.15
2012-09-11,193.27
2012-09-12,194.71
2012-09-13,194.87
2012-09-14,196.58
2012-09-17,197.04
2012-09-18,196.11
2012-09-19,195.56
2012-09-20,195.6
2012-09-21,194.58
2012-09-24,194.82
2012-09-25,194.22
2012-09-26,193.49
2012-09-27,193.51
2012-09-28,193.72
2012-10-02,192.45
2012-10-04,192.84
2012-10-05,194.37
2012-10-08,193.88
2012-10-09,193.23
2012-10-10,191.72
2012-10-11,192.07
2012-10-12,193.33
2012-10-15,192.87
2012-10-16,193.12
2012-10-17,194.33
2012-10-18,194.21
2012-10-19,193.65
2012-10-22,192.99
2012-10-23,193.6
2012-10-24,191.8
2012-10-25,191.84
2012-10-26,191.04
2012-10-29,190.04
2012-10-30,189.56
2012-10-31,190.15
2012-11-01,189.48
2012-11-02,189.32
2012-11-05,187.63
2012-11-06,187.26
2012-11-07,187.43
2012-11-08,186.09
2012-11-09,185.89
2012-11-12,185.83
2012-11-13,185.44
2012-11-14,185.71
2012-11-15,185.67
2012-11-16,186.21
2012-11-19,186.08
2012-11-20,186.3
2012-11-21,186.05
2012-11-22,186.54
2012-11-23,187.23
2012-11-26,188.96
2012-11-27,188.92
2012-11-28,188.08
2012-11-29,188.39
2012-11-30,188.65
2012-12-03,188.73
2012-12-04,189.65
2012-12-05,190.17
2012-12-06,189.68
2012-12-07,188.17
2012-12-10,187.28
2012-12-11,187.24
2012-12-12,187.84
2012-12-13,188.4
2012-12-14,187.93
2012-12-17,189.71
2012-12-18,189.27
2012-12-20,189.68
2012-12-21,190.55
2012-12-24,189.93
2012-12-26,189.89
2012-12-27,190.35
2012-12-28,190.3
2012-12-31,189.83
2013-01-02,189.39
2013-01-03,188.15
2013-01-04,185.99
2013-01-07,186.48
2013-01-08,187.07
2013-01-09,186.41
2013-01-10,185.87
2013-01-11,188.66
2013-01-14,189.13
2013-01-15,189.29
2013-01-16,188.08
2013-01-17,188.6
2013-01-18,189.69
2013-01-21,188.45
2013-01-22,189.13
2013-01-23,189.99
2013-01-24,190.03
2013-01-25,191.54
2013-01-29,195.12
2013-01-30,196.7
2013-01-31,196.94
2013-02-01,198.28
2013-02-04,199.93
2013-02-05,197.14
2013-02-06,197.85
2013-02-07,197.36
2013-02-08,195.59
2013-02-12,196.56
2013-02-13,197.26
2013-02-14,195.78
2013-02-15,194.27
2013-02-18,193.11
2013-02-19,193.8
2013-02-20,194.08
2013-02-21,191.97
2013-02-22,191.7
2013-02-25,192.05
2013-02-26,190.46
2013-02-27,190.62
2013-02-28,191.19
2013-03-04,188.92
2013-03-05,190.63
2013-03-06,190.22
2013-03-07,188.63
2013-03-08,190.95
2013-03-11,189.87
2013-03-12,191.98
2013-03-13,191.27
2013-03-14,190.74
2013-03-15,192.81
2013-03-18,192.16
2013-03-19,193.53
2013-03-20,191.57
2013-03-21,193.9
2013-03-22,193.23
2013-03-25,194.5
2013-03-26,191.98
2013-03-27,191.19
2013-03-28,190.15
2013-03-29,191.12
2013-04-01,191.12
2013-04-02,192.22
2013-04-03,191.43
2013-04-04,193.12
2013-04-05,194.9
2013-04-08,196.44
2013-04-09,198.78
2013-04-10,199.83
2013-04-11,199.39
2013-04-12,198.52
2013-04-15,198.75
2013-04-16,196.89
2013-04-17,197.96
2013-04-18,194.99
2013-04-19,196.46
2013-04-22,195.98
2013-04-23,196.55
2013-04-24,195.36
2013-04-25,195.35
2013-04-26,194.3
2013-04-29,193.99
2013-04-30,194.64
2013-05-02,194.84
2013-05-03,192.75
2013-05-06,193.53
2013-05-07,191.93
2013-05-08,191.97
2013-05-09,192.02
2013-05-10,190.14
2013-05-13,191.85
2013-05-14,194.1
2013-05-15,192.5
2013-05-16,192.38
2013-05-20,191.84
2013-05-21,193.42
2013-05-22,192.83
2013-05-23,191.7
2013-05-24,194.91
2013-05-27,195.78
2013-05-28,195.23
2013-05-29,194.04
2013-05-30,196.28
2013-05-31,197.37
2013-06-03,196.37
2013-06-04,197.73
2013-06-05,196.85
2013-06-07,198.8
2013-06-10,196.92
2013-06-11,199.73
2013-06-12,202.42
2013-06-13,202.32
2013-06-14,203.29
2013-06-17,201.9
2013-06-18,202.05
2013-06-19,202.77
2013-06-20,201.78
2013-06-21,203.15
2013-06-24,203.05
2013-06-25,203.67
2013-06-26,203.19
2013-06-27,201.21
2013-06-28,200.87
2013-07-01,199.8
2013-07-02,199.22
2013-07-03,197.06
2013-07-04,198.89
2013-07-05,197.21
2013-07-08,196.29
2013-07-09,198.61
2013-07-10,196.15
2013-07-11,200.63
2013-07-12,197.54
2013-07-15,196.52
2013-07-16,196.6
2013-07-17,197.29
2013-07-18,196.67
2013-07-19,197.29
2013-07-22,198.02
2013-07-23,197.73
2013-07-24,197.95
2013-07-25,197.12
2013-07-26,198.99
2013-07-29,198.13
2013-07-30,197.34
2013-07-31,198.08
2013-08-01,199.69
2013-08-02,198.71
2013-08-05,200.41
2013-08-06,198.51
2013-08-07,198.89
2013-08-08,199.83
2013-08-09,199.81
2013-08-12,198.79
2013-08-13,198.31
2013-08-14,198.52
2013-08-16,200.37
2013-08-19,199.21
2013-08-20,199.14
2013-08-21,201.83
2013-08-22,200.13
2013-08-23,201.45
2013-08-26,200.55
2013-08-27,199.56
2013-08-28,200.32
2013-08-29,199.77
2013-08-30,197.16
2013-09-02,196.4
2013-09-03,195.18
2013-09-04,193.49
2013-09-05,194.63
2013-09-06,192.41
2013-09-09,193.45
2013-09-10,193.36
2013-09-11,192.94
2013-09-12,193.98
2013-09-13,193.14
2013-09-16,194.59
2013-09-17,193.52
2013-09-23,196.91
2013-09-24,194.68
2013-09-25,194.2
2013-09-26,195.22
2013-09-27,194.3
2013-09-30,194.6
2013-10-01,194.89
2013-10-02,194.82
2013-10-04,196.32
2013-10-07,194.93
2013-10-08,194.83
2013-10-10,194.54
2013-10-11,195.06
2013-10-14,194.55
2013-10-15,194.88
2013-10-16,193.67
2013-10-17,193.48
2013-10-18,195.06
2013-10-21,194.73
2013-10-22,194.68
2013-10-23,196.12
2013-10-24,195.12
2013-10-25,195.55
2013-10-28,196.66
2013-10-29,196.18
2013-10-30,195.54
2013-10-31,195.3
2013-11-01,193.1
2013-11-04,192.21
2013-11-05,192.43
2013-11-06,191.84
2013-11-07,192.42
2013-11-08,190.8
2013-11-11,190.32
2013-11-12,192.04
2013-11-13,192.87
2013-11-14,193.93
2013-11-15,192.54
2013-11-18,192.88
2013-11-19,192.04
2013-11-20,191.65
2013-11-21,190.27
2013-11-22,191.88
2013-11-25,192.91
2013-11-26,192.3
2013-11-27,192.89
2013-11-28,193.09
2013-11-29,193.7
2013-12-02,192.83
2013-12-03,191.99
2013-12-04,193.36
2013-12-05,193.33
2013-12-06,194.4
2013-12-09,194.5
2013-12-10,193.9
2013-12-11,194.15
2013-12-12,194.4
2013-12-13,194.14
2013-12-16,193.92
2013-12-17,194.16
2013-12-18,194.07
2013-12-19,192.79
2013-12-20,193.68
2013-12-23,194.65
2013-12-24,194.78
2013-12-26,194.43
2013-12-27,194.43
2013-12-30,194.59
2013-12-31,195.22
2014-01-02,194.78
2014-01-03,192.46
2014-01-06,192.1
2014-01-07,194.06
2014-01-08,194.9
2014-01-09,194.01
2014-01-10,194.12
2014-01-13,194.63
2014-01-14,193.51
2014-01-15,193.98
2014-01-16,193.72
2014-01-17,194.21
2014-01-20,192.36
2014-01-21,193.28
2014-01-22,193.35
2014-01-23,193.94
2014-01-24,196.75
2014-01-27,197.55
2014-01-28,198.64
2014-01-29,197.48
2014-02-03,193.66
2014-02-04,196.16
2014-02-05,196.66
2014-02-06,195.75
2014-02-07,196.03
2014-02-10,196.28
2014-02-11,195.99
2014-02-12,195.93
2014-02-13,193.96
2014-02-14,195.02
2014-02-17,195.0
2014-02-18,194.81
2014-02-19,196.23
2014-02-20,196.4
2014-02-21,197.05
2014-02-24,197.58
2014-02-25,198.05
2014-02-26,197.21
2014-02-27,196.17
2014-02-28,196.12
2014-03-03,196.82
2014-03-04,197.28
2014-03-05,197.35
2014-03-06,197.03
2014-03-07,198.29
2014-03-10,197.61
2014-03-11,198.22
2014-03-12,197.69
2014-03-13,199.2
2014-03-14,198.35
2014-03-17,199.78
2014-03-18,199.63
2014-03-19,199.34
2014-03-20,198.29
2014-03-21,198.49
2014-03-24,199.62
2014-03-25,200.12
2014-03-26,199.7
2014-03-27,198.4
2014-03-28,197.42
2014-03-31,196.81
2014-04-01,196.69
2014-04-02,196.0
2014-04-03,194.92
2014-04-04,194.47
2014-04-07,193.8
2014-04-08,193.9
2014-04-09,194.65
2014-04-10,193.59
2014-04-11,192.69
2014-04-14,192.39
2014-04-15,192.31
2014-04-16,192.65
2014-04-17,192.72
2014-04-18,191.86
2014-04-21,191.9
2014-04-22,191.74
2014-04-23,192.25
2014-04-24,192.4
2014-04-25,192.48
2014-04-28,192.62
2014-04-29,192.47
2014-04-30,190.91
2014-05-02,191.78
2014-05-07,192.42
2014-05-08,191.14
2014-05-09,189.8
2014-05-12,188.58
2014-05-13,188.91
2014-05-14,187.8
2014-05-15,188.26
2014-05-16,188.59
2014-05-19,188.22
2014-05-20,187.81
2014-05-21,187.95
2014-05-22,188.23
2014-05-23,187.56
2014-05-26,187.02
2014-05-27,187.17
2014-05-28,186.98
2014-05-29,186.25
2014-05-30,186.2
2014-06-02,186.28
2014-06-03,186.46
2014-06-05,186.68
2014-06-09,186.99
2014-06-10,185.33
2014-06-11,184.55
2014-06-12,184.36
2014-06-13,184.81
2014-06-16,184.72
2014-06-17,185.59
2014-06-18,185.68
2014-06-19,186.43
2014-06-20,185.85
2014-06-23,185.91
2014-06-24,185.82
2014-06-25,185.78
2014-06-26,186.57
2014-06-27,185.68
2014-06-30,185.65
2014-07-01,185.86
2014-07-02,185.64
2014-07-03,184.94
2014-07-04,184.25
2014-07-07,183.85
2014-07-08,184.33
2014-07-09,184.6
2014-07-10,185.22
2014-07-11,184.67
2014-07-14,185.77
2014-07-15,186.04
2014-07-16,186.27
2014-07-17,187.34
2014-07-18,186.65
2014-07-21,187.26
2014-07-22,186.39
2014-07-23,185.03
2014-07-24,184.58
2014-07-25,185.59
2014-07-28,185.44
2014-07-29,184.75
2014-07-30,184.28
2014-07-31,184.01
2014-08-01,184.28
2014-08-04,186.14
2014-08-05,185.71
2014-08-06,184.87
2014-08-07,185.67
2014-08-08,185.37
2014-08-11,186.56
2014-08-12,185.03
2014-08-13,184.39
2014-08-14,184.28
2014-08-18,184.05
2014-08-19,182.38
2014-08-20,181.88
2014-08-21,181.56
2014-08-22,182.38
2014-08-25,180.47
2014-08-26,180.53
2014-08-27,179.85
2014-08-28,179.6
2014-08-29,179.31
2014-09-01,178.95
2014-09-02,178.78
2014-09-03,179.11
2014-09-04,179.91
2014-09-05,176.92
2014-09-11,177.88
2014-09-12,179.6
2014-09-15,180.73
2014-09-16,180.57
2014-09-17,180.08
2014-09-18,178.35
2014-09-19,180.7
2014-09-22,180.2
2014-09-23,179.65
2014-09-24,179.85
2014-09-25,178.46
2014-09-26,178.71
2014-09-29,177.54
2014-09-30,179.14
2014-10-01,178.93
2014-10-02,180.09
2014-10-06,178.32
2014-10-07,181.83
2014-10-08,181.58
2014-10-10,182.77
2014-10-13,181.85
2014-10-14,182.89
2014-10-15,180.62
2014-10-16,183.48
2014-10-17,182.33
2014-10-20,181.83
2014-10-21,182.21
2014-10-22,180.01
2014-10-23,178.94
2014-10-24,179.31
2014-10-27,180.35
2014-10-28,179.55
2014-10-29,179.74
2014-10-30,177.73
2014-10-31,178.49
2014-11-03,177.94
2014-11-04,180.42
2014-11-05,182.15
2014-11-06,180.87
2014-11-07,181.31
2014-11-10,183.18
2014-11-11,181.25
2014-11-12,182.76
2014-11-13,183.54
2014-11-14,183.95
2014-11-17,184.95
2014-11-18,183.46
2014-11-19,184.97
2014-11-20,186.06
2014-11-21,187.54
2014-11-24,184.71
2014-11-25,185.95
2014-11-26,186.57
2014-11-27,186.07
2014-11-28,184.42
2014-12-01,184.84
2014-12-02,187.1
2014-12-03,184.2
2014-12-04,184.43
2014-12-05,185.66
2014-12-08,183.85
2014-12-09,185.1
2014-12-10,185.03
2014-12-11,184.78
2014-12-12,183.15
2014-12-15,184.93
2014-12-16,184.5
2014-12-17,183.63
2014-12-18,180.34
2014-12-19,182.23
2014-12-22,180.95
2014-12-23,180.3
2014-12-24,180.04
2014-12-26,181.69
2014-12-29,179.96
2014-12-30,179.32
2014-12-31,179.44
2015-01-02,178.6
2015-01-05,177.68
2015-01-06,177.76
2015-01-07,176.19
2015-01-08,174.89
2015-01-09,174.05
2015-01-12,174.13
2015-01-13,172.21
2015-01-14,171.24
2015-01-15,171.14
2015-01-16,169.68
2015-01-19,167.66
2015-01-20,168.57
2015-01-21,168.56
2015-01-22,169.68
2015-01-23,165.71
2015-01-26,163.19
2015-01-27,162.79
2015-01-28,165.31
2015-01-29,164.06
2015-01-30,166.05
2015-02-02,166.43
2015-02-03,167.76
2015-02-04,169.18
2015-02-05,165.8
2015-02-06,167.83
2015-02-09,165.39
2015-02-10,166.92
2015-02-11,165.84
2015-02-12,166.86
2015-02-13,169.67
2015-02-16,168.15
2015-02-17,167.44
2015-02-23,167.94
2015-02-24,168.69
2015-02-25,168.43
2015-02-26,167.78
2015-02-27,164.94
2015-03-02,164.89
2015-03-03,165.47
2015-03-04,165.03
2015-03-05,163.04
2015-03-06,162.8
2015-03-09,160.04
2015-03-10,161.59
2015-03-11,160.68
2015-03-12,159.43
2015-03-13,161.12
2015-03-16,158.37
2015-03-17,160.6
2015-03-18,160.5
2015-03-19,163.74
2015-03-20,159.48
2015-03-23,163.03
2015-03-24,164.03
2015-03-25,161.94
2015-03-26,161.94
2015-03-27,160.87
2015-03-30,160.97
2015-03-31,160.22
2015-04-01,159.46
2015-04-02,159.08
2015-04-03,159.78
2015-04-06,160.63
2015-04-07,158.87
2015-04-08,157.84
2015-04-09,157.77
2015-04-10,156.1
2015-04-13,155.5
2015-04-14,155.21
2015-04-15,156.41
2015-04-16,156.66
2015-04-17,157.12
2015-04-20,157.2
2015-04-21,155.79
2015-04-22,155.93
2015-04-23,155.44
2015-04-24,157.05
2015-04-27,157.1
2015-04-28,156.67
2015-04-29,157.47
2015-04-30,159.1
2015-05-04,160.4
2015-05-06,161.84
2015-05-07,164.28
2015-05-08,163.71
2015-05-11,163.71
2015-05-12,162.82
2015-05-13,164.76
2015-05-14,166.48
2015-05-15,167.03
2015-05-18,166.98
2015-05-19,164.66
2015-05-20,163.04
2015-05-21,162.91
2015-05-22,163.07
2015-05-26,160.63
2015-05-27,160.39
2015-05-28,161.84
2015-05-29,162.91
2015-06-01,162.81
2015-06-02,162.85
2015-06-03,166.59
2015-06-04,167.03
2015-06-05,166.42
2015-06-08,165.57
2015-06-09,169.62
2015-06-10,169.24
2015-06-11,169.46
2015-06-12,167.41
2015-06-15,167.28
2015-06-16,168.77
2015-06-17,168.46
2015-06-18,169.97
2015-06-19,169.15
2015-06-22,168.15
2015-06-23,167.23
2015-06-24,165.33
2015-06-25,166.49
2015-06-26,166.67
2015-06-29,164.43
2015-06-30,168.95
2015-07-01,166.88
2015-07-02,165.57
2015-07-03,167.01
2015-07-06,165.35
2015-07-07,166.85
2015-07-08,166.53
2015-07-09,168.59
2015-07-10,168.36
2015-07-13,168.24
2015-07-14,166.89
2015-07-15,168.14
2015-07-16,167.6
2015-07-17,167.39
2015-07-20,166.49
2015-07-21,167.25
2015-07-22,169.78
2015-07-23,168.79
2015-07-24,171.14
2015-07-27,171.29
2015-07-28,173.67
2015-07-29,172.91
2015-07-30,170.51
2015-07-31,170.94
2015-08-03,171.97
2015-08-04,171.03
2015-08-05,170.67
2015-08-06,171.26
2015-08-07,171.34
2015-08-10,171.07
2015-08-11,172.03
2015-08-12,173.19
2015-08-13,177.92
2015-08-17,174.71
2015-08-18,175.42
2015-08-19,175.06
2015-08-20,176.59
2015-08-21,178.32
2015-08-24,181.95
2015-08-25,186.16
2015-08-26,184.4
2015-08-27,180.56
2015-08-28,178.4
2015-08-31,176.51
2015-09-01,177.82
2015-09-02,177.94
2015-09-03,177.12
2015-09-04,177.05
2015-09-07,177.94
2015-09-08,179.96
2015-09-09,180.76
2015-09-10,179.17
2015-09-11,180.9
2015-09-14,179.99
2015-09-15,179.02
2015-09-16,178.58
2015-09-17,178.5
2015-09-18,178.92
2015-09-21,176.6
2015-09-22,175.88
2015-09-23,175.69
2015-09-24,177.93
2015-09-25,178.57
2015-09-30,180.14
2015-10-01,178.25
2015-10-02,176.89
2015-10-05,177.47
2015-10-06,175.78
2015-10-07,175.94
2015-10-08,175.53
2015-10-12,176.56
2015-10-13,174.66
2015-10-14,175.1
2015-10-15,176.85
2015-10-16,172.84
2015-10-19,171.84
2015-10-20,170.88
2015-10-21,171.98
2015-10-22,172.0
2015-10-23,169.35
2015-10-26,166.58
2015-10-27,168.05
2015-10-28,167.37
2015-10-29,165.97
2015-10-30,168.24
2015-11-02,168.01
2015-11-03,168.37
2015-11-04,166.56
2015-11-05,164.56
2015-11-06,165.89
2015-11-09,163.64
2015-11-10,166.38
2015-11-11,166.47
2015-11-12,166.53
2015-11-13,167.3
2015-11-16,167.26
2015-11-17,167.95
2015-11-18,166.81
2015-11-19,167.73
2015-11-20,167.47
2015-11-23,165.0
2015-11-24,165.01
2015-11-25,164.88
2015-11-26,163.03
2015-11-27,162.87
2015-11-30,163.3
2015-12-01,163.99
2015-12-02,164.92
2015-12-03,164.86
2015-12-04,171.09
2015-12-07,168.68
2015-12-08,169.36
2015-12-09,171.73
2015-12-10,173.99
2015-12-11,172.71
2015-12-14,173.49
2015-12-15,174.87
2015-12-16,173.33
2015-12-17,171.8
2015-12-18,171.14
2015-12-21,172.5
2015-12-22,172.3
2015-12-23,172.61
2015-12-24,171.23
2015-12-28,172.05
2015-12-29,171.32
2015-12-30,170.92
2015-12-31,171.64
2016-01-04,170.51
2016-01-05,171.84
2016-01-06,171.19
2016-01-07,172.44
2016-01-08,175.64
2016-01-11,175.21
2016-01-12,175.91
2016-01-13,175.73
2016-01-14,175.99
2016-01-15,176.51
2016-01-18,177.16
2016-01-19,176.93
2016-01-20,176.89
2016-01-21,176.74
2016-01-22,176.26
2016-01-25,174.05
2016-01-26,173.68
2016-01-27,174.99
2016-01-28,175.42
2016-01-29,177.15
2016-02-01,174.94
2016-02-02,175.76
2016-02-03,176.15
2016-02-04,180.81
2016-02-05,180.55
2016-02-11,180.65
2016-02-12,181.5
2016-02-15,181.56
2016-02-16,181.01
2016-02-17,181.62
2016-02-18,182.62
2016-02-19,182.42
2016-02-22,183.89
2016-02-23,182.27
2016-02-24,181.63
2016-02-25,182.27
2016-02-26,182.61
2016-02-29,180.73
2016-03-02,180.82
2016-03-03,179.65
2016-03-04,178.89
2016-03-07,178.12
2016-03-08,177.2
2016-03-09,177.75
2016-03-10,179.06
2016-03-11,181.14
2016-03-14,179.6
2016-03-15,176.63
2016-03-16,177.16
2016-03-17,179.49
2016-03-18,178.34
2016-03-21,175.58
2016-03-22,175.73
2016-03-23,174.52
2016-03-24,173.79
2016-03-25,175.01
2016-03-28,175.04
2016-03-29,175.71
2016-03-30,176.15
2016-03-31,175.44
2016-04-01,174.75
2016-04-04,175.73
2016-04-05,175.68
2016-04-06,176.65
2016-04-07,176.98
2016-04-08,176.45
2016-04-11,177.25
2016-04-12,176.19
2016-04-14,173.45
2016-04-15,174.61
2016-04-18,174.63
2016-04-19,174.94
2016-04-20,174.05
2016-04-21,171.97
2016-04-22,172.19
2016-04-25,172.24
2016-04-26,174.08
2016-04-27,174.53
2016-04-28,174.38
2016-04-29,174.46
2016-05-02,175.22
2016-05-03,176.72
2016-05-04,175.77
2016-05-09,176.74
2016-05-10,178.24
2016-05-11,179.42
2016-05-12,179.35
2016-05-13,178.02
2016-05-16,177.89
2016-05-17,179.28
2016-05-18,178.46
2016-05-19,178.24
2016-05-20,179.38
2016-05-23,179.28
2016-05-24,178.46
2016-05-25,178.05
2016-05-26,177.85
2016-05-27,177.75
2016-05-30,176.18
2016-05-31,178.4
2016-06-01,178.18
2016-06-02,179.28
2016-06-03,178.33
2016-06-07,181.18
2016-06-08,177.66
2016-06-09,177.25
2016-06-10,175.87
2016-06-13,175.9
2016-06-14,178.12
2016-06-15,176.76
2016-06-16,178.17
2016-06-17,176.81
2016-06-20,178.42
2016-06-21,177.01
2016-06-22,175.32
2016-06-23,176.13
2016-06-24,175.58
2016-06-27,173.86
2016-06-28,175.11
2016-06-29,175.08
2016-06-30,174.17
2016-07-01,172.11
2016-07-04,171.68
2016-07-05,172.02
2016-07-06,171.43
2016-07-07,173.79
2016-07-08,171.93
2016-07-11,172.15
2016-07-12,170.68
2016-07-13,170.92
2016-07-14,170.96
2016-07-15,170.6
2016-07-18,168.38
2016-07-19,169.18
2016-07-20,168.63
2016-07-21,168.88
2016-07-22,169.02
2016-07-25,167.31
2016-07-26,167.99
2016-07-27,168.15
2016-07-28,168.64
2016-07-29,167.64
2016-08-01,168.55
2016-08-02,166.73
2016-08-03,167.28
2016-08-04,166.98
2016-08-05,166.69
2016-08-08,165.74
2016-08-09,165.83
2016-08-10,165.48
2016-08-11,164.85
2016-08-12,164.51
2016-08-16,165.55
2016-08-17,165.91
2016-08-18,167.26
2016-08-19,168.7
2016-08-22,169.57
2016-08-23,171.15
2016-08-24,169.74
2016-08-25,169.72
2016-08-26,169.61
2016-08-29,167.55
2016-08-30,169.11
2016-08-31,167.49
2016-09-01,167.54
2016-09-02,168.39
2016-09-05,167.6
2016-09-06,166.02
2016-09-07,166.97
2016-09-08,165.08
2016-09-09,165.51
2016-09-12,165.96
2016-09-13,167.67
2016-09-19,166.62
2016-09-20,168.05
2016-09-21,167.52
2016-09-22,167.63
2016-09-23,165.87
2016-09-26,166.41
2016-09-27,167.13
2016-09-28,166.11
2016-09-29,164.95
2016-09-30,165.08
2016-10-04,166.02
2016-10-05,166.39
2016-10-06,167.75
2016-10-07,166.45
2016-10-10,167.9
2016-10-11,166.35
2016-10-12,166.08
2016-10-13,166.29
2016-10-14,168.0
2016-10-17,167.06
2016-10-18,168.6
2016-10-19,167.04
2016-10-20,165.64
2016-10-21,165.08
2016-10-24,165.92
2016-10-25,165.81
2016-10-26,166.41
2016-10-27,166.07
2016-10-28,167.04
2016-10-31,169.03
2016-11-01,168.84
2016-11-02,169.69
2016-11-03,171.3
2016-11-04,170.23
2016-11-07,170.39
2016-11-08,169.47
2016-11-09,168.23
2016-11-10,168.05
2016-11-11,168.38
2016-11-14,169.57
2016-11-15,168.86
2016-11-16,168.42
2016-11-17,167.83
2016-11-18,167.73
2016-11-21,168.22
2016-11-22,169.06
2016-11-23,167.94
2016-11-24,166.56
2016-11-25,167.84
2016-11-28,167.96
2016-11-29,166.97
2016-11-30,167.25
2016-12-01,166.35
2016-12-02,168.03
2016-12-05,165.79
2016-12-06,169.76
2016-12-07,168.54
2016-12-08,169.11
2016-12-09,165.41
2016-12-12,165.36
2016-12-13,167.42
2016-12-14,166.57
2016-12-15,165.2
2016-12-16,165.44
2016-12-19,166.37
2016-12-20,165.98
2016-12-21,166.54
2016-12-22,167.5
2016-12-23,168.16
2016-12-26,169.21
2016-12-27,168.67
2016-12-28,169.57
2016-12-29,169.26
2016-12-30,170.52
2017-01-02,171.06
2017-01-03,169.98
2017-01-04,169.03
2017-01-05,170.24
2017-01-06,170.05
2017-01-09,168.43
2017-01-10,171.7
2017-01-11,170.18
2017-01-12,170.31
2017-01-13,168.83
2017-01-16,168.43
2017-01-17,168.28
2017-01-18,170.12
2017-01-19,166.7
2017-01-20,168.72
2017-01-23,168.84
2017-01-24,168.98
2017-01-25,167.95
2017-01-26,168.59
2017-01-31,166.65
2017-02-01,169.34
2017-02-02,167.23
2017-02-03,166.28
2017-02-06,166.28
2017-02-07,164.45
2017-02-08,164.08
2017-02-09,164.77
2017-02-10,164.22
2017-02-13,164.6
2017-02-14,164.1
2017-02-15,162.78
2017-02-16,162.74
2017-02-17,163.51
2017-02-20,163.61
2017-02-21,163.86
2017-02-22,162.56
2017-02-23,162.01
2017-02-24,162.12
2017-02-27,160.66
2017-02-28,161.24
2017-03-02,160.59
2017-03-03,161.41
2017-03-06,164.65
2017-03-07,164.54
2017-03-08,163.64
2017-03-09,162.62
2017-03-10,164.41
2017-03-13,166.43
2017-03-14,164.41
2017-03-15,163.74
2017-03-16,165.56
2017-03-17,163.98
2017-03-20,163.47
2017-03-21,162.35
2017-03-22,162.47
2017-03-23,163.07
2017-03-24,162.35
2017-03-27,163.74
2017-03-28,162.7
2017-03-29,161.63
2017-03-30,161.11
2017-03-31,160.34
2017-04-03,160.59
2017-04-04,159.75
2017-04-05,160.68
2017-04-06,161.35
2017-04-07,161.9
2017-04-10,161.39
2017-04-11,162.73
2017-04-12,163.4
2017-04-13,164.22
2017-04-14,161.5
2017-04-17,162.38
2017-04-18,162.55
2017-04-19,164.14
2017-04-20,164.15
2017-04-21,164.45
2017-04-24,166.19
2017-04-25,165.31
2017-04-26,165.99
2017-04-27,164.94
2017-04-28,165.11
2017-05-02,166.28
2017-05-04,165.55
2017-05-08,167.33
2017-05-10,165.61
2017-05-11,165.73
2017-05-12,165.09
2017-05-15,165.48
2017-05-16,166.13
2017-05-17,166.76
2017-05-18,167.82
2017-05-19,168.02
2017-05-22,169.8
2017-05-23,168.66
2017-05-24,168.42
2017-05-25,169.87
2017-05-26,168.39
2017-05-29,168.23
2017-05-30,167.72
2017-05-31,168.77
2017-06-01,169.56
2017-06-02,168.94
2017-06-05,169.93
2017-06-07,169.59
2017-06-08,169.89
2017-06-09,169.39
2017-06-12,168.95
2017-06-13,169.61
2017-06-14,170.16
2017-06-15,169.74
2017-06-16,168.34
2017-06-19,170.69
2017-06-20,169.6
2017-06-21,170.21
2017-06-22,171.48
2017-06-23,170.98
2017-06-26,171.67
2017-06-27,170.69
2017-06-28,173.35
2017-06-29,174.66
2017-06-30,175.36
2017-07-03,175.75
2017-07-04,175.07
2017-07-05,175.44
2017-07-06,175.41
2017-07-07,177.15
2017-07-10,177.2
2017-07-11,176.24
2017-07-12,177.41
2017-07-13,175.82
2017-07-14,174.32
2017-07-17,175.25
2017-07-18,174.14
2017-07-19,174.92
2017-07-20,173.93
2017-07-21,175.9
2017-07-24,176.03
2017-07-25,174.71
2017-07-26,174.79
2017-07-27,176.68
2017-07-28,174.78
2017-07-31,176.93
2017-08-01,178.39
2017-08-02,177.53
2017-08-03,178.96
2017-08-04,180.06
2017-08-07,178.35
2017-08-08,178.75
2017-08-09,177.9
2017-08-10,179.38
2017-08-11,180.5
2017-08-14,182.21
2017-08-16,179.67
2017-08-17,180.43
2017-08-18,179.15
2017-08-21,180.47
2017-08-22,180.72
2017-08-23,179.62
2017-08-24,179.66
2017-08-25,178.86
2017-08-28,181.39
2017-08-29,180.16
2017-08-30,181.24
2017-08-31,179.54
2017-09-01,180.32
2017-09-04,179.38
2017-09-05,181.01
2017-09-06,181.3
2017-09-07,181.72
2017-09-08,182.54
2017-09-11,182.0
2017-09-12,181.64
2017-09-13,181.73
2017-09-14,180.22
2017-09-15,181.43
2017-09-18,181.95
2017-09-19,181.23
2017-09-20,182.16
2017-09-21,180.37
2017-09-22,181.78
2017-09-25,182.08
2017-09-26,180.13
2017-09-27,180.04
2017-09-28,179.83
2017-09-29,181.51
2017-10-10,180.76
2017-10-11,180.62
2017-10-12,180.9
2017-10-13,180.12
2017-10-16,179.36
2017-10-17,178.51
2017-10-18,178.89
2017-10-19,179.12
2017-10-20,180.25
2017-10-23,178.89
2017-10-24,178.67
2017-10-25,178.33
2017-10-26,179.13
2017-10-27,175.83
2017-10-30,176.25
2017-10-31,176.05
2017-11-01,175.5
2017-11-02,174.39
2017-11-03,174.35
2017-11-06,173.62
2017-11-07,174.21
2017-11-08,173.17
2017-11-09,173.55
2017-11-10,174.36
2017-11-13,175.04
2017-11-14,175.71
2017-11-15,177.33
2017-11-16,176.33
2017-11-17,174.66
2017-11-20,173.11
2017-11-21,173.29
2017-11-22,173.06
2017-11-23,173.38
2017-11-24,173.22
2017-11-27,173.92
2017-11-28,173.95
2017-11-29,173.23
2017-11-30,172.3
2017-12-01,173.47
2017-12-04,173.44
2017-12-05,173.57
2017-12-06,172.34
2017-12-07,173.21
2017-12-08,172.89
2017-12-11,172.92
2017-12-12,172.82
2017-12-13,171.92
2017-12-14,173.47
2017-12-15,171.79
2017-12-18,171.85
2017-12-19,172.42
2017-12-20,172.91
2017-12-21,172.72
2017-12-22,172.27
2017-12-26,172.08
2017-12-27,171.53
2017-12-28,171.83
2017-12-29,171.82
2018-01-02,172.87
2018-01-03,172.46
2018-01-04,171.89
2018-01-05,172.74
2018-01-08,171.68
2018-01-09,171.19
2018-01-10,171.02
2018-01-11,171.84
2018-01-12,173.08
2018-01-15,174.38
2018-01-16,174.75
2018-01-17,175.15
2018-01-18,174.29
2018-01-19,175.85
2018-01-22,175.73
2018-01-23,176.03
2018-01-24,176.69
2018-01-25,178.29
2018-01-26,176.63
2018-01-29,177.65
2018-01-30,177.17
2018-01-31,178.58
2018-02-01,178.68
2018-02-02,179.95
2018-02-05,179.8
2018-02-06,181.18
2018-02-07,182.03
2018-02-08,178.4
2018-02-09,179.01
2018-02-12,179.79
2018-02-13,178.88
2018-02-14,179.48
2018-02-19,180.07
2018-02-20,177.92
2018-02-21,177.28
2018-02-22,177.3
2018-02-23,179.36
2018-02-26,178.08
2018-02-27,177.53
2018-02-28,175.98
2018-03-02,178.22
2018-03-05,179.12
2018-03-06,178.96
2018-03-07,179.31
2018-03-08,178.0
2018-03-09,176.64
2018-03-12,176.72
2018-03-13,176.23
2018-03-14,177.33
2018-03-15,176.97
2018-03-16,176.09
2018-03-19,176.4
2018-03-20,177.41
2018-03-21,176.07
2018-03-22,177.59
2018-03-23,176.86
2018-03-26,179.43
2018-03-27,180.86
2018-03-28,178.56
2018-03-29,176.65
2018-03-30,176.0
2018-04-02,175.89
2018-04-03,174.76
2018-04-04,174.22
2018-04-05,174.4
2018-04-06,174.22
2018-04-09,175.7
2018-04-10,176.65
2018-04-11,177.2
2018-04-12,177.16
2018-04-13,176.92
2018-04-16,177.15
2018-04-17,178.39
2018-04-18,177.47
2018-04-19,177.32
2018-04-20,176.3
2018-04-23,175.99
2018-04-24,175.22
2018-04-25,176.89
2018-04-26,176.19
2018-04-27,175.41
2018-04-30,175.09
2018-05-02,171.78
2018-05-03,172.47
2018-05-04,173.2
2018-05-08,172.37
2018-05-09,171.71
2018-05-10,172.07
2018-05-11,172.01
2018-05-14,171.37
2018-05-15,170.83
2018-05-16,170.28
2018-05-17,171.2
2018-05-18,170.95
2018-05-21,170.67
2018-05-23,171.45
2018-05-24,169.53
2018-05-25,169.87
2018-05-28,169.27
2018-05-29,167.56
2018-05-30,166.92
2018-05-31,169.49
2018-06-01,169.19
2018-06-04,168.62
2018-06-05,168.29
2018-06-07,169.24
2018-06-08,169.13
2018-06-11,169.65
2018-06-12,169.71
2018-06-14,170.24
2018-06-15,168.28
2018-06-18,169.86
2018-06-19,172.28
2018-06-20,171.89
2018-06-21,172.12
2018-06-22,172.73
2018-06-25,173.6
2018-06-26,175.28
2018-06-27,174.38
2018-06-28,173.44
2018-06-29,174.03
2018-07-02,175.12
2018-07-03,174.59
2018-07-04,175.39
2018-07-05,174.51
2018-07-06,175.44
2018-07-09,176.18
2018-07-10,175.34
2018-07-11,175.38
2018-07-12,175.56
2018-07-13,176.38
2018-07-16,176.04
2018-07-17,177.33
2018-07-18,175.92
2018-07-19,176.35
2018-07-20,176.76
2018-07-23,178.79
2018-07-24,177.07
2018-07-25,178.02
2018-07-26,177.52
2018-07-27,174.9
2018-07-30,175.31
2018-07-31,175.53
2018-08-01,175.37
2018-08-02,175.19
2018-08-03,174.57
2018-08-06,175.05
2018-08-07,174.25
2018-08-08,175.2
2018-08-09,174.26
2018-08-10,172.71
2018-08-13,172.29
2018-08-14,173.48
2018-08-16,172.27
2018-08-17,172.47
2018-08-20,172.63
2018-08-21,172.82
2018-08-22,173.54
2018-08-23,173.93
2018-08-24,173.4
2018-08-27,174.95
2018-08-28,174.52
2018-08-29,174.08
2018-08-30,174.07
2018-08-31,173.43
2018-09-03,173.21
2018-09-04,173.53
2018-09-05,173.13
2018-09-06,174.38
2018-09-07,174.8
2018-09-10,174.02
2018-09-11,175.38
2018-09-12,175.27
2018-09-13,175.74
2018-09-14,175.71
2018-09-17,174.42
2018-09-18,176.21
2018-09-19,176.31
2018-09-20,175.67
2018-09-21,176.89
2018-09-27,175.91
2018-09-28,173.62
2018-10-01,172.78
2018-10-02,172.48
2018-10-04,171.93
2018-10-05,174.26
2018-10-08,174.69
2018-10-10,174.39
2018-10-11,175.1
2018-10-12,177.51
2018-10-15,175.48
2018-10-16,175.96
2018-10-17,175.03
2018-10-18,173.44
2018-10-19,173.93
2018-10-22,175.03
2018-10-23,173.79
2018-10-24,174.63
2018-10-25,172.97
2018-10-26,173.57
2018-10-29,174.33
2018-10-30,173.55
2018-10-31,173.42
2018-11-01,172.84
2018-11-02,174.09
2018-11-05,171.94
2018-11-06,171.71
2018-11-07,171.89
2018-11-08,171.75
2018-11-09,170.4
2018-11-12,170.87
2018-11-13,170.34
2018-11-14,172.15
2018-11-15,171.72
2018-11-16,171.5
2018-11-19,172.68
2018-11-20,173.04
2018-11-21,171.82
2018-11-22,172.63
2018-11-23,172.52
2018-11-26,171.75
2018-11-27,171.58
2018-11-28,171.02
2018-11-29,171.98
2018-11-30,171.22
2018-12-03,170.08
2018-12-04,169.47
2018-12-05,168.68
2018-12-06,169.33
2018-12-07,170.39
2018-12-10,170.79
2018-12-11,171.09
2018-12-12,171.31
2018-12-13,171.85
2018-12-14,171.04
2018-12-17,171.01
2018-12-18,171.99
2018-12-19,172.07
2018-12-20,171.59
2018-12-21,173.17
2018-12-24,171.15
2018-12-26,171.98
2018-12-27,171.26
2018-12-28,171.69
2018-12-31,171.31
2019-01-02,171.71
2019-01-03,170.04
2019-01-04,172.04
2019-01-07,171.93
2019-01-08,171.83
2019-01-09,171.93
2019-01-10,173.5
2019-01-11,172.37
2019-01-14,171.69
2019-01-15,172.34
2019-01-16,171.21
2019-01-17,171.31
2019-01-18,171.11
2019-01-21,170.73
2019-01-22,171.56
2019-01-23,172.0
2019-01-24,171.99
2019-01-25,170.76
2019-01-28,171.96
2019-01-29,170.97
2019-01-30,171.21
2019-01-31,171.87
2019-02-01,170.45
2019-02-07,170.08
2019-02-08,170.71
2019-02-11,170.55
2019-02-12,169.91
2019-02-13,170.79
2019-02-14,169.26
2019-02-15,170.34
2019-02-18,170.63
2019-02-19,170.52
2019-02-20,171.32
2019-02-21,170.65
2019-02-22,170.82
2019-02-25,171.03
2019-02-26,170.63
2019-02-27,170.73
2019-02-28,170.42
2019-03-04,170.77
2019-03-05,170.94
2019-03-06,170.56
2019-03-07,170.95
2019-03-08,169.33
2019-03-11,170.8
2019-03-12,171.34
2019-03-13,170.81
2019-03-14,171.92
2019-03-15,171.62
2019-03-18,172.38
2019-03-19,172.22
2019-03-20,172.07
2019-03-21,173.07
2019-03-22,171.6
2019-03-25,171.01
2019-03-26,172.05
2019-03-27,170.97
2019-03-28,170.96
2019-03-29,171.12
2019-04-01,170.81
2019-04-02,170.02
2019-04-03,170.48
2019-04-04,170.96
2019-04-05,170.71
2019-04-08,170.77
2019-04-09,172.1
2019-04-10,172.45
2019-04-11,172.37
2019-04-12,171.83
2019-04-15,172.71
2019-04-16,171.76
2019-04-17,171.65
2019-04-18,171.93
2019-04-19,171.0
2019-04-22,171.23
2019-04-23,172.04
2019-04-24,171.51
2019-04-25,171.35
2019-04-26,172.85
2019-04-29,173.21
2019-04-30,173.51
2019-05-02,174.62
2019-05-03,174.21
2019-05-07,175.45
2019-05-08,175.37
2019-05-09,175.48
2019-05-10,176.67
2019-05-13,177.3
2019-05-14,177.95
2019-05-15,178.15
2019-05-16,178.48
2019-05-17,178.01
2019-05-20,178.28
2019-05-21,178.37
2019-05-22,178.38
2019-05-23,178.46
2019-05-24,178.39
2019-05-27,178.57
2019-05-28,177.5
2019-05-29,177.59
2019-05-30,177.92
2019-05-31,177.4
2019-06-03,178.22
2019-06-04,178.16
2019-06-05,178.03
2019-06-07,178.19
2019-06-10,178.74
2019-06-11,179.38
2019-06-12,179.23
2019-06-13,178.7
2019-06-14,178.94
2019-06-17,177.82
2019-06-18,178.27
2019-06-19,177.66
2019-06-20,177.13
2019-06-21,176.59
2019-06-24,176.99
2019-06-25,176.78
2019-06-26,175.84
2019-06-27,176.46
2019-06-28,176.19
2019-07-01,176.12
2019-07-02,174.73
2019-07-03,176.18
2019-07-04,177.02
2019-07-05,176.81
2019-07-08,176.1
2019-07-09,177.14
2019-07-10,177.12
2019-07-11,178.15
2019-07-12,176.94
2019-07-15,177.71
2019-07-16,177.84
2019-07-17,176.93
2019-07-18,177.48
2019-07-19,177.8
2019-07-22,176.32
2019-07-23,176.78
2019-07-24,176.01
2019-07-25,175.83
2019-07-26,176.11
2019-07-29,176.54
2019-07-30,176.63
2019-07-31,176.61
2019-08-01,175.31
2019-08-02,176.36
2019-08-05,177.76
2019-08-06,182.36
2019-08-07,182.22
2019-08-08,182.33
2019-08-09,181.59
2019-08-12,181.59
2019-08-13,182.67
2019-08-14,182.49
2019-08-16,180.49
2019-08-19,180.5
2019-08-20,179.93
2019-08-21,180.15
2019-08-22,179.1
2019-08-23,179.12
2019-08-26,181.21
2019-08-27,181.32
2019-08-28,180.43
2019-08-29,180.41
2019-08-30,180.23
2019-09-02,178.32
2019-09-03,178.22
2019-09-04,178.77
2019-09-05,178.98
2019-09-06,177.45
2019-09-09,176.82
2019-09-10,176.62
2019-09-11,176.5
2019-09-16,176.79
2019-09-17,174.48
2019-09-18,176.16
2019-09-19,175.81
2019-09-20,176.77
2019-09-23,175.74
2019-09-24,175.68
2019-09-25,176.25
2019-09-26,175.74
2019-09-27,175.34
2019-09-30,176.07
2019-10-01,175.04
2019-10-02,175.42
2019-10-04,176.9
2019-10-07,176.05
2019-10-08,175.75
2019-10-10,175.76
2019-10-11,176.29
2019-10-14,175.65
2019-10-15,174.77
2019-10-16,174.88
2019-10-17,175.97
2019-10-18,176.69
2019-10-21,176.31
2019-10-22,175.41
2019-10-23,174.49
2019-10-24,174.91
2019-10-25,174.03
2019-10-28,174.21
2019-10-29,173.75
2019-10-30,173.53
2019-10-31,174.43
2019-11-01,173.4
2019-11-04,174.48
2019-11-05,172.81
2019-11-06,171.93
2019-11-07,171.5
2019-11-08,171.63
2019-11-11,170.51
2019-11-12,171.48
2019-11-13,171.47
2019-11-14,172.02
2019-11-15,172.64
2019-11-18,172.51
2019-11-19,172.56
2019-11-20,173.24
2019-11-21,173.45
2019-11-22,174.16
2019-11-25,173.71
2019-11-26,173.36
2019-11-27,173.26
2019-11-28,173.21
2019-11-29,173.8
2019-12-02,174.06
2019-12-03,174.99
2019-12-04,175.93
2019-12-05,177.02
2019-12-06,176.91
2019-12-09,176.09
2019-12-10,176.09
2019-12-11,176.95
2019-12-12,177.76
2019-12-13,177.93
2019-12-16,174.47
2019-12-17,174.82
2019-12-18,174.12
2019-12-19,173.36
2019-12-20,173.38
2019-12-23,172.4
2019-12-24,172.4
2019-12-26,172.73
2019-12-27,172.6
2019-12-30,173.77
2019-12-31,173.58
2020-01-02,173.88
2020-01-03,172.98
2020-01-06,173.69
2020-01-07,175.23
2020-01-08,173.88
2020-01-09,174.53
2020-01-10,172.41
2020-01-13,172.72
2020-01-14,172.21
2020-01-15,171.7
2020-01-16,172.91
